8510 - POSTO NOVA TRABALHADORES | REDE ESA
Transacao;Data;Cliente;CNPJ Cliente;CNPJ Posto;Estabelecimento;Placa;Hodometro/Horimetro;Litragem;Servico;Combustivel;Valor Total;Preco Litro;Preco Negociado;Lote;Data vinculacao;NF-e;Serie;Chave NF-e;Observacao
22976729;27/06/2026 01:25;TRANSPORTES GRITSCH;90.739.624/0003-80;05.911.517/0001-56;POSTO NOVA TRABALHADORES | REDE ESA;BDD3B71;194038;128,641;ABASTECIMENTO;Diesel S10;912,06;R$ 7,09;R$ 7,090;2846160;30/06/2026 14:03;31884;003;35260605911517000156550030000318841830271618;
22976735;27/06/2026 01:29;TRANSPORTES GRITSCH;90.739.624/0003-80;05.911.517/0001-56;POSTO NOVA TRABALHADORES | REDE ESA;BDD3B71;194038;17,972;ABASTECIMENTO;Arla 32;57,33;R$ 3,19;R$ 3,190;2846160;30/06/2026 14:03;31885;003;35260605911517000156550030000318851777878174;
;;;;;;;;;;;TOTAL POSTO: 969,39;;;;;;;;

2859 - SIM REDE - PORTAO HOFF 0176-61 - METROPOLITANA / SERRA
Transacao;Data;Cliente;CNPJ Cliente;CNPJ Posto;Estabelecimento;Placa;Hodometro/Horimetro;Litragem;Servico;Combustivel;Valor Total;Preco Litro;Preco Negociado;Lote;Data vinculacao;NF-e;Serie;Chave NF-e;Observacao
22977173;27/06/2026 02:30;TRANSPORTES GRITSCH;90.739.624/0023-23;07.473.735/0176-61;SIM REDE - PORTAO HOFF 0176-61 - METROPOLITANA / SERRA;RHF9G22;364409;88,520;ABASTECIMENTO;Diesel S10;537,31;R$ 6,07;R$ 6,170;2846160;27/06/2026 02:31;82576;008;43260607473735017661550080000825761018633726;
23075102;30/06/2026 00:27;TRANSPORTES GRITSCH;90.739.624/0023-23;07.473.735/0176-61;SIM REDE - PORTAO HOFF 0176-61 - METROPOLITANA / SERRA;RHT2G09;191244;101,000;ABASTECIMENTO;Diesel S10;613,07;R$ 6,07;R$ 6,170;2846160;07/07/2026 13:46;82737;008;43260607473735017661550080000827371018656400;
23082858;30/06/2026 05:25;TRANSPORTES GRITSCH;90.739.624/0023-23;07.473.735/0176-61;SIM REDE - PORTAO HOFF 0176-61 - METROPOLITANA / SERRA;RHF9G22;364909;94,170;ABASTECIMENTO;Diesel S10;571,61;R$ 6,07;R$ 6,170;2846160;07/07/2026 13:46;82747;008;43260607473735017661550080000827471018657152;
23172238;02/07/2026 05:35;TRANSPORTES GRITSCH;90.739.624/0023-23;07.473.735/0176-61;SIM REDE - PORTAO HOFF 0176-61 - METROPOLITANA / SERRA;RHF9G22;365458;98,830;ABASTECIMENTO;Diesel S10;599,89;R$ 6,07;R$ 6,170;2846160;22/07/2026 10:57;83056;008;43260707473735017661550080000830561018679813;
;;;;;;;;;;;TOTAL POSTO: 2321,88;;;;;;;;

12394 - REDE DINO - POSTO CRUZEIRO DO SUL
Transacao;Data;Cliente;CNPJ Cliente;CNPJ Posto;Estabelecimento;Placa;Hodometro/Horimetro;Litragem;Servico;Combustivel;Valor Total;Preco Litro;Preco Negociado;Lote;Data vinculacao;NF-e;Serie;Chave NF-e;Observacao
22977504;27/06/2026 03:07;TRANSPORTES GRITSCH;90.739.624/0034-86;50.128.357/0001-28;REDE DINO - POSTO CRUZEIRO DO SUL;UBK4B54;31020;53,841;ABASTECIMENTO;Diesel S10;376,34;R$ 6,99;R$ 6,990;2846160;27/06/2026 03:10;137211;005;51260650128357000128550050001372111019448912;
22992426;27/06/2026 12:38;TRANSPORTES GRITSCH;90.739.624/0034-86;50.128.357/0001-28;REDE DINO - POSTO CRUZEIRO DO SUL;TBQ1G10;80322;40,720;ABASTECIMENTO;Diesel S10;284,63;R$ 6,99;R$ 6,990;2846160;27/06/2026 12:45;137274;005;51260650128357000128550050001372741019455030;
23074582;29/06/2026 23:02;TRANSPORTES GRITSCH;90.739.624/0034-86;50.128.357/0001-28;REDE DINO - POSTO CRUZEIRO DO SUL;SFD5C34;264566;49,810;ABASTECIMENTO;Diesel S10;348,17;R$ 6,99;R$ 6,990;2846160;29/06/2026 23:10;137590;005;51260650128357000128550050001375901019496682;
23121180;01/07/2026 01:57;TRANSPORTES GRITSCH;90.739.624/0034-86;50.128.357/0001-28;REDE DINO - POSTO CRUZEIRO DO SUL;UBK4B54;32007;55,260;ABASTECIMENTO;Diesel S10;386,26;R$ 6,99;R$ 6,990;2846160;01/07/2026 02:02;137802;005;51260750128357000128550050001378021019514491;
23146342;01/07/2026 15:59;TRANSPORTES GRITSCH;90.739.624/0034-86;50.128.357/0001-28;REDE DINO - POSTO CRUZEIRO DO SUL;RHK5H89;88098;54,310;ABASTECIMENTO;Alcool Comum;205,83;R$ 3,79;-;2846160;01/07/2026 16:10;137965;005;51260750128357000128550050001379651019523984;
23167263;02/07/2026 02:30;TRANSPORTES GRITSCH;90.739.624/0034-86;50.128.357/0001-28;REDE DINO - POSTO CRUZEIRO DO SUL;SFD5C32;247174;52,700;ABASTECIMENTO;Diesel S10;368,37;R$ 6,99;R$ 6,990;2846160;02/07/2026 02:36;138038;005;51260750128357000128550050001380381019532841;
23183398;02/07/2026 11:46;TRANSPORTES GRITSCH;90.739.624/0034-86;50.128.357/0001-28;REDE DINO - POSTO CRUZEIRO DO SUL;TBQ1G10;80900;84,181;ABASTECIMENTO;Diesel S10;588,42;R$ 6,99;R$ 6,990;2846160;02/07/2026 11:50;138137;005;51260750128357000128550050001381371019538341;
23212671;03/07/2026 02:11;TRANSPORTES GRITSCH;90.739.624/0034-86;50.128.357/0001-28;REDE DINO - POSTO CRUZEIRO DO SUL;UBK4B54;32984;63,270;ABASTECIMENTO;Diesel S10;441,62;R$ 6,98;R$ 6,990;2846160;08/07/2026 14:58;1880;008;51260750128357000128550080000018801299202759;
;;;;;;;;;;;TOTAL POSTO: 2999,64;;;;;;;;

3874 - POSTO ESTANCIA CHAPADAO
Transacao;Data;Cliente;CNPJ Cliente;CNPJ Posto;Estabelecimento;Placa;Hodometro/Horimetro;Litragem;Servico;Combustivel;Valor Total;Preco Litro;Preco Negociado;Lote;Data vinculacao;NF-e;Serie;Chave NF-e;Observacao
22978297;27/06/2026 04:13;TRANSPORTES GRITSCH;90.739.624/0011-90;26.416.003/0001-02;POSTO ESTANCIA CHAPADAO;SFD5C35;290053;63,240;ABASTECIMENTO;Diesel S10;435,72;R$ 6,89;R$ 6,890;2846160;01/07/2026 09:35;46505;002;50260626416003000102550020000465051350685155;
23122519;01/07/2026 03:31;TRANSPORTES GRITSCH;90.739.624/0011-90;26.416.003/0001-02;POSTO ESTANCIA CHAPADAO;SFD5C35;292225;55,090;ABASTECIMENTO;Diesel S10;379,57;R$ 6,89;R$ 6,890;2846160;06/07/2026 17:19;46775;002;50260726416003000102550020000467751878284951;
23212346;03/07/2026 01:46;TRANSPORTES GRITSCH;90.739.624/0011-90;26.416.003/0001-02;POSTO ESTANCIA CHAPADAO;SFD5C35;294396;57,020;ABASTECIMENTO;Diesel S10;381,46;R$ 6,69;R$ 6,690;2846160;06/07/2026 17:19;46777;002;50260726416003000102550020000467771350515342;
23251452;03/07/2026 22:06;TRANSPORTES GRITSCH;90.739.624/0011-90;26.416.003/0001-02;POSTO ESTANCIA CHAPADAO;SFD5C31;249991;51,150;ABASTECIMENTO;Diesel S10;342,19;R$ 6,69;R$ 6,690;2846160;06/07/2026 17:19;46688;002;50260726416003000102550020000466881857938980;
;;;;;;;;;;;TOTAL POSTO: 1538,94;;;;;;;;

220 - REDE MARAJO - MARAJO CENTRALINA
Transacao;Data;Cliente;CNPJ Cliente;CNPJ Posto;Estabelecimento;Placa;Hodometro/Horimetro;Litragem;Servico;Combustivel;Valor Total;Preco Litro;Preco Negociado;Lote;Data vinculacao;NF-e;Serie;Chave NF-e;Observacao
22979888;27/06/2026 05:00;TRANSPORTES GRITSCH;90.739.624/0001-18;24.187.119/0001-83;REDE MARAJO - MARAJO CENTRALINA;TAS4H09;91816;47,480;ABASTECIMENTO;Diesel S10;327,14;R$ 6,89;R$ 8,290;2846160;27/06/2026 22:01;304292;054;31260624187119000183550540003042921436038388;
23079514;30/06/2026 04:28;TRANSPORTES GRITSCH;90.739.624/0001-18;24.187.119/0001-83;REDE MARAJO - MARAJO CENTRALINA;TBK1J24;133268;51,910;ABASTECIMENTO;Diesel S10;352,47;R$ 6,79;R$ 8,290;2846160;30/06/2026 22:01;304767;054;31260624187119000183550540003047671470366273;
23122781;01/07/2026 04:00;TRANSPORTES GRITSCH;90.739.624/0001-18;24.187.119/0001-83;REDE MARAJO - MARAJO CENTRALINA;UBC1A56;66561;44,021;ABASTECIMENTO;Diesel S10;303,30;R$ 6,89;R$ 8,290;2846160;01/07/2026 09:36;304946;054;31260724187119000183550540003049461750455459;
23168222;02/07/2026 04:02;TRANSPORTES GRITSCH;90.739.624/0001-18;24.187.119/0001-83;REDE MARAJO - MARAJO CENTRALINA;TAS4H09;93980;45,360;ABASTECIMENTO;Diesel S10;307,99;R$ 6,79;R$ 8,290;2846160;02/07/2026 22:00;305170;054;31260724187119000183550540003051701129424340;
23213962;03/07/2026 04:13;TRANSPORTES GRITSCH;90.739.624/0001-18;24.187.119/0001-83;REDE MARAJO - MARAJO CENTRALINA;TBK1J24;135512;46,040;ABASTECIMENTO;Diesel S10;317,22;R$ 6,89;R$ 8,290;2846160;03/07/2026 22:00;305372;054;31260724187119000183550540003053721843945504;
;;;;;;;;;;;TOTAL POSTO: 1608,12;;;;;;;;

3230 - POSTO 10 GOIANIA | REDE CARRETEIRO
Transacao;Data;Cliente;CNPJ Cliente;CNPJ Posto;Estabelecimento;Placa;Hodometro/Horimetro;Litragem;Servico;Combustivel;Valor Total;Preco Litro;Preco Negociado;Lote;Data vinculacao;NF-e;Serie;Chave NF-e;Observacao
22984492;27/06/2026 08:17;TRANSPORTES GRITSCH;90.739.624/0019-47;01.272.434/0010-02;POSTO 10 GOIANIA | REDE CARRETEIRO;SFD2H32;282713;34,581;ABASTECIMENTO;Gasolina Comum;231,69;R$ 6,70;R$ 6,700;2846160;27/06/2026 08:20;79144;002;52260601272434001002550020000791441085563897;
23050418;29/06/2026 08:21;TRANSPORTES GRITSCH;90.739.624/0019-47;01.272.434/0010-02;POSTO 10 GOIANIA | REDE CARRETEIRO;SEG5A93;218054;29,990;ABASTECIMENTO;Gasolina Comum;200,93;R$ 6,70;R$ 6,700;2846160;29/06/2026 08:27;79185;002;52260601272434001002550020000791851283543380;
23050640;29/06/2026 08:31;TRANSPORTES GRITSCH;90.739.624/0019-47;01.272.434/0010-02;POSTO 10 GOIANIA | REDE CARRETEIRO;SDU9F64;197842;39,040;ABASTECIMENTO;Gasolina Comum;261,56;R$ 6,70;R$ 6,700;2846160;29/06/2026 08:35;79187;002;52260601272434001002550020000791871510325146;
23058148;29/06/2026 13:11;TRANSPORTES GRITSCH;90.739.624/0019-47;01.272.434/0010-02;POSTO 10 GOIANIA | REDE CARRETEIRO;SFD5C37;266846;36,981;ABASTECIMENTO;Diesel S10;244,81;R$ 6,62;R$ 6,620;2846160;29/06/2026 13:15;79210;002;52260601272434001002550020000792101229539960;
23061231;29/06/2026 14:50;TRANSPORTES GRITSCH;90.739.624/0019-47;01.272.434/0010-02;POSTO 10 GOIANIA | REDE CARRETEIRO;RHV8B69;344290;36,831;ABASTECIMENTO;Gasolina Comum;246,76;R$ 6,70;R$ 6,700;2846160;29/06/2026 14:55;79212;002;52260601272434001002550020000792121869978111;
23062021;29/06/2026 15:12;TRANSPORTES GRITSCH;90.739.624/0019-47;01.272.434/0010-02;POSTO 10 GOIANIA | REDE CARRETEIRO;SEC1E87;243056;26,311;ABASTECIMENTO;Gasolina Comum;176,28;R$ 6,70;R$ 6,700;2846160;29/06/2026 15:15;79213;002;52260601272434001002550020000792131196991209;
23062570;29/06/2026 15:29;TRANSPORTES GRITSCH;90.739.624/0019-47;01.272.434/0010-02;POSTO 10 GOIANIA | REDE CARRETEIRO;TBE5I62;141620;50,030;ABASTECIMENTO;Gasolina Comum;335,20;R$ 6,70;R$ 6,700;2846160;29/06/2026 15:35;79215;002;52260601272434001002550020000792151590501678;
23062922;29/06/2026 15:40;TRANSPORTES GRITSCH;90.739.624/0019-47;01.272.434/0010-02;POSTO 10 GOIANIA | REDE CARRETEIRO;SDT4A77;134991;39,240;ABASTECIMENTO;Gasolina Comum;262,90;R$ 6,70;R$ 6,700;2846160;29/06/2026 15:45;79216;002;52260601272434001002550020000792161536888230;
23064471;29/06/2026 16:31;TRANSPORTES GRITSCH;90.739.624/0019-47;01.272.434/0010-02;POSTO 10 GOIANIA | REDE CARRETEIRO;TBJ8E28;46479;31,160;ABASTECIMENTO;Gasolina Comum;208,77;R$ 6,70;R$ 6,700;2846160;29/06/2026 16:35;79218;002;52260601272434001002550020000792181772728076;
23066941;29/06/2026 18:19;TRANSPORTES GRITSCH;90.739.624/0019-47;01.272.434/0010-02;POSTO 10 GOIANIA | REDE CARRETEIRO;TBQ1G08;139004;83,881;ABASTECIMENTO;Diesel S10;555,29;R$ 6,62;R$ 6,620;2846160;29/06/2026 18:20;79221;002;52260601272434001002550020000792211574420070;
23067735;29/06/2026 18:58;TRANSPORTES GRITSCH;90.739.624/0019-47;01.272.434/0010-02;POSTO 10 GOIANIA | REDE CARRETEIRO;SFD5C36;314577;45,841;ABASTECIMENTO;Diesel S10;303,46;R$ 6,62;R$ 6,620;2846160;29/06/2026 19:01;79222;002;52260601272434001002550020000792221826928232;
23084003;30/06/2026 06:55;TRANSPORTES GRITSCH;90.739.624/0019-47;01.272.434/0010-02;POSTO 10 GOIANIA | REDE CARRETEIRO;TBE5I64;125558;29,801;ABASTECIMENTO;Gasolina Comum;199,66;R$ 6,70;R$ 6,700;2846160;30/06/2026 07:02;79228;002;52260601272434001002550020000792281701355346;
23084131;30/06/2026 07:04;TRANSPORTES GRITSCH;90.739.624/0019-47;01.272.434/0010-02;POSTO 10 GOIANIA | REDE CARRETEIRO;SFI6G52;52387;41,411;ABASTECIMENTO;Gasolina Comum;277,45;R$ 6,70;R$ 6,700;2846160;30/06/2026 07:10;79229;002;52260601272434001002550020000792291341105693;
23085257;30/06/2026 08:11;TRANSPORTES GRITSCH;90.739.624/0019-47;01.272.434/0010-02;POSTO 10 GOIANIA | REDE CARRETEIRO;UBW4G97;2379;20,021;ABASTECIMENTO;Gasolina Comum;134,14;R$ 6,70;R$ 6,700;2846160;30/06/2026 08:15;79235;002;52260601272434001002550020000792351377450550;
23085291;30/06/2026 08:13;TRANSPORTES GRITSCH;90.739.624/0019-47;01.272.434/0010-02;POSTO 10 GOIANIA | REDE CARRETEIRO;SFF3C33;144494;43,421;ABASTECIMENTO;Diesel S10;287,44;R$ 6,62;R$ 6,620;2846160;30/06/2026 08:15;79236;002;52260601272434001002550020000792361286064212;
23085307;30/06/2026 08:15;TRANSPORTES GRITSCH;90.739.624/0019-47;01.272.434/0010-02;POSTO 10 GOIANIA | REDE CARRETEIRO;SEG5A93;218175;13,110;ABASTECIMENTO;Gasolina Comum;87,83;R$ 6,70;R$ 6,700;2846160;30/06/2026 08:20;79237;002;52260601272434001002550020000792371490287256;
23085737;30/06/2026 08:33;TRANSPORTES GRITSCH;90.739.624/0019-47;01.272.434/0010-02;POSTO 10 GOIANIA | REDE CARRETEIRO;TAN9H35;64637;46,510;ABASTECIMENTO;Gasolina Comum;311,61;R$ 6,70;R$ 6,700;2846160;30/06/2026 08:35;79241;002;52260601272434001002550020000792411083810394;
23085751;30/06/2026 08:34;TRANSPORTES GRITSCH;90.739.624/0019-47;01.272.434/0010-02;POSTO 10 GOIANIA | REDE CARRETEIRO;TAX6J56;7977;42,030;ABASTECIMENTO;Gasolina Comum;281,60;R$ 6,70;R$ 6,700;2846160;30/06/2026 08:40;79242;002;52260601272434001002550020000792421324662727;
23086024;30/06/2026 08:41;TRANSPORTES GRITSCH;90.739.624/0019-47;01.272.434/0010-02;POSTO 10 GOIANIA | REDE CARRETEIRO;SER6J08;125880;9,011;ABASTECIMENTO;Gasolina Comum;60,37;R$ 6,70;R$ 6,700;2846160;30/06/2026 08:45;79245;002;52260601272434001002550020000792451764503718;
23087703;30/06/2026 09:18;TRANSPORTES GRITSCH;90.739.624/0019-47;01.272.434/0010-02;POSTO 10 GOIANIA | REDE CARRETEIRO;SEN1C56;212456;37,080;ABASTECIMENTO;Gasolina Comum;248,43;R$ 6,70;R$ 6,700;2846160;30/06/2026 09:20;79253;002;52260601272434001002550020000792531267724092;
23088156;30/06/2026 09:33;TRANSPORTES GRITSCH;90.739.624/0019-47;01.272.434/0010-02;POSTO 10 GOIANIA | REDE CARRETEIRO;SFG5J27;135123;38,130;ABASTECIMENTO;Gasolina Comum;255,47;R$ 6,70;R$ 6,700;2846160;30/06/2026 09:35;79258;002;52260601272434001002550020000792581639274189;
23092825;30/06/2026 11:17;TRANSPORTES GRITSCH;90.739.624/0019-47;01.272.434/0010-02;POSTO 10 GOIANIA | REDE CARRETEIRO;RHP4I83;121504;59,041;ABASTECIMENTO;Diesel S10;390,85;R$ 6,62;R$ 6,620;2846160;30/06/2026 11:20;79268;002;52260601272434001002550020000792681255909648;
23094596;30/06/2026 12:33;TRANSPORTES GRITSCH;90.739.624/0019-47;01.272.434/0010-02;POSTO 10 GOIANIA | REDE CARRETEIRO;BAJ7269;118829;85,501;ABASTECIMENTO;Diesel S10;566,01;R$ 6,62;R$ 6,620;2846160;30/06/2026 12:40;79273;002;52260601272434001002550020000792731573962976;
23101158;30/06/2026 15:14;TRANSPORTES GRITSCH;90.739.624/0019-47;01.272.434/0010-02;POSTO 10 GOIANIA | REDE CARRETEIRO;TAY6D07;58350;41,361;ABASTECIMENTO;Gasolina Comum;277,11;R$ 6,70;R$ 6,700;2846160;30/06/2026 15:20;79284;002;52260601272434001002550020000792841905917759;
23102550;30/06/2026 16:11;TRANSPORTES GRITSCH;90.739.624/0019-47;01.272.434/0010-02;POSTO 10 GOIANIA | REDE CARRETEIRO;SDU9E95;243880;41,210;ABASTECIMENTO;Gasolina Comum;276,10;R$ 6,70;R$ 6,700;2846160;30/06/2026 16:15;79288;002;52260601272434001002550020000792881096837500;
23102606;30/06/2026 16:14;TRANSPORTES GRITSCH;90.739.624/0019-47;01.272.434/0010-02;POSTO 10 GOIANIA | REDE CARRETEIRO;SDP5J34;255255;60,071;ABASTECIMENTO;Diesel S10;397,67;R$ 6,62;R$ 6,620;2846160;30/06/2026 16:20;79289;002;52260601272434001002550020000792891579465095;
23103740;30/06/2026 16:47;TRANSPORTES GRITSCH;90.739.624/0019-47;01.272.434/0010-02;POSTO 10 GOIANIA | REDE CARRETEIRO;SDU9G02;172413;16,820;ABASTECIMENTO;Gasolina Comum;112,69;R$ 6,70;R$ 6,700;2846160;30/06/2026 16:50;79293;002;52260601272434001002550020000792931985472090;
23103807;30/06/2026 16:51;TRANSPORTES GRITSCH;90.739.624/0019-47;01.272.434/0010-02;POSTO 10 GOIANIA | REDE CARRETEIRO;TBJ8E28;46692;20,390;ABASTECIMENTO;Gasolina Comum;136,61;R$ 6,70;R$ 6,700;2846160;30/06/2026 16:55;79295;002;52260601272434001002550020000792951812536333;
23104788;30/06/2026 17:08;TRANSPORTES GRITSCH;90.739.624/0019-47;01.272.434/0010-02;POSTO 10 GOIANIA | REDE CARRETEIRO;SDU9F64;198067;22,940;ABASTECIMENTO;Gasolina Comum;153,69;R$ 6,70;R$ 6,700;2846160;30/06/2026 17:10;79296;002;52260601272434001002550020000792961158653337;
23106022;30/06/2026 17:43;TRANSPORTES GRITSCH;90.739.624/0019-47;01.272.434/0010-02;POSTO 10 GOIANIA | REDE CARRETEIRO;RHV8B69;344983;28,871;ABASTECIMENTO;Gasolina Comum;193,43;R$ 6,70;R$ 6,700;2846160;30/06/2026 17:50;79298;002;52260601272434001002550020000792981385847030;
23106255;30/06/2026 17:51;TRANSPORTES GRITSCH;90.739.624/0019-47;01.272.434/0010-02;POSTO 10 GOIANIA | REDE CARRETEIRO;SDU9F57;254579;22,931;ABASTECIMENTO;Gasolina Comum;153,63;R$ 6,70;R$ 6,700;2846160;30/06/2026 17:55;79299;002;52260601272434001002550020000792991937475592;
23106529;30/06/2026 18:02;TRANSPORTES GRITSCH;90.739.624/0019-47;01.272.434/0010-02;POSTO 10 GOIANIA | REDE CARRETEIRO;TBE5I64;126023;45,120;ABASTECIMENTO;Gasolina Comum;302,30;R$ 6,70;R$ 6,700;2846160;30/06/2026 18:10;79301;002;52260601272434001002550020000793011043770251;
23107205;30/06/2026 18:26;TRANSPORTES GRITSCH;90.739.624/0019-47;01.272.434/0010-02;POSTO 10 GOIANIA | REDE CARRETEIRO;TBQ1G08;139824;91,911;ABASTECIMENTO;Diesel S10;608,45;R$ 6,62;R$ 6,620;2846160;30/06/2026 18:31;79304;002;52260601272434001002550020000793041187647815;
23108078;30/06/2026 19:07;TRANSPORTES GRITSCH;90.739.624/0019-47;01.272.434/0010-02;POSTO 10 GOIANIA | REDE CARRETEIRO;SFD5C36;315012;49,020;ABASTECIMENTO;Diesel S10;324,51;R$ 6,62;R$ 6,620;2846160;30/06/2026 19:10;79308;002;52260601272434001002550020000793081298769829;
23108404;30/06/2026 19:18;TRANSPORTES GRITSCH;90.739.624/0019-47;01.272.434/0010-02;POSTO 10 GOIANIA | REDE CARRETEIRO;TBE5I62;142241;26,200;ABASTECIMENTO;Gasolina Comum;175,54;R$ 6,70;R$ 6,700;2846160;30/06/2026 19:20;79309;002;52260601272434001002550020000793091406543137;
23130245;01/07/2026 09:06;TRANSPORTES GRITSCH;90.739.624/0019-47;01.272.434/0010-02;POSTO 10 GOIANIA | REDE CARRETEIRO;SFG5J27;135337;19,200;ABASTECIMENTO;Gasolina Comum;128,64;R$ 6,70;R$ 6,700;2846160;01/07/2026 09:10;79332;002;52260701272434001002550020000793321806507326;
23144992;01/07/2026 15:12;TRANSPORTES GRITSCH;90.739.624/0019-47;01.272.434/0010-02;POSTO 10 GOIANIA | REDE CARRETEIRO;SDP5J34;255659;29,881;ABASTECIMENTO;Diesel S10;197,81;R$ 6,62;R$ 6,620;2846160;01/07/2026 15:15;79367;002;52260701272434001002550020000793671922757070;
23149838;01/07/2026 17:32;TRANSPORTES GRITSCH;90.739.624/0019-47;01.272.434/0010-02;POSTO 10 GOIANIA | REDE CARRETEIRO;TBE5I64;126827;34,910;ABASTECIMENTO;Gasolina Comum;233,89;R$ 6,70;R$ 6,700;2846160;01/07/2026 17:35;79376;002;52260701272434001002550020000793761190088425;
23152287;01/07/2026 17:53;TRANSPORTES GRITSCH;90.739.624/0019-47;01.272.434/0010-02;POSTO 10 GOIANIA | REDE CARRETEIRO;SDU9F57;254868;31,940;ABASTECIMENTO;Gasolina Comum;213,99;R$ 6,70;R$ 6,700;2846160;01/07/2026 18:05;79380;002;52260701272434001002550020000793801751254950;
23152995;01/07/2026 18:17;TRANSPORTES GRITSCH;90.739.624/0019-47;01.272.434/0010-02;POSTO 10 GOIANIA | REDE CARRETEIRO;TBE5I66;167744;24,631;ABASTECIMENTO;Gasolina Comum;165,02;R$ 6,70;R$ 6,700;2846160;01/07/2026 18:20;79383;002;52260701272434001002550020000793831669845127;
23153024;01/07/2026 18:20;TRANSPORTES GRITSCH;90.739.624/0019-47;01.272.434/0010-02;POSTO 10 GOIANIA | REDE CARRETEIRO;TBE5I62;142674;41,770;ABASTECIMENTO;Gasolina Comum;279,85;R$ 6,70;R$ 6,700;2846160;01/07/2026 18:25;79384;002;52260701272434001002550020000793841383831890;
23153864;01/07/2026 18:58;TRANSPORTES GRITSCH;90.739.624/0019-47;01.272.434/0010-02;POSTO 10 GOIANIA | REDE CARRETEIRO;SFD5C36;315447;48,990;ABASTECIMENTO;Diesel S10;324,31;R$ 6,62;R$ 6,620;2846160;09/07/2026 14:54;59530;001;52260701272434001002550010000595301089359565;
23154121;01/07/2026 19:15;TRANSPORTES GRITSCH;90.739.624/0019-47;01.272.434/0010-02;POSTO 10 GOIANIA | REDE CARRETEIRO;TBQ1G08;140635;87,711;ABASTECIMENTO;Diesel S10;580,64;R$ 6,62;R$ 6,620;2846160;01/07/2026 19:20;79387;002;52260701272434001002550020000793871355029415;
23154754;01/07/2026 19:45;TRANSPORTES GRITSCH;90.739.624/0019-47;01.272.434/0010-02;POSTO 10 GOIANIA | REDE CARRETEIRO;UBW4G97;2871;49,000;ABASTECIMENTO;Gasolina Comum;328,30;R$ 6,70;R$ 6,700;2846160;01/07/2026 19:50;79390;002;52260701272434001002550020000793901050364020;
23173379;02/07/2026 06:43;TRANSPORTES GRITSCH;90.739.624/0019-47;01.272.434/0010-02;POSTO 10 GOIANIA | REDE CARRETEIRO;SEC1E87;243904;38,841;ABASTECIMENTO;Gasolina Comum;260,23;R$ 6,70;R$ 6,700;2846160;02/07/2026 06:45;79393;002;52260701272434001002550020000793931176443079;
23176398;02/07/2026 08:53;TRANSPORTES GRITSCH;90.739.624/0019-47;01.272.434/0010-02;POSTO 10 GOIANIA | REDE CARRETEIRO;SFG5J27;135492;16,510;ABASTECIMENTO;Gasolina Comum;110,61;R$ 6,70;R$ 6,700;2846160;02/07/2026 08:55;79403;002;52260701272434001002550020000794031301396970;
23183735;02/07/2026 12:00;TRANSPORTES GRITSCH;90.739.624/0019-47;01.272.434/0010-02;POSTO 10 GOIANIA | REDE CARRETEIRO;SDW2F01;129683;33,820;ABASTECIMENTO;Gasolina Comum;226,59;R$ 6,70;R$ 6,700;2846160;02/07/2026 12:05;79419;002;52260701272434001002550020000794191806461613;
23191669;02/07/2026 15:43;TRANSPORTES GRITSCH;90.739.624/0019-47;01.272.434/0010-02;POSTO 10 GOIANIA | REDE CARRETEIRO;SFD5C37;267254;39,960;ABASTECIMENTO;Diesel S10;264,53;R$ 6,62;R$ 6,620;2846160;02/07/2026 15:45;79430;002;52260701272434001002550020000794301639626879;
23192321;02/07/2026 16:10;TRANSPORTES GRITSCH;90.739.624/0019-47;01.272.434/0010-02;POSTO 10 GOIANIA | REDE CARRETEIRO;SDT4A77;135406;32,160;ABASTECIMENTO;Gasolina Comum;215,47;R$ 6,70;R$ 6,700;2846160;02/07/2026 16:15;79431;002;52260701272434001002550020000794311225133115;
23193698;02/07/2026 16:59;TRANSPORTES GRITSCH;90.739.624/0019-47;01.272.434/0010-02;POSTO 10 GOIANIA | REDE CARRETEIRO;TBJ8E28;47093;40,701;ABASTECIMENTO;Gasolina Comum;272,69;R$ 6,70;R$ 6,700;2846160;02/07/2026 17:05;79435;002;52260701272434001002550020000794351540327124;
23197844;02/07/2026 17:55;TRANSPORTES GRITSCH;90.739.624/0019-47;01.272.434/0010-02;POSTO 10 GOIANIA | REDE CARRETEIRO;TBE5I64;127277;44,420;ABASTECIMENTO;Gasolina Comum;297,61;R$ 6,70;R$ 6,700;2846160;02/07/2026 18:03;79441;002;52260701272434001002550020000794411730310572;
23197995;02/07/2026 17:59;TRANSPORTES GRITSCH;90.739.624/0019-47;01.272.434/0010-02;POSTO 10 GOIANIA | REDE CARRETEIRO;TBQ1G08;141446;89,640;ABASTECIMENTO;Diesel S10;593,41;R$ 6,62;R$ 6,620;2846160;02/07/2026 18:03;79442;002;52260701272434001002550020000794421249666591;
23199080;02/07/2026 18:40;TRANSPORTES GRITSCH;90.739.624/0019-47;01.272.434/0010-02;POSTO 10 GOIANIA | REDE CARRETEIRO;SFD5C36;315899;50,751;ABASTECIMENTO;Diesel S10;335,97;R$ 6,62;R$ 6,620;2846160;02/07/2026 18:45;79443;002;52260701272434001002550020000794431177068984;
23199902;02/07/2026 19:17;TRANSPORTES GRITSCH;90.739.624/0019-47;01.272.434/0010-02;POSTO 10 GOIANIA | REDE CARRETEIRO;UBW4G97;3629;38,311;ABASTECIMENTO;Gasolina Comum;256,68;R$ 6,70;R$ 6,700;2846160;02/07/2026 19:20;79445;002;52260701272434001002550020000794451334588305;
23200266;02/07/2026 19:32;TRANSPORTES GRITSCH;90.739.624/0019-47;01.272.434/0010-02;POSTO 10 GOIANIA | REDE CARRETEIRO;SEC1E87;244594;32,520;ABASTECIMENTO;Gasolina Comum;217,88;R$ 6,70;R$ 6,700;2846160;02/07/2026 19:35;79446;002;52260701272434001002550020000794461625745439;
23202881;02/07/2026 20:53;TRANSPORTES GRITSCH;90.739.624/0019-47;01.272.434/0010-02;POSTO 10 GOIANIA | REDE CARRETEIRO;TBE5I62;143316;44,531;ABASTECIMENTO;Gasolina Comum;298,35;R$ 6,70;R$ 6,700;2846160;02/07/2026 21:02;79447;002;52260701272434001002550020000794471882814305;
23216780;03/07/2026 05:20;TRANSPORTES GRITSCH;90.739.624/0019-47;01.272.434/0010-02;POSTO 10 GOIANIA | REDE CARRETEIRO;TBQ1G08;142260;90,071;ABASTECIMENTO;Diesel S10;596,27;R$ 6,62;R$ 6,620;2846160;03/07/2026 05:25;79451;002;52260701272434001002550020000794511393658630;
23218307;03/07/2026 05:50;TRANSPORTES GRITSCH;90.739.624/0019-47;01.272.434/0010-02;POSTO 10 GOIANIA | REDE CARRETEIRO;SDU9E95;244200;43,311;ABASTECIMENTO;Gasolina Comum;290,18;R$ 6,70;R$ 6,700;2846160;03/07/2026 06:10;79452;002;52260701272434001002550020000794521580654364;
23220572;03/07/2026 08:14;TRANSPORTES GRITSCH;90.739.624/0019-47;01.272.434/0010-02;POSTO 10 GOIANIA | REDE CARRETEIRO;SFG5J27;135741;29,210;ABASTECIMENTO;Gasolina Comum;195,70;R$ 6,70;R$ 6,700;2846160;03/07/2026 08:40;79458;002;52260701272434001002550020000794581124247755;
23240526;03/07/2026 17:28;TRANSPORTES GRITSCH;90.739.624/0019-47;01.272.434/0010-02;POSTO 10 GOIANIA | REDE CARRETEIRO;TBE5I64;128079;34,581;ABASTECIMENTO;Gasolina Comum;231,69;R$ 6,70;R$ 6,700;2846160;03/07/2026 17:31;79507;002;52260701272434001002550020000795071129751610;
23240929;03/07/2026 17:29;TRANSPORTES GRITSCH;90.739.624/0019-47;01.272.434/0010-02;POSTO 10 GOIANIA | REDE CARRETEIRO;SDP5J34;256139;51,981;ABASTECIMENTO;Diesel S10;344,11;R$ 6,62;R$ 6,620;2846160;03/07/2026 17:35;79508;002;52260701272434001002550020000795081757158667;
23243978;03/07/2026 18:20;TRANSPORTES GRITSCH;90.739.624/0019-47;01.272.434/0010-02;POSTO 10 GOIANIA | REDE CARRETEIRO;SEC1E87;245092;36,720;ABASTECIMENTO;Gasolina Comum;246,02;R$ 6,70;R$ 6,700;2846160;03/07/2026 18:25;79513;002;52260701272434001002550020000795131971812232;
23244192;03/07/2026 18:29;TRANSPORTES GRITSCH;90.739.624/0019-47;01.272.434/0010-02;POSTO 10 GOIANIA | REDE CARRETEIRO;TBE5I62;143744;42,751;ABASTECIMENTO;Gasolina Comum;286,43;R$ 6,70;R$ 6,700;2846160;03/07/2026 18:30;79515;002;52260701272434001002550020000795151641127921;
23244476;03/07/2026 18:46;TRANSPORTES GRITSCH;90.739.624/0019-47;01.272.434/0010-02;POSTO 10 GOIANIA | REDE CARRETEIRO;SFD5C36;316335;45,770;ABASTECIMENTO;Diesel S10;302,99;R$ 6,62;R$ 6,620;2846160;03/07/2026 18:50;79516;002;52260701272434001002550020000795161742355048;
23246119;03/07/2026 20:02;TRANSPORTES GRITSCH;90.739.624/0019-47;01.272.434/0010-02;POSTO 10 GOIANIA | REDE CARRETEIRO;SDU9F57;255348;49,881;ABASTECIMENTO;Gasolina Comum;334,20;R$ 6,70;R$ 6,700;2846160;03/07/2026 20:05;79517;002;52260701272434001002550020000795171984531767;
23246750;03/07/2026 20:36;TRANSPORTES GRITSCH;90.739.624/0019-47;01.272.434/0010-02;POSTO 10 GOIANIA | REDE CARRETEIRO;UBW4G97;4117;44,871;ABASTECIMENTO;Gasolina Comum;300,63;R$ 6,70;R$ 6,700;2846160;03/07/2026 20:40;79518;002;52260701272434001002550020000795181890543181;
;;;;;;;;;;;TOTAL POSTO: 18170,93;;;;;;;;

2459 - GP POSTOS - POSTO SAO JOSE
Transacao;Data;Cliente;CNPJ Cliente;CNPJ Posto;Estabelecimento;Placa;Hodometro/Horimetro;Litragem;Servico;Combustivel;Valor Total;Preco Litro;Preco Negociado;Lote;Data vinculacao;NF-e;Serie;Chave NF-e;Observacao
22985181;27/06/2026 08:41;TRANSPORTES GRITSCH;09.576.274/0001-06;79.964.177/0005-91;GP POSTOS - POSTO SAO JOSE;SEO8J46;404554;354,000;ABASTECIMENTO;Diesel S10;2155,86;R$ 6,09;R$ 6,950;2846160;27/06/2026 08:45;812308;002;41260679964177000591550020008123081011607005;
22988831;27/06/2026 09:21;TRANSPORTES GRITSCH;09.576.274/0001-06;79.964.177/0005-91;GP POSTOS - POSTO SAO JOSE;SEW5B72;372152;160,000;ABASTECIMENTO;Diesel S10;974,40;R$ 6,09;R$ 6,950;2846160;27/06/2026 09:25;812310;002;41260679964177000591550020008123101011607054;
22989409;27/06/2026 09:55;TRANSPORTES GRITSCH;09.576.274/0001-06;79.964.177/0005-91;GP POSTOS - POSTO SAO JOSE;SDP3I30;490737;285,000;ABASTECIMENTO;Diesel S10;1735,65;R$ 6,09;R$ 6,950;2846160;27/06/2026 10:01;812321;002;41260679964177000591550020008123211011607180;
22989964;27/06/2026 10:27;TRANSPORTES GRITSCH;09.576.274/0001-06;79.964.177/0005-91;GP POSTOS - POSTO SAO JOSE;BDU5G86;313047;126,440;ABASTECIMENTO;Diesel S10;770,01;R$ 6,09;R$ 6,950;2846160;27/06/2026 10:31;812330;002;41260679964177000591550020008123301011607332;
22990645;27/06/2026 11:06;TRANSPORTES GRITSCH;09.576.274/0001-06;79.964.177/0005-91;GP POSTOS - POSTO SAO JOSE;TAV9E96;118534;120,200;ABASTECIMENTO;Diesel S10;732,01;R$ 6,09;R$ 6,950;2846160;27/06/2026 11:10;812339;002;41260679964177000591550020008123391011607451;
23032905;28/06/2026 17:56;TRANSPORTES GRITSCH;09.576.274/0001-06;79.964.177/0005-91;GP POSTOS - POSTO SAO JOSE;SEW5B71;331308;263,300;ABASTECIMENTO;Diesel S10;1603,49;R$ 6,09;R$ 6,950;2846160;30/06/2026 16:49;812504;002;41260679964177000591550020008125047011610678;
23046497;29/06/2026 05:52;TRANSPORTES GRITSCH;09.576.274/0001-06;79.964.177/0005-91;GP POSTOS - POSTO SAO JOSE;BBW0C96;546632;126,000;ABASTECIMENTO;Diesel S10;767,34;R$ 6,09;R$ 6,950;2846160;30/06/2026 16:49;812558;002;41260679964177000591550020008125581011611633;
23048996;29/06/2026 07:26;TRANSPORTES GRITSCH;09.576.274/0001-06;79.964.177/0005-91;GP POSTOS - POSTO SAO JOSE;SDP3I31;522050;420,000;ABASTECIMENTO;Diesel S10;2557,80;R$ 6,09;R$ 6,950;2846160;30/06/2026 16:50;812569;002;41260679964177000591550020008125691011611890;
23054596;29/06/2026 10:52;TRANSPORTES GRITSCH;09.576.274/0001-06;79.964.177/0005-91;GP POSTOS - POSTO SAO JOSE;RHE1F56;362823;164,930;ABASTECIMENTO;Diesel S10;1004,42;R$ 6,09;R$ 6,950;2846160;29/06/2026 10:55;812607;002;41260679964177000591550020008126071011612563;
23054986;29/06/2026 11:15;TRANSPORTES GRITSCH;09.576.274/0001-06;79.964.177/0005-91;GP POSTOS - POSTO SAO JOSE;RHQ4D40;350526;110,570;ABASTECIMENTO;Diesel S10;673,37;R$ 6,09;R$ 6,950;2846160;29/06/2026 11:20;812613;002;41260679964177000591550020008126131011612641;
23074695;29/06/2026 23:13;TRANSPORTES GRITSCH;09.576.274/0001-06;79.964.177/0005-91;GP POSTOS - POSTO SAO JOSE;RHE1F56;363823;261,000;ABASTECIMENTO;Diesel S10;1589,49;R$ 6,09;R$ 6,950;2846160;29/06/2026 23:15;812696;002;41260679964177000591550020008126961011614353;
23083773;30/06/2026 06:36;TRANSPORTES GRITSCH;09.576.274/0001-06;79.964.177/0005-91;GP POSTOS - POSTO SAO JOSE;SEF8G23;403086;312,010;ABASTECIMENTO;Diesel S10;1900,14;R$ 6,09;R$ 6,950;2846160;30/06/2026 06:40;812722;002;41260679964177000591550020008127221011614770;
23084100;30/06/2026 06:59;TRANSPORTES GRITSCH;09.576.274/0001-06;79.964.177/0005-91;GP POSTOS - POSTO SAO JOSE;TAJ3D96;114301;178,440;ABASTECIMENTO;Diesel S10;1086,69;R$ 6,09;R$ 6,950;2846160;30/06/2026 07:02;812727;002;41260679964177000591550020008127271011614831;
23084465;30/06/2026 07:26;TRANSPORTES GRITSCH;09.576.274/0001-06;79.964.177/0005-91;GP POSTOS - POSTO SAO JOSE;BCV9J79;392944;148,000;ABASTECIMENTO;Diesel S10;901,32;R$ 6,09;R$ 6,950;2846160;30/06/2026 07:31;812739;002;41260679964177000591550020008127391011614964;
23084988;30/06/2026 07:53;TRANSPORTES GRITSCH;09.576.274/0001-06;79.964.177/0005-91;GP POSTOS - POSTO SAO JOSE;BEP1I25;215444;40,660;ABASTECIMENTO;Diesel S10;247,61;R$ 6,09;R$ 6,950;2846160;30/06/2026 07:55;812749;002;41260679964177000591550020008127491011615100;
23086019;30/06/2026 08:41;TRANSPORTES GRITSCH;09.576.274/0001-06;79.964.177/0005-91;GP POSTOS - POSTO SAO JOSE;SEW5B71;332831;428,000;ABASTECIMENTO;Diesel S10;2606,52;R$ 6,09;R$ 6,950;2846160;30/06/2026 08:45;812758;002;41260679964177000591550020008127581011615249;
23089811;30/06/2026 09:55;TRANSPORTES GRITSCH;09.576.274/0001-06;79.964.177/0005-91;GP POSTOS - POSTO SAO JOSE;SFJ5H71;198159;260,010;ABASTECIMENTO;Diesel S10;1583,46;R$ 6,09;R$ 6,950;2846160;30/06/2026 10:03;812775;002;41260679964177000591550020008127751011615533;
23091712;30/06/2026 10:31;TRANSPORTES GRITSCH;09.576.274/0001-06;79.964.177/0005-91;GP POSTOS - POSTO SAO JOSE;UBO8H30;25875;79,200;ABASTECIMENTO;Diesel S10;482,32;R$ 6,09;R$ 6,950;2846160;30/06/2026 10:35;812784;002;41260679964177000591550020008127841011615672;
23093003;30/06/2026 11:23;TRANSPORTES GRITSCH;09.576.274/0001-06;79.964.177/0005-91;GP POSTOS - POSTO SAO JOSE;SES2D41;385364;311,000;ABASTECIMENTO;Diesel S10;1893,99;R$ 6,09;R$ 6,950;2846160;30/06/2026 11:25;812794;002;41260679964177000591550020008127941011615857;
23099924;30/06/2026 14:20;TRANSPORTES GRITSCH;09.576.274/0001-06;79.964.177/0005-91;GP POSTOS - POSTO SAO JOSE;TAV9E96;119544;81,240;ABASTECIMENTO;Diesel S10;494,75;R$ 6,09;R$ 6,950;2846160;30/06/2026 14:25;812825;002;41260679964177000591550020008128251011616525;
23100920;30/06/2026 15:06;TRANSPORTES GRITSCH;09.576.274/0001-06;79.964.177/0005-91;GP POSTOS - POSTO SAO JOSE;SFK1E50;162004;192,880;ABASTECIMENTO;Diesel S10;1174,63;R$ 6,09;R$ 6,950;2846160;30/06/2026 15:10;812835;002;41260679964177000591550020008128351011616734;
23127132;01/07/2026 06:19;TRANSPORTES GRITSCH;09.576.274/0001-06;79.964.177/0005-91;GP POSTOS - POSTO SAO JOSE;BBW0C96;547711;129,580;ABASTECIMENTO;Diesel S10;789,14;R$ 6,09;R$ 6,950;2846160;01/07/2026 06:25;812948;002;41260779964177000591550020008129481011619307;
23127582;01/07/2026 06:56;TRANSPORTES GRITSCH;09.576.274/0001-06;79.964.177/0005-91;GP POSTOS - POSTO SAO JOSE;SEF8G23;404563;437,000;ABASTECIMENTO;Diesel S10;2661,33;R$ 6,09;R$ 6,950;2846160;01/07/2026 07:05;812954;002;41260779964177000591550020008129541011619444;
23127792;01/07/2026 07:08;TRANSPORTES GRITSCH;09.576.274/0001-06;79.964.177/0005-91;GP POSTOS - POSTO SAO JOSE;SEW5B72;373245;161,000;ABASTECIMENTO;Diesel S10;980,49;R$ 6,09;R$ 6,950;2846160;01/07/2026 07:15;812956;002;41260779964177000591550020008129561011619481;
23129129;01/07/2026 08:15;TRANSPORTES GRITSCH;09.576.274/0001-06;79.964.177/0005-91;GP POSTOS - POSTO SAO JOSE;SEO8J46;405612;155,000;ABASTECIMENTO;Diesel S10;943,95;R$ 6,09;R$ 6,950;2846160;01/07/2026 08:20;812973;002;41260779964177000591550020008129731011619776;
23129172;01/07/2026 08:18;TRANSPORTES GRITSCH;09.576.274/0001-06;79.964.177/0005-91;GP POSTOS - POSTO SAO JOSE;RHE1F56;365780;276,340;ABASTECIMENTO;Diesel S10;1682,91;R$ 6,09;R$ 6,950;2846160;01/07/2026 08:25;812974;002;41260779964177000591550020008129741011619790;
23131671;01/07/2026 09:43;TRANSPORTES GRITSCH;09.576.274/0001-06;79.964.177/0005-91;GP POSTOS - POSTO SAO JOSE;BCV8D45;418820;355,330;ABASTECIMENTO;Diesel S10;2163,95;R$ 6,09;R$ 6,950;2846160;01/07/2026 09:50;812989;002;41260779964177000591550020008129891011620081;
23137927;01/07/2026 12:15;TRANSPORTES GRITSCH;09.576.274/0001-06;79.964.177/0005-91;GP POSTOS - POSTO SAO JOSE;UCC8A40;232;77,000;ABASTECIMENTO;Diesel S10;468,93;R$ 6,09;R$ 6,950;2846160;01/07/2026 12:25;813022;002;41260779964177000591550020008130221011620665;
23152286;01/07/2026 17:53;TRANSPORTES GRITSCH;09.576.274/0001-06;79.964.177/0005-91;GP POSTOS - POSTO SAO JOSE;SDP3I31;523051;300,190;ABASTECIMENTO;Diesel S10;1828,15;R$ 6,09;R$ 6,950;2846160;01/07/2026 17:55;813101;002;41260779964177000591550020008131011011621926;
23155422;01/07/2026 20:16;TRANSPORTES GRITSCH;09.576.274/0001-06;79.964.177/0005-91;GP POSTOS - POSTO SAO JOSE;SEL7G42;249849;57,810;ABASTECIMENTO;Diesel S10;352,06;R$ 6,09;R$ 6,950;2846160;01/07/2026 20:20;813116;002;41260779964177000591550020008131161011622259;
23159764;01/07/2026 21:20;TRANSPORTES GRITSCH;09.576.274/0001-06;79.964.177/0005-91;GP POSTOS - POSTO SAO JOSE;RHO3E71;189787;61,420;ABASTECIMENTO;Diesel S10;374,04;R$ 6,09;R$ 6,950;2846160;01/07/2026 21:25;813127;002;41260779964177000591550020008131271011622422;
23160674;01/07/2026 22:20;TRANSPORTES GRITSCH;09.576.274/0001-06;79.964.177/0005-91;GP POSTOS - POSTO SAO JOSE;SFK1E48;33288;85,060;ABASTECIMENTO;Diesel S10;518,01;R$ 6,09;R$ 6,950;2846160;01/07/2026 22:25;813139;002;41260779964177000591550020008131391011622601;
23172935;02/07/2026 06:17;TRANSPORTES GRITSCH;09.576.274/0001-06;79.964.177/0005-91;GP POSTOS - POSTO SAO JOSE;SDP3I30;491636;305,000;ABASTECIMENTO;Diesel S10;1857,45;R$ 6,09;R$ 6,950;2846160;02/07/2026 06:20;813166;002;41260779964177000591550020008131661011623214;
23173038;02/07/2026 06:18;TRANSPORTES GRITSCH;09.576.274/0001-06;79.964.177/0005-91;GP POSTOS - POSTO SAO JOSE;TBU9D20;66240;212,010;ABASTECIMENTO;Diesel S10;1291,14;R$ 6,09;R$ 6,950;2846160;02/07/2026 06:20;813167;002;41260779964177000591550020008131671011623220;
23173713;02/07/2026 07:09;TRANSPORTES GRITSCH;09.576.274/0001-06;79.964.177/0005-91;GP POSTOS - POSTO SAO JOSE;TAV9E96;120139;115,330;ABASTECIMENTO;Diesel S10;702,35;R$ 6,09;R$ 6,950;2846160;02/07/2026 07:15;813175;002;41260779964177000591550020008131751011623388;
23174424;02/07/2026 07:43;TRANSPORTES GRITSCH;09.576.274/0001-06;79.964.177/0005-91;GP POSTOS - POSTO SAO JOSE;UBO8H30;27029;114,140;ABASTECIMENTO;Diesel S10;695,11;R$ 6,09;R$ 6,950;2846160;02/07/2026 07:45;813194;002;41260779964177000591550020008131941011623588;
23175060;02/07/2026 08:13;TRANSPORTES GRITSCH;09.576.274/0001-06;79.964.177/0005-91;GP POSTOS - POSTO SAO JOSE;BEP1I25;215769;34,000;ABASTECIMENTO;Diesel S10;207,06;R$ 6,09;R$ 6,950;2846160;02/07/2026 08:15;813198;002;41260779964177000591550020008131981011623706;
23175512;02/07/2026 08:31;TRANSPORTES GRITSCH;09.576.274/0001-06;79.964.177/0005-91;GP POSTOS - POSTO SAO JOSE;SEF8G23;406041;487,000;ABASTECIMENTO;Diesel S10;2965,83;R$ 6,09;R$ 6,950;2846160;02/07/2026 08:35;813204;002;41260779964177000591550020008132041011623810;
23177594;02/07/2026 09:17;TRANSPORTES GRITSCH;09.576.274/0001-06;79.964.177/0005-91;GP POSTOS - POSTO SAO JOSE;BCV9J79;394003;150,010;ABASTECIMENTO;Diesel S10;913,56;R$ 6,09;R$ 6,950;2846160;02/07/2026 09:20;813215;002;41260779964177000591550020008132151011623962;
23181427;02/07/2026 10:18;TRANSPORTES GRITSCH;09.576.274/0001-06;79.964.177/0005-91;GP POSTOS - POSTO SAO JOSE;SES2D41;386460;168,000;ABASTECIMENTO;Diesel S10;1023,12;R$ 6,09;R$ 6,950;2846160;02/07/2026 10:20;813230;002;41260779964177000591550020008132301011624167;
23182639;02/07/2026 11:09;TRANSPORTES GRITSCH;09.576.274/0001-06;79.964.177/0005-91;GP POSTOS - POSTO SAO JOSE;SEW5B71;333811;310,850;ABASTECIMENTO;Diesel S10;1893,07;R$ 6,09;R$ 6,950;2846160;02/07/2026 11:15;813244;002;41260779964177000591550020008132441011624405;
23189162;02/07/2026 13:48;TRANSPORTES GRITSCH;09.576.274/0001-06;79.964.177/0005-91;GP POSTOS - POSTO SAO JOSE;RHQ4D40;351130;98,010;ABASTECIMENTO;Diesel S10;596,88;R$ 6,09;R$ 6,950;2846160;02/07/2026 13:50;813271;002;41260779964177000591550020008132711011624771;
23190550;02/07/2026 14:57;TRANSPORTES GRITSCH;09.576.274/0001-06;79.964.177/0005-91;GP POSTOS - POSTO SAO JOSE;SFJ5H71;199247;130,220;ABASTECIMENTO;Diesel S10;793,03;R$ 6,09;R$ 6,950;2846160;02/07/2026 15:04;813286;002;41260779964177000591550020008132861011625045;
23191351;02/07/2026 15:27;TRANSPORTES GRITSCH;09.576.274/0001-06;79.964.177/0005-91;GP POSTOS - POSTO SAO JOSE;BDD6F94;272436;112,010;ABASTECIMENTO;Diesel S10;682,14;R$ 6,09;R$ 6,950;2846160;02/07/2026 15:31;813295;002;41260779964177000591550020008132951011625176;
23206023;02/07/2026 22:04;TRANSPORTES GRITSCH;09.576.274/0001-06;79.964.177/0005-91;GP POSTOS - POSTO SAO JOSE;SEU2F72;39975;58,000;ABASTECIMENTO;Diesel S10;353,22;R$ 6,09;R$ 6,950;2846160;02/07/2026 22:10;813381;002;41260779964177000591550020008133811011626423;
23217102;03/07/2026 05:23;TRANSPORTES GRITSCH;09.576.274/0001-06;79.964.177/0005-91;GP POSTOS - POSTO SAO JOSE;RHE1F56;366783;265,000;ABASTECIMENTO;Diesel S10;1613,85;R$ 6,09;R$ 6,950;2846160;03/07/2026 05:30;813410;002;41260779964177000591550020008134101011626982;
23218543;03/07/2026 06:07;TRANSPORTES GRITSCH;09.576.274/0001-06;79.964.177/0005-91;GP POSTOS - POSTO SAO JOSE;TAV9E96;121005;142,280;ABASTECIMENTO;Diesel S10;866,48;R$ 6,09;R$ 6,950;2846160;03/07/2026 06:15;813415;002;41260779964177000591550020008134151011627071;
23218804;03/07/2026 06:23;TRANSPORTES GRITSCH;09.576.274/0001-06;79.964.177/0005-91;GP POSTOS - POSTO SAO JOSE;SEL5J90;47284;75,890;ABASTECIMENTO;Diesel S10;462,17;R$ 6,09;R$ 6,950;2846160;03/07/2026 06:25;813418;002;41260779964177000591550020008134181011627111;
23219274;03/07/2026 06:53;TRANSPORTES GRITSCH;09.576.274/0001-06;79.964.177/0005-91;GP POSTOS - POSTO SAO JOSE;SDP3I30;493104;400,010;ABASTECIMENTO;Diesel S10;2436,06;R$ 6,09;R$ 6,950;2846160;03/07/2026 06:55;813423;002;41260779964177000591550020008134231011627200;
23219976;03/07/2026 07:38;TRANSPORTES GRITSCH;09.576.274/0001-06;79.964.177/0005-91;GP POSTOS - POSTO SAO JOSE;SEW5B72;374360;127,810;ABASTECIMENTO;Diesel S10;778,36;R$ 6,09;R$ 6,950;2846160;03/07/2026 07:40;813438;002;41260779964177000591550020008134381011627416;
23220182;03/07/2026 07:51;TRANSPORTES GRITSCH;09.576.274/0001-06;79.964.177/0005-91;GP POSTOS - POSTO SAO JOSE;BBW0C96;548790;120,190;ABASTECIMENTO;Diesel S10;731,95;R$ 6,09;R$ 6,950;2846160;03/07/2026 07:55;813441;002;41260779964177000591550020008134411011627454;
23220723;03/07/2026 08:20;TRANSPORTES GRITSCH;09.576.274/0001-06;79.964.177/0005-91;GP POSTOS - POSTO SAO JOSE;SDP3I31;523979;308,000;ABASTECIMENTO;Diesel S10;1875,72;R$ 6,09;R$ 6,950;2846160;03/07/2026 08:25;813448;002;41260779964177000591550020008134481011627544;
23221423;03/07/2026 08:46;TRANSPORTES GRITSCH;09.576.274/0001-06;79.964.177/0005-91;GP POSTOS - POSTO SAO JOSE;SEO8J46;406510;302,000;ABASTECIMENTO;Diesel S10;1839,18;R$ 6,09;R$ 6,950;2846160;03/07/2026 09:10;813450;002;41260779964177000591550020008134501011627607;
23221754;03/07/2026 08:56;TRANSPORTES GRITSCH;09.576.274/0001-06;79.964.177/0005-91;GP POSTOS - POSTO SAO JOSE;BCV8D45;419808;246,010;ABASTECIMENTO;Diesel S10;1498,20;R$ 6,09;R$ 6,950;2846160;03/07/2026 09:10;813452;002;41260779964177000591550020008134521011627660;
23226240;03/07/2026 10:05;TRANSPORTES GRITSCH;09.576.274/0001-06;79.964.177/0005-91;GP POSTOS - POSTO SAO JOSE;TAJ3D96;115921;176,000;ABASTECIMENTO;Diesel S10;1071,84;R$ 6,09;R$ 6,950;2846160;03/07/2026 10:10;813475;002;41260779964177000591550020008134751011628009;
23237672;03/07/2026 16:16;TRANSPORTES GRITSCH;09.576.274/0001-06;79.964.177/0005-91;GP POSTOS - POSTO SAO JOSE;SEL1F45;78978;72,010;ABASTECIMENTO;Diesel S10;438,54;R$ 6,09;R$ 6,950;2846160;03/07/2026 16:20;813530;002;41260779964177000591550020008135301011629173;
23245466;03/07/2026 19:32;TRANSPORTES GRITSCH;09.576.274/0001-06;79.964.177/0005-91;GP POSTOS - POSTO SAO JOSE;SEF8G22;420763;318,440;ABASTECIMENTO;Diesel S10;1939,29;R$ 6,09;R$ 6,950;2846160;03/07/2026 19:35;813575;002;41260779964177000591550020008135751011629752;
23250944;03/07/2026 21:25;TRANSPORTES GRITSCH;09.576.274/0001-06;79.964.177/0005-91;GP POSTOS - POSTO SAO JOSE;SFK1E48;33509;48,450;ABASTECIMENTO;Diesel S10;295,06;R$ 6,09;R$ 6,950;2846160;03/07/2026 21:31;813594;002;41260779964177000591550020008135941011630055;
;;;;;;;;;;;TOTAL POSTO: 69518,89;;;;;;;;

17712 - POSTO 2 IRMAOS
Transacao;Data;Cliente;CNPJ Cliente;CNPJ Posto;Estabelecimento;Placa;Hodometro/Horimetro;Litragem;Servico;Combustivel;Valor Total;Preco Litro;Preco Negociado;Lote;Data vinculacao;NF-e;Serie;Chave NF-e;Observacao
22989396;27/06/2026 09:54;TRANSPORTES GRITSCH;09.576.274/0001-06;76.493.295/0001-47;POSTO 2 IRMAOS;SFM3H30;167527;76,170;ABASTECIMENTO;Diesel S10;517,19;R$ 6,79;R$ 6,790;2846160;27/06/2026 10:01;24717;002;41260676493295000147550020000247171002441505;
23045716;29/06/2026 05:07;TRANSPORTES GRITSCH;09.576.274/0001-06;76.493.295/0001-47;POSTO 2 IRMAOS;SFM3H31;113957;55,191;ABASTECIMENTO;Diesel S10;374,74;R$ 6,79;R$ 6,790;2846160;30/06/2026 09:20;24776;002;41260676493295000147550020000247761002455442;
23046321;29/06/2026 05:41;TRANSPORTES GRITSCH;09.576.274/0001-06;76.493.295/0001-47;POSTO 2 IRMAOS;SFM3H34;140745;83,900;ABASTECIMENTO;Diesel S10;569,68;R$ 6,79;R$ 6,790;2846160;29/06/2026 05:43;24777;002;41260676493295000147550020000247771002455474;
23063735;29/06/2026 16:04;TRANSPORTES GRITSCH;09.576.274/0001-06;76.493.295/0001-47;POSTO 2 IRMAOS;SFM3H30;167879;61,311;ABASTECIMENTO;Diesel S10;416,30;R$ 6,79;R$ 6,790;2846160;29/06/2026 16:10;24844;002;41260676493295000147550020000248441002459334;
23084630;30/06/2026 07:34;TRANSPORTES GRITSCH;09.576.274/0001-06;76.493.295/0001-47;POSTO 2 IRMAOS;BDD3B73;252586;95,831;ABASTECIMENTO;Diesel S10;650,69;R$ 6,79;R$ 6,790;2846160;30/06/2026 07:40;24873;002;41260676493295000147550020000248731002462159;
23087544;30/06/2026 09:15;TRANSPORTES GRITSCH;09.576.274/0001-06;76.493.295/0001-47;POSTO 2 IRMAOS;SEP3C30;95025;28,863;ABASTECIMENTO;Gasolina Comum;193,09;R$ 6,69;R$ 6,790;2846160;30/06/2026 09:20;24888;002;41260676493295000147550020000248881002462950;
23091841;30/06/2026 10:32;TRANSPORTES GRITSCH;09.576.274/0001-06;76.493.295/0001-47;POSTO 2 IRMAOS;BEB5D93;110441;50,593;ABASTECIMENTO;Gasolina Comum;338,46;R$ 6,69;R$ 6,790;2846160;30/06/2026 10:40;24907;002;41260676493295000147550020000249071002463554;
23092044;30/06/2026 10:40;TRANSPORTES GRITSCH;09.576.274/0001-06;76.493.295/0001-47;POSTO 2 IRMAOS;SFM3H31;113919;34,189;ABASTECIMENTO;Diesel S10;232,14;R$ 6,79;R$ 6,790;2846160;07/07/2026 09:45;71921;001;41260776493295000147550010000719211026748096;Processo de Estorno em Andamento - NF 41260676493295000147550020000248411002459146
23092226;30/06/2026 10:47;TRANSPORTES GRITSCH;09.576.274/0001-06;76.493.295/0001-47;POSTO 2 IRMAOS;SFH7D75;102313;34,277;ABASTECIMENTO;Gasolina Comum;229,30;R$ 6,69;R$ 6,790;2846160;30/06/2026 10:50;24912;002;41260676493295000147550020000249121002463694;
23098057;30/06/2026 13:17;TRANSPORTES GRITSCH;09.576.274/0001-06;76.493.295/0001-47;POSTO 2 IRMAOS;SFI6G53;37725;36,782;ABASTECIMENTO;Gasolina Comum;246,06;R$ 6,69;R$ 6,790;2846160;30/06/2026 13:20;24935;002;41260676493295000147550020000249351002464920;
23099992;30/06/2026 14:24;TRANSPORTES GRITSCH;09.576.274/0001-06;76.493.295/0001-47;POSTO 2 IRMAOS;SFD2H47;130932;38,556;ABASTECIMENTO;Gasolina Comum;257,94;R$ 6,69;R$ 6,790;2846160;30/06/2026 14:31;24946;002;41260676493295000147550020000249461002465652;
23102813;30/06/2026 16:23;TRANSPORTES GRITSCH;09.576.274/0001-06;76.493.295/0001-47;POSTO 2 IRMAOS;SFI8F40;85132;47,175;ABASTECIMENTO;Gasolina Comum;315,60;R$ 6,69;R$ 6,790;2846160;30/06/2026 16:25;24964;002;41260676493295000147550020000249641002467122;
23108632;30/06/2026 19:31;TRANSPORTES GRITSCH;09.576.274/0001-06;76.493.295/0001-47;POSTO 2 IRMAOS;SFM3H28;150203;86,890;ABASTECIMENTO;Diesel S10;589,98;R$ 6,79;R$ 6,790;2846160;30/06/2026 19:35;24987;002;41260676493295000147550020000249871002469359;
23109369;30/06/2026 20:03;TRANSPORTES GRITSCH;09.576.274/0001-06;76.493.295/0001-47;POSTO 2 IRMAOS;SFM3H30;168287;80,121;ABASTECIMENTO;Diesel S10;544,02;R$ 6,79;R$ 6,790;2846160;30/06/2026 20:10;24991;002;41260676493295000147550020000249911002469564;
23127802;01/07/2026 07:10;TRANSPORTES GRITSCH;09.576.274/0001-06;76.493.295/0001-47;POSTO 2 IRMAOS;SFM2I59;155508;94,281;ABASTECIMENTO;Diesel S10;640,16;R$ 6,79;R$ 6,790;2846160;07/07/2026 09:15;25003;002;41260776493295000147550020000250031002471255;
23128455;01/07/2026 07:45;TRANSPORTES GRITSCH;09.576.274/0001-06;76.493.295/0001-47;POSTO 2 IRMAOS;SFM3H34;141130;113,800;ABASTECIMENTO;Diesel S10;772,70;R$ 6,79;R$ 6,790;2846160;01/07/2026 08:10;25009;002;41260776493295000147550020000250091002471860;
23147626;01/07/2026 16:50;TRANSPORTES GRITSCH;09.576.274/0001-06;76.493.295/0001-47;POSTO 2 IRMAOS;SEZ7E35;158797;32,054;ABASTECIMENTO;Gasolina Comum;214,44;R$ 6,69;R$ 6,790;2846160;01/07/2026 16:55;25109;002;41260776493295000147550020000251091002476175;
23155226;01/07/2026 20:07;TRANSPORTES GRITSCH;09.576.274/0001-06;76.493.295/0001-47;POSTO 2 IRMAOS;SFM3H30;168660;69,330;ABASTECIMENTO;Diesel S10;443,02;R$ 6,39;R$ 6,790;2846160;01/07/2026 20:10;25130;002;41260776493295000147550020000251301002478074;
23155392;01/07/2026 20:14;TRANSPORTES GRITSCH;09.576.274/0001-06;76.493.295/0001-47;POSTO 2 IRMAOS;SFM3H31;114347;80,181;ABASTECIMENTO;Diesel S10;512,35;R$ 6,39;R$ 6,790;2846160;01/07/2026 20:20;25131;002;41260776493295000147550020000251311002478128;
23170818;02/07/2026 05:22;TRANSPORTES GRITSCH;09.576.274/0001-06;76.493.295/0001-47;POSTO 2 IRMAOS;BDD3B73;253072;75,980;ABASTECIMENTO;Diesel S10;485,51;R$ 6,39;R$ 6,790;2846160;02/07/2026 05:31;25139;002;41260776493295000147550020000251391002479017;
23200183;02/07/2026 19:25;TRANSPORTES GRITSCH;09.576.274/0001-06;76.493.295/0001-47;POSTO 2 IRMAOS;SFM3H30;169067;75,640;ABASTECIMENTO;Diesel S10;483,34;R$ 6,39;R$ 6,790;2846160;02/07/2026 19:31;25249;002;41260776493295000147550020000252491002485426;
23217154;03/07/2026 05:23;TRANSPORTES GRITSCH;09.576.274/0001-06;76.493.295/0001-47;POSTO 2 IRMAOS;BDD3B73;253447;54,470;ABASTECIMENTO;Diesel S10;348,06;R$ 6,39;R$ 6,790;2846160;03/07/2026 05:45;25261;002;41260776493295000147550020000252611002486664;
23218312;03/07/2026 05:54;TRANSPORTES GRITSCH;09.576.274/0001-06;76.493.295/0001-47;POSTO 2 IRMAOS;SFM3H31;114561;38,640;ABASTECIMENTO;Diesel S10;246,91;R$ 6,39;R$ 6,790;2846160;03/07/2026 06:15;25263;002;41260776493295000147550020000252631002486740;
23220194;03/07/2026 07:53;TRANSPORTES GRITSCH;09.576.274/0001-06;76.493.295/0001-47;POSTO 2 IRMAOS;SFM3H34;141917;106,041;ABASTECIMENTO;Diesel S10;677,60;R$ 6,39;R$ 6,790;2846160;03/07/2026 07:55;25269;002;41260776493295000147550020000252691002487251;
23246097;03/07/2026 19:59;TRANSPORTES GRITSCH;09.576.274/0001-06;76.493.295/0001-47;POSTO 2 IRMAOS;SFM2I59;156087;91,520;ABASTECIMENTO;Diesel S10;584,81;R$ 6,39;R$ 6,790;2846160;03/07/2026 20:01;25374;002;41260776493295000147550020000253741002493664;
;;;;;;;;;;;TOTAL POSTO: 10884,09;;;;;;;;

4380 - REDE DINO - POSTO TREVINHO
Transacao;Data;Cliente;CNPJ Cliente;CNPJ Posto;Estabelecimento;Placa;Hodometro/Horimetro;Litragem;Servico;Combustivel;Valor Total;Preco Litro;Preco Negociado;Lote;Data vinculacao;NF-e;Serie;Chave NF-e;Observacao
22989805;27/06/2026 10:22;TRANSPORTES GRITSCH;90.739.624/0018-66;08.603.562/0002-12;REDE DINO - POSTO TREVINHO;UBK4B54;31507;51,548;ABASTECIMENTO;Diesel S10;375,78;R$ 7,29;R$ 7,290;2846160;27/06/2026 10:25;52491;005;51260608603562000212550050000524911011454287;
23055324;29/06/2026 11:26;TRANSPORTES GRITSCH;90.739.624/0018-66;08.603.562/0002-12;REDE DINO - POSTO TREVINHO;UBX4G62;11087;50,968;ABASTECIMENTO;Diesel S10;371,55;R$ 7,29;R$ 7,290;2846160;29/06/2026 11:31;52537;005;51260608603562000212550050000525371011461268;
23056601;29/06/2026 12:22;TRANSPORTES GRITSCH;90.739.624/0018-66;08.603.562/0002-12;REDE DINO - POSTO TREVINHO;SDT4B70;229859;44,587;ABASTECIMENTO;Alcool Comum;168,98;R$ 3,79;R$ 3,790;2846160;29/06/2026 12:25;52540;005;51260608603562000212550050000525401011461468;
23087910;30/06/2026 09:26;TRANSPORTES GRITSCH;90.739.624/0018-66;08.603.562/0002-12;REDE DINO - POSTO TREVINHO;SFJ2H29;82282;42,568;ABASTECIMENTO;Alcool Comum;161,33;R$ 3,79;R$ 3,790;2846160;30/06/2026 09:31;52563;005;51260608603562000212550050000525631011464283;
23089698;30/06/2026 09:55;TRANSPORTES GRITSCH;90.739.624/0018-66;08.603.562/0002-12;REDE DINO - POSTO TREVINHO;RHS8D39;166122;44,154;ABASTECIMENTO;Alcool Comum;167,34;R$ 3,79;R$ 3,790;2846160;30/06/2026 10:03;52569;005;51260608603562000212550050000525691011464511;
23090151;30/06/2026 10:01;TRANSPORTES GRITSCH;90.739.624/0018-66;08.603.562/0002-12;REDE DINO - POSTO TREVINHO;SFD5C34;265050;47,457;ABASTECIMENTO;Diesel S10;345,96;R$ 7,29;R$ 7,290;2846160;30/06/2026 10:05;52572;005;51260608603562000212550050000525721011464568;
23099967;30/06/2026 14:22;TRANSPORTES GRITSCH;90.739.624/0018-66;08.603.562/0002-12;REDE DINO - POSTO TREVINHO;BET9B48;125078;43,547;ABASTECIMENTO;Alcool Comum;165,04;R$ 3,79;R$ 3,790;2846160;30/06/2026 14:25;52590;005;51260608603562000212550050000525901011465864;
23101599;30/06/2026 15:33;TRANSPORTES GRITSCH;90.739.624/0018-66;08.603.562/0002-12;REDE DINO - POSTO TREVINHO;TBQ1G12;76633;72,213;ABASTECIMENTO;Diesel S10;526,43;R$ 7,29;R$ 7,290;2846160;30/06/2026 17:35;52601;005;51260608603562000212550050000526011011466645;
23105801;30/06/2026 17:35;TRANSPORTES GRITSCH;90.739.624/0018-66;08.603.562/0002-12;REDE DINO - POSTO TREVINHO;SFD9G67;287979;101,067;ABASTECIMENTO;Diesel S10;736,78;R$ 7,29;R$ 7,290;2846160;30/06/2026 18:05;52609;005;51260608603562000212550050000526091011466899;
23107954;30/06/2026 18:57;TRANSPORTES GRITSCH;90.739.624/0018-66;08.603.562/0002-12;REDE DINO - POSTO TREVINHO;RHZ7G21;211398;23,003;ABASTECIMENTO;Alcool Comum;87,18;R$ 3,79;R$ 3,790;2846160;30/06/2026 19:30;52613;005;51260608603562000212550050000526131011467448;
23108223;30/06/2026 19:11;TRANSPORTES GRITSCH;90.739.624/0018-66;08.603.562/0002-12;REDE DINO - POSTO TREVINHO;SET9J51;268181;22,176;ABASTECIMENTO;Diesel S10;161,66;R$ 7,29;R$ 7,290;2846160;30/06/2026 19:20;52612;005;51260608603562000212550050000526121011467319;
23136554;01/07/2026 11:28;TRANSPORTES GRITSCH;90.739.624/0018-66;08.603.562/0002-12;REDE DINO - POSTO TREVINHO;TAY6C95;73115;20,000;ABASTECIMENTO;Alcool Comum;75,80;R$ 3,79;R$ 3,790;2846160;01/07/2026 11:35;52650;005;51260708603562000212550050000526501011469910;
23138070;01/07/2026 12:25;TRANSPORTES GRITSCH;90.739.624/0018-66;08.603.562/0002-12;REDE DINO - POSTO TREVINHO;SFA6I77;166843;58,590;ABASTECIMENTO;Diesel S10;427,12;R$ 7,29;R$ 7,290;2846160;01/07/2026 12:35;52663;005;51260708603562000212550050000526631011470258;
23143315;01/07/2026 13:57;TRANSPORTES GRITSCH;90.739.624/0018-66;08.603.562/0002-12;REDE DINO - POSTO TREVINHO;TBE5I63;162260;46,162;ABASTECIMENTO;Alcool Comum;174,95;R$ 3,79;R$ 3,790;2846160;01/07/2026 14:02;52669;005;51260708603562000212550050000526691011470863;
23147211;01/07/2026 16:38;TRANSPORTES GRITSCH;90.739.624/0018-66;08.603.562/0002-12;REDE DINO - POSTO TREVINHO;SET9J51;268622;63,997;ABASTECIMENTO;Diesel S10;466,54;R$ 7,29;R$ 7,290;2846160;01/07/2026 16:45;52680;005;51260708603562000212550050000526801011471620;
23153713;01/07/2026 18:54;TRANSPORTES GRITSCH;90.739.624/0018-66;08.603.562/0002-12;REDE DINO - POSTO TREVINHO;SFF3C31;116697;60,907;ABASTECIMENTO;Diesel S10;444,01;R$ 7,29;R$ 7,290;2846160;01/07/2026 21:55;52696;005;51260708603562000212550050000526961011473240;
23178085;02/07/2026 09:23;TRANSPORTES GRITSCH;90.739.624/0018-66;08.603.562/0002-12;REDE DINO - POSTO TREVINHO;RHS8D39;166313;31,835;ABASTECIMENTO;Alcool Comum;120,65;R$ 3,79;R$ 3,790;2846160;02/07/2026 09:31;52701;005;51260708603562000212550050000527011011473993;
23182195;02/07/2026 10:55;TRANSPORTES GRITSCH;90.739.624/0018-66;08.603.562/0002-12;REDE DINO - POSTO TREVINHO;RHS8D32;145424;35,726;ABASTECIMENTO;Alcool Comum;135,40;R$ 3,79;R$ 3,790;2846160;02/07/2026 11:01;52723;005;51260708603562000212550050000527231011474679;
23189176;02/07/2026 13:49;TRANSPORTES GRITSCH;90.739.624/0018-66;08.603.562/0002-12;REDE DINO - POSTO TREVINHO;TBE5I67;170890;36,555;ABASTECIMENTO;Alcool Comum;138,54;R$ 3,79;R$ 3,790;2846160;02/07/2026 13:55;52738;005;51260708603562000212550050000527381011475449;
23189664;02/07/2026 14:08;TRANSPORTES GRITSCH;90.739.624/0018-66;08.603.562/0002-12;REDE DINO - POSTO TREVINHO;SDT4B70;230069;24,526;ABASTECIMENTO;Alcool Comum;92,95;R$ 3,79;R$ 3,790;2846160;02/07/2026 14:15;52740;005;51260708603562000212550050000527401011475544;
23190931;02/07/2026 15:13;TRANSPORTES GRITSCH;90.739.624/0018-66;08.603.562/0002-12;REDE DINO - POSTO TREVINHO;UBX4G62;12520;54,098;ABASTECIMENTO;Diesel S10;394,37;R$ 7,29;R$ 7,290;2846160;02/07/2026 15:20;52743;005;51260708603562000212550050000527431011475767;
23191559;02/07/2026 15:34;TRANSPORTES GRITSCH;90.739.624/0018-66;08.603.562/0002-12;REDE DINO - POSTO TREVINHO;RHZ7G20;228164;30,502;ABASTECIMENTO;Alcool Comum;115,60;R$ 3,79;R$ 3,790;2846160;02/07/2026 15:50;52749;005;51260708603562000212550050000527491011475965;
23191637;02/07/2026 15:41;TRANSPORTES GRITSCH;90.739.624/0018-66;08.603.562/0002-12;REDE DINO - POSTO TREVINHO;TBQ1G12;78073;81,892;ABASTECIMENTO;Diesel S10;596,99;R$ 7,29;R$ 7,290;2846160;02/07/2026 15:45;52748;005;51260708603562000212550050000527481011475950;
23221066;03/07/2026 08:31;TRANSPORTES GRITSCH;90.739.624/0018-66;08.603.562/0002-12;REDE DINO - POSTO TREVINHO;TBE5I63;162472;32,059;ABASTECIMENTO;Alcool Comum;121,50;R$ 3,79;R$ 3,790;2846160;03/07/2026 09:10;52784;005;51260708603562000212550050000527841011478645;
23234748;03/07/2026 14:05;TRANSPORTES GRITSCH;90.739.624/0018-66;08.603.562/0002-12;REDE DINO - POSTO TREVINHO;RHZ7G21;211883;23,502;ABASTECIMENTO;Alcool Comum;89,07;R$ 3,79;R$ 3,790;2846160;03/07/2026 14:10;52806;005;51260708603562000212550050000528061011480274;
23238108;03/07/2026 16:34;TRANSPORTES GRITSCH;90.739.624/0018-66;08.603.562/0002-12;REDE DINO - POSTO TREVINHO;RHZ7G20;228720;42,043;ABASTECIMENTO;Alcool Comum;159,34;R$ 3,79;R$ 3,790;2846160;03/07/2026 16:40;52813;005;51260708603562000212550050000528131011480864;
23241940;03/07/2026 17:36;TRANSPORTES GRITSCH;90.739.624/0018-66;08.603.562/0002-12;REDE DINO - POSTO TREVINHO;TBQ1G12;78866;84,217;ABASTECIMENTO;Diesel S10;613,94;R$ 7,29;R$ 7,290;2846160;03/07/2026 19:15;52824;005;51260708603562000212550050000528241011481813;
;;;;;;;;;;;TOTAL POSTO: 7434,80;;;;;;;;

17893 - POSTO CASAGRANDA
Transacao;Data;Cliente;CNPJ Cliente;CNPJ Posto;Estabelecimento;Placa;Hodometro/Horimetro;Litragem;Servico;Combustivel;Valor Total;Preco Litro;Preco Negociado;Lote;Data vinculacao;NF-e;Serie;Chave NF-e;Observacao
22990181;27/06/2026 10:40;TRANSPORTES GRITSCH;90.739.624/0018-66;01.594.553/0001-82;POSTO CASAGRANDA;SFN1H25;129982;22,851;ABASTECIMENTO;Alcool Comum;90,49;R$ 3,96;R$ 3,960;2846160;29/06/2026 13:11;69281;010;51260601594553000182550100000692811010145665;
23106815;30/06/2026 18:11;TRANSPORTES GRITSCH;90.739.624/0018-66;01.594.553/0001-82;POSTO CASAGRANDA;SFN1H25;130420;21,551;ABASTECIMENTO;Alcool Comum;85,34;R$ 3,96;R$ 3,960;2846160;01/07/2026 17:44;69668;010;51260601594553000182550100000696681010171640;
23144673;01/07/2026 14:55;TRANSPORTES GRITSCH;90.739.624/0018-66;01.594.553/0001-82;POSTO CASAGRANDA;SFN1H25;130945;35,430;ABASTECIMENTO;Alcool Comum;140,30;R$ 3,96;R$ 3,960;2846160;01/07/2026 17:44;69774;010;51260701594553000182550100000697741010177733;
;;;;;;;;;;;TOTAL POSTO: 316,13;;;;;;;;

4977 - POSTO 2 IRMAOS II
Transacao;Data;Cliente;CNPJ Cliente;CNPJ Posto;Estabelecimento;Placa;Hodometro/Horimetro;Litragem;Servico;Combustivel;Valor Total;Preco Litro;Preco Negociado;Lote;Data vinculacao;NF-e;Serie;Chave NF-e;Observacao
22991017;27/06/2026 11:27;TRANSPORTES GRITSCH;09.576.274/0001-06;03.302.675/0001-83;POSTO 2 IRMAOS II;SDR5H06;98546;44,211;ABASTECIMENTO;Gasolina Comum;304,61;R$ 6,89;R$ 6,890;2846160;30/06/2026 15:45;204032;001;41260603302675000183550010002040321025023830;
;;;;;;;;;;;TOTAL POSTO: 304,61;;;;;;;;

25292 - POSTO PINHEIRO RIO VERDE
Transacao;Data;Cliente;CNPJ Cliente;CNPJ Posto;Estabelecimento;Placa;Hodometro/Horimetro;Litragem;Servico;Combustivel;Valor Total;Preco Litro;Preco Negociado;Lote;Data vinculacao;NF-e;Serie;Chave NF-e;Observacao
22991204;27/06/2026 11:33;TRANSPORTES GRITSCH;90.739.624/0019-47;37.489.429/0001-02;POSTO PINHEIRO RIO VERDE;UBA9H34;67540;40,350;ABASTECIMENTO;Diesel S10;292,13;R$ 7,24;-;2846160;27/06/2026 11:40;4320;001;52260637489429000102550010000043201353763815;
23047036;29/06/2026 06:23;TRANSPORTES GRITSCH;90.739.624/0019-47;37.489.429/0001-02;POSTO PINHEIRO RIO VERDE;SDU9F98;179667;42,481;ABASTECIMENTO;Gasolina Comum;286,32;R$ 6,74;R$ 6,740;2846160;29/06/2026 06:25;4322;001;52260637489429000102550010000043221373788966;
23055867;29/06/2026 11:44;TRANSPORTES GRITSCH;90.739.624/0019-47;37.489.429/0001-02;POSTO PINHEIRO RIO VERDE;SEP6E26;100206;29,190;ABASTECIMENTO;Gasolina Comum;196,74;R$ 6,74;R$ 6,740;2846160;29/06/2026 11:50;4323;001;52260637489429000102550010000043231373799868;
23091454;30/06/2026 10:28;TRANSPORTES GRITSCH;90.739.624/0019-47;37.489.429/0001-02;POSTO PINHEIRO RIO VERDE;SFI4A20;177505;58,670;ABASTECIMENTO;Diesel S10;424,77;R$ 7,24;-;2846160;30/06/2026 10:31;4324;001;52260637489429000102550010000043241383808468;
23105049;30/06/2026 17:15;TRANSPORTES GRITSCH;90.739.624/0019-47;37.489.429/0001-02;POSTO PINHEIRO RIO VERDE;SFD2H34;177124;46,820;ABASTECIMENTO;Gasolina Comum;315,57;R$ 6,74;R$ 6,740;2846160;30/06/2026 17:20;4327;001;52260637489429000102550010000043271383831437;
23129695;01/07/2026 08:47;TRANSPORTES GRITSCH;90.739.624/0019-47;37.489.429/0001-02;POSTO PINHEIRO RIO VERDE;SDU9F51;129401;31,550;ABASTECIMENTO;Gasolina Comum;212,65;R$ 6,74;R$ 6,740;2846160;01/07/2026 08:50;4329;001;52260737489429000102550010000043291103854456;
23131905;01/07/2026 09:50;TRANSPORTES GRITSCH;90.739.624/0019-47;37.489.429/0001-02;POSTO PINHEIRO RIO VERDE;SDU9F98;180135;50,211;ABASTECIMENTO;Gasolina Comum;338,42;R$ 6,74;R$ 6,740;2846160;01/07/2026 09:55;4330;001;52260737489429000102550010000043301103869497;
23153310;01/07/2026 18:36;TRANSPORTES GRITSCH;90.739.624/0019-47;37.489.429/0001-02;POSTO PINHEIRO RIO VERDE;SEP6E26;101270;46,340;ABASTECIMENTO;Gasolina Comum;312,33;R$ 6,74;R$ 6,740;2846160;01/07/2026 18:40;4335;001;52260737489429000102550010000043351103918257;
23221345;03/07/2026 08:42;TRANSPORTES GRITSCH;90.739.624/0019-47;37.489.429/0001-02;POSTO PINHEIRO RIO VERDE;SFD2H38;102058;36,280;ABASTECIMENTO;Gasolina Comum;244,53;R$ 6,74;R$ 6,740;2846160;03/07/2026 08:50;4338;001;52260737489429000102550010000043381123941809;
23223684;03/07/2026 09:44;TRANSPORTES GRITSCH;90.739.624/0019-47;37.489.429/0001-02;POSTO PINHEIRO RIO VERDE;SDU9F98;180352;34,171;ABASTECIMENTO;Gasolina Comum;230,31;R$ 6,74;R$ 6,740;2846160;03/07/2026 09:50;4339;001;52260737489429000102550010000043391123954827;
;;;;;;;;;;;TOTAL POSTO: 2853,77;;;;;;;;

5234 - SIM REDE - ALEGRETE - 019877 - CENTRO RS
Transacao;Data;Cliente;CNPJ Cliente;CNPJ Posto;Estabelecimento;Placa;Hodometro/Horimetro;Litragem;Servico;Combustivel;Valor Total;Preco Litro;Preco Negociado;Lote;Data vinculacao;NF-e;Serie;Chave NF-e;Observacao
22992300;27/06/2026 12:35;TRANSPORTES GRITSCH;90.739.624/0023-23;07.473.735/0198-77;SIM REDE - ALEGRETE - 019877 - CENTRO RS;UBR9A92;1947;63,185;ABASTECIMENTO;Diesel S10;382,90;R$ 6,06;R$ 6,170;2846160;27/06/2026 12:37;54579;008;43260607473735019877550080000545791008910960;
23220183;03/07/2026 07:51;TRANSPORTES GRITSCH;90.739.624/0023-23;07.473.735/0198-77;SIM REDE - ALEGRETE - 019877 - CENTRO RS;UBR9A92;2391;40,480;ABASTECIMENTO;Diesel S10;245,71;R$ 6,07;R$ 6,070;2846160;03/07/2026 07:53;54951;008;43260707473735019877550080000549511008941895;
;;;;;;;;;;;TOTAL POSTO: 628,61;;;;;;;;

25323 - RODOPOSTO
Transacao;Data;Cliente;CNPJ Cliente;CNPJ Posto;Estabelecimento;Placa;Hodometro/Horimetro;Litragem;Servico;Combustivel;Valor Total;Preco Litro;Preco Negociado;Lote;Data vinculacao;NF-e;Serie;Chave NF-e;Observacao
22992768;27/06/2026 12:45;TRANSPORTES GRITSCH;90.739.624/0001-18;04.219.621/0001-11;RODOPOSTO;SFL1E46;192502;42,931;ABASTECIMENTO;Gasolina Comum;300,09;R$ 6,99;-;2846160;29/06/2026 11:51;97402;001;17260604219621000111550010000974021829945829;
23065517;29/06/2026 17:12;TRANSPORTES GRITSCH;90.739.624/0001-18;04.219.621/0001-11;RODOPOSTO;SFG4I65;103531;29,452;ABASTECIMENTO;Gasolina Comum;205,87;R$ 6,99;-;2846160;30/06/2026 09:19;97434;001;17260604219621000111550010000974341392109832;
23069418;29/06/2026 20:24;TRANSPORTES GRITSCH;90.739.624/0001-18;04.219.621/0001-11;RODOPOSTO;TAR2F19;82015;35,052;ABASTECIMENTO;Gasolina Comum;245,01;R$ 6,99;-;2846160;30/06/2026 09:22;97435;001;17260604219621000111550010000974351491591001;
23100642;30/06/2026 14:49;TRANSPORTES GRITSCH;90.739.624/0001-18;04.219.621/0001-11;RODOPOSTO;UAV5J75;137703;36,937;ABASTECIMENTO;Gasolina Comum;258,19;R$ 6,99;-;2846160;06/07/2026 09:52;97675;001;17260704219621000111550010000976751588570106;
23104338;30/06/2026 17:03;TRANSPORTES GRITSCH;90.739.624/0001-18;04.219.621/0001-11;RODOPOSTO;SFA8J72;127825;20,530;ABASTECIMENTO;Gasolina Comum;143,50;R$ 6,99;-;2846160;06/07/2026 09:57;97677;001;17260704219621000111550010000976771211104932;
23104443;30/06/2026 17:04;TRANSPORTES GRITSCH;90.739.624/0001-18;04.219.621/0001-11;RODOPOSTO;SFG4I65;104386;32,630;ABASTECIMENTO;Gasolina Comum;228,08;R$ 6,99;-;2846160;06/07/2026 10:31;97678;001;17260704219621000111550010000976781971220017;
23104536;30/06/2026 17:05;TRANSPORTES GRITSCH;90.739.624/0001-18;04.219.621/0001-11;RODOPOSTO;SFL1E46;192776;19,793;ABASTECIMENTO;Gasolina Comum;138,35;R$ 6,99;-;2846160;06/07/2026 10:37;97679;001;17260704219621000111550010000976791041502899;
23109383;30/06/2026 20:05;TRANSPORTES GRITSCH;90.739.624/0001-18;04.219.621/0001-11;RODOPOSTO;TAR2F19;82856;33,192;ABASTECIMENTO;Gasolina Comum;232,01;R$ 6,99;-;2846160;06/07/2026 10:55;97680;001;17260704219621000111550010000976801588570106;
23150749;01/07/2026 17:36;TRANSPORTES GRITSCH;90.739.624/0001-18;04.219.621/0001-11;RODOPOSTO;SFG4I65;105313;38,250;ABASTECIMENTO;Gasolina Comum;267,37;R$ 6,99;-;2846160;06/07/2026 11:16;97682;001;17260704219621000111550010000976821110486600;
23155424;01/07/2026 20:16;TRANSPORTES GRITSCH;90.739.624/0001-18;04.219.621/0001-11;RODOPOSTO;TAR2F19;83666;34,462;ABASTECIMENTO;Gasolina Comum;240,89;R$ 6,99;-;2846160;06/07/2026 11:30;97684;001;17260704219621000111550010000976841910964102;
23175685;02/07/2026 08:37;TRANSPORTES GRITSCH;90.739.624/0001-18;04.219.621/0001-11;RODOPOSTO;RHS8D34;223760;32,482;ABASTECIMENTO;Gasolina Comum;227,05;R$ 6,99;-;2846160;06/07/2026 11:32;97685;001;17260704219621000111550010000976851101460124;
23194475;02/07/2026 17:12;TRANSPORTES GRITSCH;90.739.624/0001-18;04.219.621/0001-11;RODOPOSTO;SFG4I65;106207;37,777;ABASTECIMENTO;Gasolina Comum;264,06;R$ 6,99;-;2846160;06/07/2026 11:40;97686;001;17260704219621000111550010000976861521189102;
23202807;02/07/2026 20:52;TRANSPORTES GRITSCH;90.739.624/0001-18;04.219.621/0001-11;RODOPOSTO;TAR2F19;84523;38,200;ABASTECIMENTO;Gasolina Comum;267,02;R$ 6,99;-;2846160;06/07/2026 11:39;97687;001;17260704219621000111550010000976871364175700;
23239028;03/07/2026 16:57;TRANSPORTES GRITSCH;90.739.624/0001-18;04.219.621/0001-11;RODOPOSTO;SFG4I65;107070;30,430;ABASTECIMENTO;Gasolina Comum;212,71;R$ 6,99;-;2846160;06/07/2026 11:39;97688;001;17260704219621000111550010000976881534457482;
;;;;;;;;;;;TOTAL POSTO: 3230,20;;;;;;;;

25304 - AUTO POSTO CIDADE - PORANGATU
Transacao;Data;Cliente;CNPJ Cliente;CNPJ Posto;Estabelecimento;Placa;Hodometro/Horimetro;Litragem;Servico;Combustivel;Valor Total;Preco Litro;Preco Negociado;Lote;Data vinculacao;NF-e;Serie;Chave NF-e;Observacao
22996354;27/06/2026 13:32;TRANSPORTES GRITSCH;90.739.624/0019-47;33.360.405/0001-90;AUTO POSTO CIDADE - PORANGATU;SFD2H32;283121;42,670;ABASTECIMENTO;Gasolina Comum;294,00;R$ 6,89;-;2846160;27/06/2026 13:40;38169;002;52260633360405000190550020000381691008725199;
22997375;27/06/2026 14:39;TRANSPORTES GRITSCH;90.739.624/0019-47;33.360.405/0001-90;AUTO POSTO CIDADE - PORANGATU;RHC1F97;206486;30,700;ABASTECIMENTO;Gasolina Comum;211,52;R$ 6,89;-;2846160;27/06/2026 14:45;38170;002;52260633360405000190550020000381701008725297;
23056948;29/06/2026 12:36;TRANSPORTES GRITSCH;90.739.624/0019-47;33.360.405/0001-90;AUTO POSTO CIDADE - PORANGATU;SFD2H32;283562;51,510;ABASTECIMENTO;Gasolina Comum;354,90;R$ 6,89;-;2846160;29/06/2026 12:45;38171;002;52260633360405000190550020000381711008731340;
23065030;29/06/2026 16:51;TRANSPORTES GRITSCH;90.739.624/0019-47;33.360.405/0001-90;AUTO POSTO CIDADE - PORANGATU;RHC1F97;206907;33,200;ABASTECIMENTO;Gasolina Comum;228,75;R$ 6,89;-;2846160;29/06/2026 16:55;38172;002;52260633360405000190550020000381721008732026;
23074336;29/06/2026 22:25;TRANSPORTES GRITSCH;90.739.624/0019-47;33.360.405/0001-90;AUTO POSTO CIDADE - PORANGATU;UAV5J73;145581;40,000;ABASTECIMENTO;Gasolina Comum;275,60;R$ 6,89;-;2846160;29/06/2026 22:30;38173;002;52260633360405000190550020000381731008732872;
23074446;29/06/2026 22:41;TRANSPORTES GRITSCH;90.739.624/0019-47;33.360.405/0001-90;AUTO POSTO CIDADE - PORANGATU;SFG4I65;103958;32,300;ABASTECIMENTO;Gasolina Comum;222,55;R$ 6,89;-;2846160;29/06/2026 22:45;38174;002;52260633360405000190550020000381741008732950;
23100914;30/06/2026 15:06;TRANSPORTES GRITSCH;90.739.624/0019-47;33.360.405/0001-90;AUTO POSTO CIDADE - PORANGATU;SFD2H32;284131;48,000;ABASTECIMENTO;Gasolina Comum;330,72;R$ 6,89;-;2846160;30/06/2026 15:15;38177;002;52260633360405000190550020000381771008734700;
23115057;30/06/2026 22:26;TRANSPORTES GRITSCH;90.739.624/0019-47;33.360.405/0001-90;AUTO POSTO CIDADE - PORANGATU;SFG4I65;104807;36,120;ABASTECIMENTO;Gasolina Comum;248,87;R$ 6,89;-;2846160;30/06/2026 22:30;38178;002;52260633360405000190550020000381781008736629;
23115695;30/06/2026 23:15;TRANSPORTES GRITSCH;90.739.624/0019-47;33.360.405/0001-90;AUTO POSTO CIDADE - PORANGATU;UAV5J73;146486;35,000;ABASTECIMENTO;Gasolina Comum;241,15;R$ 6,89;-;2846160;30/06/2026 23:31;38179;002;52260633360405000190550020000381791008736863;
23117555;01/07/2026 00:48;TRANSPORTES GRITSCH;90.739.624/0019-47;33.360.405/0001-90;AUTO POSTO CIDADE - PORANGATU;TBQ1G08;140226;25,326;ABASTECIMENTO;Arla 32;88,64;R$ 3,50;-;2846160;01/07/2026 01:10;38180;002;52260733360405000190550020000381801008736949;
23152184;01/07/2026 17:51;TRANSPORTES GRITSCH;90.739.624/0019-47;33.360.405/0001-90;AUTO POSTO CIDADE - PORANGATU;SFD2H32;284593;53,070;ABASTECIMENTO;Gasolina Comum;365,65;R$ 6,89;-;2846160;01/07/2026 17:55;38181;002;52260733360405000190550020000381811008739643;
23152605;01/07/2026 18:02;TRANSPORTES GRITSCH;90.739.624/0019-47;33.360.405/0001-90;AUTO POSTO CIDADE - PORANGATU;RHC1F97;207477;42,800;ABASTECIMENTO;Gasolina Comum;294,89;R$ 6,89;-;2846160;01/07/2026 18:05;38182;002;52260733360405000190550020000381821008739683;
23160666;01/07/2026 22:18;TRANSPORTES GRITSCH;90.739.624/0019-47;33.360.405/0001-90;AUTO POSTO CIDADE - PORANGATU;UAV5J73;147859;41,510;ABASTECIMENTO;Gasolina Comum;286,00;R$ 6,89;-;2846160;01/07/2026 22:20;38183;002;52260733360405000190550020000381831008740590;
23161266;01/07/2026 23:02;TRANSPORTES GRITSCH;90.739.624/0019-47;33.360.405/0001-90;AUTO POSTO CIDADE - PORANGATU;SFG4I65;105735;34,000;ABASTECIMENTO;Gasolina Comum;234,26;R$ 6,89;-;2846160;01/07/2026 23:10;38184;002;52260733360405000190550020000381841008740686;
23194069;02/07/2026 17:06;TRANSPORTES GRITSCH;90.739.624/0019-47;33.360.405/0001-90;AUTO POSTO CIDADE - PORANGATU;SFD2H32;285176;51,130;ABASTECIMENTO;Gasolina Comum;352,29;R$ 6,89;-;2846160;02/07/2026 17:10;38185;002;52260733360405000190550020000381851008742970;
23195164;02/07/2026 17:25;TRANSPORTES GRITSCH;90.739.624/0019-47;33.360.405/0001-90;AUTO POSTO CIDADE - PORANGATU;RHC1F97;207906;34,150;ABASTECIMENTO;Gasolina Comum;235,29;R$ 6,89;-;2846160;02/07/2026 17:31;38186;002;52260733360405000190550020000381861008743051;
23206410;02/07/2026 22:26;TRANSPORTES GRITSCH;90.739.624/0019-47;33.360.405/0001-90;AUTO POSTO CIDADE - PORANGATU;SFG4I65;106640;39,000;ABASTECIMENTO;Gasolina Comum;268,71;R$ 6,89;-;2846160;02/07/2026 22:31;38187;002;52260733360405000190550020000381871008744080;
23206844;02/07/2026 23:04;TRANSPORTES GRITSCH;90.739.624/0019-47;33.360.405/0001-90;AUTO POSTO CIDADE - PORANGATU;UAV5J73;149570;37,000;ABASTECIMENTO;Gasolina Comum;254,93;R$ 6,89;-;2846160;02/07/2026 23:25;38188;002;52260733360405000190550020000381881008744125;
23244461;03/07/2026 18:44;TRANSPORTES GRITSCH;90.739.624/0019-47;33.360.405/0001-90;AUTO POSTO CIDADE - PORANGATU;RHC1F97;208410;41,300;ABASTECIMENTO;Gasolina Comum;280,43;R$ 6,79;-;2846160;03/07/2026 19:05;38192;002;52260733360405000190550020000381921008747046;
23251840;03/07/2026 22:27;TRANSPORTES GRITSCH;90.739.624/0019-47;33.360.405/0001-90;AUTO POSTO CIDADE - PORANGATU;SFG4I65;107495;35,000;ABASTECIMENTO;Gasolina Comum;237,65;R$ 6,79;-;2846160;03/07/2026 22:40;38193;002;52260733360405000190550020000381931008748341;
23252945;03/07/2026 23:46;TRANSPORTES GRITSCH;90.739.624/0019-47;33.360.405/0001-90;AUTO POSTO CIDADE - PORANGATU;UAV5J73;150492;42,000;ABASTECIMENTO;Gasolina Comum;285,18;R$ 6,79;-;2846160;03/07/2026 23:55;38194;002;52260733360405000190550020000381941008748608;
;;;;;;;;;;;TOTAL POSTO: 5591,98;;;;;;;;

25154 - AUTO POSTO DUQUE CENTENARIO
Transacao;Data;Cliente;CNPJ Cliente;CNPJ Posto;Estabelecimento;Placa;Hodometro/Horimetro;Litragem;Servico;Combustivel;Valor Total;Preco Litro;Preco Negociado;Lote;Data vinculacao;NF-e;Serie;Chave NF-e;Observacao
23005713;27/06/2026 20:37;TRANSPORTES GRITSCH;90.739.624/0003-80;27.751.075/0176-40;AUTO POSTO DUQUE CENTENARIO;TBS6E45;105368;252,600;ABASTECIMENTO;Diesel S10;1740,41;R$ 6,89;R$ 7,190;2846160;29/06/2026 16:57;3855;001;35260627751075017640550010000038551416772699;
23005846;27/06/2026 20:39;TRANSPORTES GRITSCH;90.739.624/0003-80;27.751.075/0176-40;AUTO POSTO DUQUE CENTENARIO;TAS4H20;170175;30,211;ABASTECIMENTO;Diesel S10;208,15;R$ 6,89;R$ 7,190;2846160;29/06/2026 16:57;3854;001;35260627751075017640550010000038541416772446;
23064762;29/06/2026 16:36;TRANSPORTES GRITSCH;90.739.624/0003-80;27.751.075/0176-40;AUTO POSTO DUQUE CENTENARIO;TAS4H20;170672;48,671;ABASTECIMENTO;Diesel S10;335,34;R$ 6,89;R$ 7,190;2846160;01/07/2026 16:56;3884;001;35260727751075017640550010000038841417880130;
23161746;01/07/2026 23:40;TRANSPORTES GRITSCH;90.739.624/0003-80;27.751.075/0176-40;AUTO POSTO DUQUE CENTENARIO;TAS4H20;171966;31,941;ABASTECIMENTO;Diesel S10;220,07;R$ 6,89;R$ 7,190;2846160;06/07/2026 10:48;3942;001;35260727751075017640550010000039421420123145;
23206541;02/07/2026 22:34;TRANSPORTES GRITSCH;90.739.624/0003-80;27.751.075/0176-40;AUTO POSTO DUQUE CENTENARIO;TBA7D21;169475;32,681;ABASTECIMENTO;Diesel S10;225,17;R$ 6,89;R$ 7,190;2846160;06/07/2026 10:48;3941;001;35260727751075017640550010000039411420123008;
;;;;;;;;;;;TOTAL POSTO: 2729,14;;;;;;;;

24552 - MANDARIN AUTO POSTO
Transacao;Data;Cliente;CNPJ Cliente;CNPJ Posto;Estabelecimento;Placa;Hodometro/Horimetro;Litragem;Servico;Combustivel;Valor Total;Preco Litro;Preco Negociado;Lote;Data vinculacao;NF-e;Serie;Chave NF-e;Observacao
23029623;28/06/2026 15:14;TRANSPORTES GRITSCH;90.739.624/0003-80;50.206.655/0001-99;MANDARIN AUTO POSTO;UCB6D90;7690;107,138;ABASTECIMENTO;Diesel S10;781,03;R$ 7,29;R$ 7,890;2846160;29/06/2026 08:04;15208;001;35260650206655000199550010000152081000323030;
23068522;29/06/2026 19:34;TRANSPORTES GRITSCH;90.739.624/0003-80;50.206.655/0001-99;MANDARIN AUTO POSTO;RHK5H76;97771;46,604;ABASTECIMENTO;Gasolina Comum;307,12;R$ 6,59;-;2846160;30/06/2026 09:37;15215;001;35260650206655000199550010000152151000323166;
23106536;30/06/2026 18:03;TRANSPORTES GRITSCH;90.739.624/0003-80;50.206.655/0001-99;MANDARIN AUTO POSTO;SDR4D95;145213;40,609;ABASTECIMENTO;Gasolina Comum;267,61;R$ 6,59;-;2846160;01/07/2026 07:23;15216;001;35260750206655000199550010000152161000323230;
23154086;01/07/2026 19:12;TRANSPORTES GRITSCH;90.739.624/0003-80;50.206.655/0001-99;MANDARIN AUTO POSTO;RHB3H13;200794;70,116;ABASTECIMENTO;Alcool Comum;279,76;R$ 3,99;-;2846160;02/07/2026 09:52;15266;001;35260750206655000199550010000152661000323746;
23190984;02/07/2026 15:14;TRANSPORTES GRITSCH;90.739.624/0003-80;50.206.655/0001-99;MANDARIN AUTO POSTO;BDF6H38;158987;55,993;ABASTECIMENTO;Gasolina Comum;368,99;R$ 6,59;-;2846160;03/07/2026 09:32;15270;001;35260750206655000199550010000152701000323919;
23191604;02/07/2026 15:37;TRANSPORTES GRITSCH;90.739.624/0003-80;50.206.655/0001-99;MANDARIN AUTO POSTO;TBK1J24;134780;63,629;ABASTECIMENTO;Diesel S10;463,85;R$ 7,29;R$ 7,890;2846160;03/07/2026 09:33;15271;001;35260750206655000199550010000152711000323924;
23222490;03/07/2026 09:18;TRANSPORTES GRITSCH;90.739.624/0003-80;50.206.655/0001-99;MANDARIN AUTO POSTO;SEL1F35;36446;84,369;ABASTECIMENTO;Diesel S10;615,05;R$ 7,29;R$ 7,890;2846160;03/07/2026 16:06;15273;001;35260750206655000199550010000152731000323945;
23222506;03/07/2026 09:20;TRANSPORTES GRITSCH;90.739.624/0003-80;50.206.655/0001-99;MANDARIN AUTO POSTO;RHS3G77;62976;72,158;ABASTECIMENTO;Diesel S10;526,03;R$ 7,29;R$ 7,890;2846160;03/07/2026 16:06;15274;001;35260750206655000199550010000152741000323950;
23222891;03/07/2026 09:32;TRANSPORTES GRITSCH;90.739.624/0003-80;50.206.655/0001-99;MANDARIN AUTO POSTO;BDD0B37;149158;65,767;ABASTECIMENTO;Diesel S10;479,44;R$ 7,29;R$ 7,890;2846160;03/07/2026 16:06;15275;001;35260750206655000199550010000152751000323966;
23240333;03/07/2026 17:20;TRANSPORTES GRITSCH;90.739.624/0003-80;50.206.655/0001-99;MANDARIN AUTO POSTO;SEC1E94;48270;41,598;ABASTECIMENTO;Gasolina Comum;274,13;R$ 6,59;-;2846160;04/07/2026 07:57;15278;001;35260750206655000199550010000152781000324034;
23252229;03/07/2026 22:53;TRANSPORTES GRITSCH;90.739.624/0003-80;50.206.655/0001-99;MANDARIN AUTO POSTO;RHB3H13;201041;30,327;ABASTECIMENTO;Alcool Comum;121,00;R$ 3,99;-;2846160;04/07/2026 07:57;15279;001;35260750206655000199550010000152791000324040;
;;;;;;;;;;;TOTAL POSTO: 4484,01;;;;;;;;

4816 - POSTO ZANDONA 12
Transacao;Data;Cliente;CNPJ Cliente;CNPJ Posto;Estabelecimento;Placa;Hodometro/Horimetro;Litragem;Servico;Combustivel;Valor Total;Preco Litro;Preco Negociado;Lote;Data vinculacao;NF-e;Serie;Chave NF-e;Observacao
23034326;28/06/2026 18:39;TRANSPORTES GRITSCH;90.739.624/0014-32;83.392.050/0001-99;POSTO ZANDONA 12;SDU9E81;235314;46,160;ABASTECIMENTO;Gasolina Comum;313,43;R$ 6,79;-;2846160;29/06/2026 16:10;121143;002;42260683392050000199550020001211431281839410;
23047849;29/06/2026 06:49;TRANSPORTES GRITSCH;90.739.624/0014-32;83.392.050/0001-99;POSTO ZANDONA 12;SDR8D99;151076;36,230;ABASTECIMENTO;Gasolina Comum;246,00;R$ 6,79;-;2846160;30/06/2026 08:05;121172;002;42260683392050000199550020001211721290649191;
23049600;29/06/2026 07:49;TRANSPORTES GRITSCH;90.739.624/0014-32;83.392.050/0001-99;POSTO ZANDONA 12;SFD2H30;168641;23,160;ABASTECIMENTO;Gasolina Comum;157,26;R$ 6,79;-;2846160;30/06/2026 08:05;121186;002;42260683392050000199550020001211861290749442;
23050170;29/06/2026 08:10;TRANSPORTES GRITSCH;90.739.624/0014-32;83.392.050/0001-99;POSTO ZANDONA 12;TAP2C35;71900;46,630;ABASTECIMENTO;Diesel S10;300,76;R$ 6,45;R$ 6,590;2846160;30/06/2026 08:05;121190;002;42260683392050000199550020001211901290810560;
23057756;29/06/2026 12:59;TRANSPORTES GRITSCH;90.739.624/0014-32;83.392.050/0001-99;POSTO ZANDONA 12;TAZ4A46;76574;52,290;ABASTECIMENTO;Diesel S10;337,27;R$ 6,45;R$ 6,590;2846160;30/06/2026 08:05;121257;002;42260683392050000199550020001212571291259361;
23074527;29/06/2026 22:54;TRANSPORTES GRITSCH;90.739.624/0014-32;83.392.050/0001-99;POSTO ZANDONA 12;RHE2E95;310299;152,160;ABASTECIMENTO;Diesel S10;981,43;R$ 6,45;R$ 6,590;2846160;30/06/2026 08:05;121349;002;42260683392050000199550020001213491292254537;
23086466;30/06/2026 08:52;TRANSPORTES GRITSCH;90.739.624/0014-32;83.392.050/0001-99;POSTO ZANDONA 12;UBK4B52;20919;30,140;ABASTECIMENTO;Diesel S10;194,40;R$ 6,45;R$ 6,590;2846160;01/07/2026 10:55;121425;002;42260683392050000199550020001214251300852454;
23099561;30/06/2026 14:05;TRANSPORTES GRITSCH;90.739.624/0014-32;83.392.050/0001-99;POSTO ZANDONA 12;RHL3E03;541259;326,870;ABASTECIMENTO;Diesel S10;2075,62;R$ 6,35;R$ 6,590;2846160;01/07/2026 10:55;121520;002;42260683392050000199550020001215201301405507;
23100037;30/06/2026 14:28;TRANSPORTES GRITSCH;90.739.624/0014-32;83.392.050/0001-99;POSTO ZANDONA 12;BEX2E95;444691;232,460;ABASTECIMENTO;Diesel S10;1476,12;R$ 6,35;R$ 6,590;2846160;01/07/2026 10:55;121528;002;42260683392050000199550020001215281301428173;
23100065;30/06/2026 14:29;TRANSPORTES GRITSCH;90.739.624/0014-32;83.392.050/0001-99;POSTO ZANDONA 12;BEX2E95;444691;2,473;ABASTECIMENTO;Arla 32;7,39;R$ 2,99;R$ 3,490;2846160;01/07/2026 10:55;121530;002;42260683392050000199550020001215301301429119;
23101761;30/06/2026 15:38;TRANSPORTES GRITSCH;90.739.624/0014-32;83.392.050/0001-99;POSTO ZANDONA 12;SDU9E81;235532;23,050;ABASTECIMENTO;Gasolina Comum;156,51;R$ 6,79;-;2846160;01/07/2026 10:55;121562;002;42260683392050000199550020001215621301538400;
23105986;30/06/2026 17:39;TRANSPORTES GRITSCH;90.739.624/0014-32;83.392.050/0001-99;POSTO ZANDONA 12;SDR8D99;151454;33,040;ABASTECIMENTO;Gasolina Comum;224,34;R$ 6,79;-;2846160;01/07/2026 10:55;121606;002;42260683392050000199550020001216061301739533;
23106839;30/06/2026 18:12;TRANSPORTES GRITSCH;90.739.624/0014-32;83.392.050/0001-99;POSTO ZANDONA 12;TAP2C35;72458;53,090;ABASTECIMENTO;Diesel S10;337,12;R$ 6,35;R$ 6,820;2846160;01/07/2026 10:55;121611;002;42260683392050000199550020001216111301812311;
23114801;30/06/2026 22:12;TRANSPORTES GRITSCH;90.739.624/0014-32;83.392.050/0001-99;POSTO ZANDONA 12;RHE2E95;310713;105,000;ABASTECIMENTO;Diesel S10;666,75;R$ 6,35;R$ 6,820;2846160;01/07/2026 10:55;121636;002;42260683392050000199550020001216361302212171;
23130237;01/07/2026 09:06;TRANSPORTES GRITSCH;90.739.624/0014-32;83.392.050/0001-99;POSTO ZANDONA 12;SFN2E86;47629;36,410;ABASTECIMENTO;Diesel S10;231,20;R$ 6,35;R$ 6,820;2846160;02/07/2026 08:15;121709;002;42260783392050000199550020001217091010906248;
23156345;01/07/2026 20:46;TRANSPORTES GRITSCH;90.739.624/0014-32;83.392.050/0001-99;POSTO ZANDONA 12;SDT8I68;160940;43,570;ABASTECIMENTO;Gasolina Comum;295,84;R$ 6,79;-;2846160;02/07/2026 08:15;121870;002;42260783392050000199550020001218701012046186;
23175178;02/07/2026 08:22;TRANSPORTES GRITSCH;90.739.624/0014-32;83.392.050/0001-99;POSTO ZANDONA 12;SDU9E81;235736;21,770;ABASTECIMENTO;Gasolina Comum;147,82;R$ 6,79;-;2846160;03/07/2026 10:02;121947;002;42260783392050000199550020001219471020822219;
23175198;02/07/2026 08:23;TRANSPORTES GRITSCH;90.739.624/0014-32;83.392.050/0001-99;POSTO ZANDONA 12;TAP2C35;72894;38,190;ABASTECIMENTO;Diesel S10;242,51;R$ 6,35;R$ 6,820;2846160;03/07/2026 10:02;121948;002;42260783392050000199550020001219481020823220;
23175421;02/07/2026 08:29;TRANSPORTES GRITSCH;90.739.624/0014-32;83.392.050/0001-99;POSTO ZANDONA 12;TAI9A24;104952;37,350;ABASTECIMENTO;Gasolina Comum;253,61;R$ 6,79;-;2846160;03/07/2026 10:02;121951;002;42260783392050000199550020001219511020829372;
23182154;02/07/2026 10:52;TRANSPORTES GRITSCH;90.739.624/0014-32;83.392.050/0001-99;POSTO ZANDONA 12;SFK1E38;52949;61,230;ABASTECIMENTO;Diesel S10;388,81;R$ 6,35;R$ 6,820;2846160;03/07/2026 10:02;121986;002;42260783392050000199550020001219861021052407;
23189844;02/07/2026 14:22;TRANSPORTES GRITSCH;90.739.624/0014-32;83.392.050/0001-99;POSTO ZANDONA 12;RHL3E03;542087;223,640;ABASTECIMENTO;Diesel S10;1420,11;R$ 6,35;R$ 6,820;2846160;03/07/2026 10:02;122037;002;42260783392050000199550020001220371021422337;
23191833;02/07/2026 15:50;TRANSPORTES GRITSCH;90.739.624/0014-32;83.392.050/0001-99;POSTO ZANDONA 12;RHE2E95;311457;167,630;ABASTECIMENTO;Diesel S10;1064,45;R$ 6,35;R$ 6,820;2846160;03/07/2026 10:02;122062;002;42260783392050000199550020001220621021550559;
23191886;02/07/2026 15:53;TRANSPORTES GRITSCH;90.739.624/0014-32;83.392.050/0001-99;POSTO ZANDONA 12;SDR8D99;151896;46,380;ABASTECIMENTO;Gasolina Comum;314,92;R$ 6,79;-;2846160;03/07/2026 10:03;122063;002;42260783392050000199550020001220631021553067;
23200783;02/07/2026 19:56;TRANSPORTES GRITSCH;90.739.624/0014-32;83.392.050/0001-99;POSTO ZANDONA 12;RHL3E04;696702;370,020;ABASTECIMENTO;Diesel S10;2349,63;R$ 6,35;R$ 6,820;2846160;03/07/2026 10:03;122128;002;42260783392050000199550020001221281021956222;
23205473;02/07/2026 21:17;TRANSPORTES GRITSCH;90.739.624/0014-32;83.392.050/0001-99;POSTO ZANDONA 12;SFN8F94;270323;541,180;ABASTECIMENTO;Diesel S10;3436,49;R$ 6,35;R$ 6,820;2846160;03/07/2026 10:02;122136;002;42260783392050000199550020001221361022117080;
23220195;03/07/2026 07:53;TRANSPORTES GRITSCH;90.739.624/0014-32;83.392.050/0001-99;POSTO ZANDONA 12;SDU9E81;235981;23,360;ABASTECIMENTO;Gasolina Comum;158,61;R$ 6,79;-;2846160;04/07/2026 08:01;122197;002;42260783392050000199550020001221971030753107;
23220982;03/07/2026 08:28;TRANSPORTES GRITSCH;90.739.624/0014-32;83.392.050/0001-99;POSTO ZANDONA 12;SEN8A12;230528;74,780;ABASTECIMENTO;Diesel S10;474,85;R$ 6,35;R$ 6,820;2846160;04/07/2026 08:01;122217;002;42260783392050000199550020001222171030828403;
23234212;03/07/2026 13:35;TRANSPORTES GRITSCH;90.739.624/0014-32;83.392.050/0001-99;POSTO ZANDONA 12;SDR8D99;152109;16,570;ABASTECIMENTO;Gasolina Comum;112,51;R$ 6,79;-;2846160;04/07/2026 08:01;122296;002;42260783392050000199550020001222961031335536;
23237896;03/07/2026 16:26;TRANSPORTES GRITSCH;90.739.624/0014-32;83.392.050/0001-99;POSTO ZANDONA 12;SDU9F73;198392;37,720;ABASTECIMENTO;Gasolina Comum;256,12;R$ 6,79;-;2846160;04/07/2026 08:01;122344;002;42260783392050000199550020001223441031626351;
23246085;03/07/2026 19:58;TRANSPORTES GRITSCH;90.739.624/0014-32;83.392.050/0001-99;POSTO ZANDONA 12;RHE2E95;311768;76,510;ABASTECIMENTO;Diesel S10;485,84;R$ 6,35;R$ 6,820;2846160;04/07/2026 08:01;122381;002;42260783392050000199550020001223811031958048;
;;;;;;;;;;;TOTAL POSTO: 19107,72;;;;;;;;

23060 - POSTO CAPITAL
Transacao;Data;Cliente;CNPJ Cliente;CNPJ Posto;Estabelecimento;Placa;Hodometro/Horimetro;Litragem;Servico;Combustivel;Valor Total;Preco Litro;Preco Negociado;Lote;Data vinculacao;NF-e;Serie;Chave NF-e;Observacao
23036025;28/06/2026 19:40;TRANSPORTES GRITSCH;90.739.624/0014-32;82.156.977/0002-48;POSTO CAPITAL;TBG7A13;179908;212,330;ABASTECIMENTO;Diesel S10;1388,65;R$ 6,54;R$ 7,590;2846160;28/06/2026 19:45;164837;001;42260682156977000248550010001648371179794284;
23036035;28/06/2026 19:41;TRANSPORTES GRITSCH;90.739.624/0014-32;82.156.977/0002-48;POSTO CAPITAL;TBG7A13;179908;14,340;ABASTECIMENTO;Arla 32;47,17;R$ 3,29;R$ 3,590;2846160;28/06/2026 19:45;164838;001;42260682156977000248550010001648381675531803;
23048166;29/06/2026 06:57;TRANSPORTES GRITSCH;90.739.624/0014-32;82.156.977/0002-48;POSTO CAPITAL;TBG7A13;180470;164,050;ABASTECIMENTO;Diesel S10;1072,89;R$ 6,54;R$ 7,590;2846160;29/06/2026 07:01;164844;001;42260682156977000248550010001648441684581661;
23054818;29/06/2026 11:02;TRANSPORTES GRITSCH;90.739.624/0014-32;82.156.977/0002-48;POSTO CAPITAL;TAW3H22;149648;42,000;ABASTECIMENTO;Diesel S10;274,66;R$ 6,54;R$ 7,590;2846160;29/06/2026 11:05;164872;001;42260682156977000248550010001648721753478393;
23058976;29/06/2026 13:38;TRANSPORTES GRITSCH;90.739.624/0014-32;82.156.977/0002-48;POSTO CAPITAL;SFM3H44;65298;24,310;ABASTECIMENTO;Diesel S10;159,00;R$ 6,54;R$ 7,590;2846160;29/06/2026 13:40;164885;001;42260682156977000248550010001648851556992459;
23061002;29/06/2026 14:46;TRANSPORTES GRITSCH;90.739.624/0014-32;82.156.977/0002-48;POSTO CAPITAL;SEZ3A79;141892;31,830;ABASTECIMENTO;Diesel S10;208,16;R$ 6,54;R$ 7,590;2846160;29/06/2026 14:50;164891;001;42260682156977000248550010001648911919682942;
23061987;29/06/2026 15:10;TRANSPORTES GRITSCH;90.739.624/0014-32;82.156.977/0002-48;POSTO CAPITAL;SET4H66;59393;63,330;ABASTECIMENTO;Diesel S10;414,14;R$ 6,54;R$ 7,590;2846160;29/06/2026 15:15;164894;001;42260682156977000248550010001648941308389522;
23062622;29/06/2026 15:31;TRANSPORTES GRITSCH;90.739.624/0014-32;82.156.977/0002-48;POSTO CAPITAL;TAS4H11;106449;30,010;ABASTECIMENTO;Diesel S10;196,25;R$ 6,54;R$ 7,590;2846160;29/06/2026 15:35;164895;001;42260682156977000248550010001648951816156244;
23064172;29/06/2026 16:22;TRANSPORTES GRITSCH;90.739.624/0014-32;82.156.977/0002-48;POSTO CAPITAL;SEJ1H97;197138;46,010;ABASTECIMENTO;Diesel S10;300,91;R$ 6,54;R$ 7,590;2846160;29/06/2026 16:25;164898;001;42260682156977000248550010001648981818254202;
23068745;29/06/2026 19:51;TRANSPORTES GRITSCH;90.739.624/0014-32;82.156.977/0002-48;POSTO CAPITAL;TBQ1G07;67664;54,630;ABASTECIMENTO;Diesel S10;357,26;R$ 6,54;R$ 7,590;2846160;29/06/2026 19:55;164921;001;42260682156977000248550010001649211442644328;
23084247;30/06/2026 07:15;TRANSPORTES GRITSCH;90.739.624/0014-32;82.156.977/0002-48;POSTO CAPITAL;TBG7A13;181157;191,440;ABASTECIMENTO;Diesel S10;1252,04;R$ 6,54;R$ 7,590;2846160;30/06/2026 07:20;164926;001;42260682156977000248550010001649261518049227;
23084261;30/06/2026 07:17;TRANSPORTES GRITSCH;90.739.624/0014-32;82.156.977/0002-48;POSTO CAPITAL;TBG7A13;181157;22,640;ABASTECIMENTO;Arla 32;74,49;R$ 3,29;R$ 3,590;2846160;30/06/2026 07:20;164927;001;42260682156977000248550010001649271808178612;
23092564;30/06/2026 11:03;TRANSPORTES GRITSCH;90.739.624/0014-32;82.156.977/0002-48;POSTO CAPITAL;TAW3H22;150075;36,380;ABASTECIMENTO;Diesel S10;237,94;R$ 6,54;R$ 7,590;2846160;30/06/2026 11:10;164950;001;42260682156977000248550010001649501724647121;
23092582;30/06/2026 11:04;TRANSPORTES GRITSCH;90.739.624/0014-32;82.156.977/0002-48;POSTO CAPITAL;TAW3H22;150075;10,730;ABASTECIMENTO;Arla 32;35,30;R$ 3,29;R$ 3,590;2846160;30/06/2026 11:10;164951;001;42260682156977000248550010001649511865172240;
23102312;30/06/2026 16:01;TRANSPORTES GRITSCH;90.739.624/0014-32;82.156.977/0002-48;POSTO CAPITAL;TAS4H11;106747;29,560;ABASTECIMENTO;Diesel S10;193,30;R$ 6,54;R$ 7,590;2846160;30/06/2026 16:05;164978;001;42260682156977000248550010001649781777037620;
23102328;30/06/2026 16:02;TRANSPORTES GRITSCH;90.739.624/0014-32;82.156.977/0002-48;POSTO CAPITAL;TAS4H11;106747;1,860;ABASTECIMENTO;Arla 32;6,11;R$ 3,29;R$ 3,590;2846160;30/06/2026 16:05;164979;001;42260682156977000248550010001649791151381010;
23103790;30/06/2026 16:49;TRANSPORTES GRITSCH;90.739.624/0014-32;82.156.977/0002-48;POSTO CAPITAL;SFI8F53;169371;44,740;ABASTECIMENTO;Gasolina Comum;287,23;R$ 6,42;R$ 6,690;2846160;30/06/2026 16:55;164983;001;42260682156977000248550010001649831653852349;
23103810;30/06/2026 16:51;TRANSPORTES GRITSCH;90.739.624/0014-32;82.156.977/0002-48;POSTO CAPITAL;SFM3H44;65598;31,980;ABASTECIMENTO;Diesel S10;209,15;R$ 6,54;R$ 7,590;2846160;30/06/2026 16:55;164984;001;42260682156977000248550010001649841810454393;
23107033;30/06/2026 18:18;TRANSPORTES GRITSCH;90.739.624/0014-32;82.156.977/0002-48;POSTO CAPITAL;SEJ1H97;197496;37,270;ABASTECIMENTO;Diesel S10;243,71;R$ 6,54;R$ 7,590;2846160;30/06/2026 18:25;164995;001;42260682156977000248550010001649951297778172;
23107051;30/06/2026 18:19;TRANSPORTES GRITSCH;90.739.624/0014-32;82.156.977/0002-48;POSTO CAPITAL;SEJ1H97;197496;5,500;ABASTECIMENTO;Arla 32;18,10;R$ 3,29;R$ 3,590;2846160;30/06/2026 18:25;164996;001;42260682156977000248550010001649961202575217;
23108063;30/06/2026 19:05;TRANSPORTES GRITSCH;90.739.624/0014-32;82.156.977/0002-48;POSTO CAPITAL;SET4H66;59679;50,010;ABASTECIMENTO;Diesel S10;327,03;R$ 6,54;R$ 7,590;2846160;30/06/2026 19:10;165000;001;42260682156977000248550010001650001986407857;
23108227;30/06/2026 19:11;TRANSPORTES GRITSCH;90.739.624/0014-32;82.156.977/0002-48;POSTO CAPITAL;SEZ3A79;142110;32,010;ABASTECIMENTO;Diesel S10;209,35;R$ 6,54;R$ 7,590;2846160;30/06/2026 19:15;165001;001;42260682156977000248550010001650011467364364;
23108247;30/06/2026 19:12;TRANSPORTES GRITSCH;90.739.624/0014-32;82.156.977/0002-48;POSTO CAPITAL;SEZ3A79;142110;4,000;ABASTECIMENTO;Arla 32;13,16;R$ 3,29;R$ 3,590;2846160;30/06/2026 19:15;165002;001;42260682156977000248550010001650021565351868;
23114822;30/06/2026 22:16;TRANSPORTES GRITSCH;90.739.624/0014-32;82.156.977/0002-48;POSTO CAPITAL;TBG7A13;181847;221,840;ABASTECIMENTO;Diesel S10;1450,84;R$ 6,54;R$ 7,590;2846160;30/06/2026 22:20;165009;001;42260682156977000248550010001650091638310237;
23114924;30/06/2026 22:17;TRANSPORTES GRITSCH;90.739.624/0014-32;82.156.977/0002-48;POSTO CAPITAL;TBG7A13;181847;14,500;ABASTECIMENTO;Arla 32;47,71;R$ 3,29;R$ 3,590;2846160;30/06/2026 22:20;165010;001;42260682156977000248550010001650101660130131;
23136690;01/07/2026 11:34;TRANSPORTES GRITSCH;90.739.624/0014-32;82.156.977/0002-48;POSTO CAPITAL;TBG7A13;182409;146,370;ABASTECIMENTO;Diesel S10;957,28;R$ 6,54;R$ 7,590;2846160;01/07/2026 11:40;165042;001;42260782156977000248550010001650421752531598;
23137453;01/07/2026 11:58;TRANSPORTES GRITSCH;90.739.624/0014-32;82.156.977/0002-48;POSTO CAPITAL;TAW3H22;150580;46,500;ABASTECIMENTO;Diesel S10;304,10;R$ 6,54;R$ 7,590;2846160;01/07/2026 12:02;165045;001;42260782156977000248550010001650451523402155;
23146796;01/07/2026 16:22;TRANSPORTES GRITSCH;90.739.624/0014-32;82.156.977/0002-48;POSTO CAPITAL;TAS4H11;107033;33,020;ABASTECIMENTO;Diesel S10;215,91;R$ 6,54;R$ 7,590;2846160;01/07/2026 16:25;165074;001;42260782156977000248550010001650741544232668;
23151943;01/07/2026 17:46;TRANSPORTES GRITSCH;90.739.624/0014-32;82.156.977/0002-48;POSTO CAPITAL;SFM3H44;65944;38,050;ABASTECIMENTO;Diesel S10;246,53;R$ 6,48;R$ 7,590;2846160;01/07/2026 17:50;165085;001;42260782156977000248550010001650851979808230;
23152166;01/07/2026 17:51;TRANSPORTES GRITSCH;90.739.624/0014-32;82.156.977/0002-48;POSTO CAPITAL;SEJ1H97;197919;41,320;ABASTECIMENTO;Diesel S10;267,77;R$ 6,48;R$ 7,590;2846160;01/07/2026 17:55;165086;001;42260782156977000248550010001650861609856840;
23152675;01/07/2026 18:08;TRANSPORTES GRITSCH;90.739.624/0014-32;82.156.977/0002-48;POSTO CAPITAL;SET4H66;59917;49,460;ABASTECIMENTO;Diesel S10;320,48;R$ 6,48;R$ 7,590;2846160;01/07/2026 18:10;165089;001;42260782156977000248550010001650891171160317;
23153721;01/07/2026 18:55;TRANSPORTES GRITSCH;90.739.624/0014-32;82.156.977/0002-48;POSTO CAPITAL;TBQ1G07;68106;50,030;ABASTECIMENTO;Diesel S10;324,19;R$ 6,48;R$ 7,590;2846160;01/07/2026 19:02;165097;001;42260782156977000248550010001650971772760604;
23153739;01/07/2026 18:56;TRANSPORTES GRITSCH;90.739.624/0014-32;82.156.977/0002-48;POSTO CAPITAL;TBQ1G07;68106;11,000;ABASTECIMENTO;Arla 32;36,19;R$ 3,29;R$ 3,590;2846160;01/07/2026 19:01;165098;001;42260782156977000248550010001650981932213603;
23155455;01/07/2026 20:18;TRANSPORTES GRITSCH;90.739.624/0014-32;82.156.977/0002-48;POSTO CAPITAL;SFI8F53;169763;37,100;ABASTECIMENTO;Gasolina Comum;238,18;R$ 6,42;R$ 6,690;2846160;01/07/2026 20:25;165111;001;42260782156977000248550010001651111337907967;
23178356;02/07/2026 09:31;TRANSPORTES GRITSCH;90.739.624/0014-32;82.156.977/0002-48;POSTO CAPITAL;TAW3H22;150982;36,630;ABASTECIMENTO;Diesel S10;237,38;R$ 6,48;R$ 7,590;2846160;02/07/2026 09:35;165136;001;42260782156977000248550010001651361253486293;
23180844;02/07/2026 09:56;TRANSPORTES GRITSCH;90.739.624/0014-32;82.156.977/0002-48;POSTO CAPITAL;TBG7A13;183009;223,820;ABASTECIMENTO;Diesel S10;1450,34;R$ 6,48;R$ 7,590;2846160;02/07/2026 10:05;165141;001;42260782156977000248550010001651411167011894;
23180931;02/07/2026 09:57;TRANSPORTES GRITSCH;90.739.624/0014-32;82.156.977/0002-48;POSTO CAPITAL;TBG7A13;183009;21,900;ABASTECIMENTO;Arla 32;72,03;R$ 3,29;R$ 3,590;2846160;02/07/2026 10:05;165142;001;42260782156977000248550010001651421326197218;
23191934;02/07/2026 15:56;TRANSPORTES GRITSCH;90.739.624/0014-32;82.156.977/0002-48;POSTO CAPITAL;SEZ3A79;142547;57,003;ABASTECIMENTO;Diesel S10;369,37;R$ 6,48;R$ 7,590;2846160;02/07/2026 16:02;165181;001;42260782156977000248550010001651811856666426;
23196903;02/07/2026 17:45;TRANSPORTES GRITSCH;90.739.624/0014-32;82.156.977/0002-48;POSTO CAPITAL;SET4H66;60174;55,060;ABASTECIMENTO;Diesel S10;356,76;R$ 6,48;R$ 7,590;2846160;02/07/2026 17:50;165191;001;42260782156977000248550010001651911910481677;
23197755;02/07/2026 17:53;TRANSPORTES GRITSCH;90.739.624/0014-32;82.156.977/0002-48;POSTO CAPITAL;SFM3H44;66265;32,570;ABASTECIMENTO;Diesel S10;211,07;R$ 6,48;R$ 7,590;2846160;02/07/2026 18:03;165194;001;42260782156977000248550010001651941373124589;
23197773;02/07/2026 17:54;TRANSPORTES GRITSCH;90.739.624/0014-32;82.156.977/0002-48;POSTO CAPITAL;SFM3H44;66265;10,010;ABASTECIMENTO;Arla 32;32,92;R$ 3,29;R$ 3,590;2846160;02/07/2026 18:03;165195;001;42260782156977000248550010001651951235593882;
23198900;02/07/2026 18:33;TRANSPORTES GRITSCH;90.739.624/0014-32;82.156.977/0002-48;POSTO CAPITAL;TAS4H11;107353;32,710;ABASTECIMENTO;Diesel S10;211,96;R$ 6,48;R$ 7,590;2846160;02/07/2026 18:40;165199;001;42260782156977000248550010001651991563999361;
23199254;02/07/2026 18:47;TRANSPORTES GRITSCH;90.739.624/0014-32;82.156.977/0002-48;POSTO CAPITAL;SEJ1H97;198303;43,570;ABASTECIMENTO;Diesel S10;282,35;R$ 6,48;R$ 7,590;2846160;02/07/2026 18:50;165200;001;42260782156977000248550010001652001661020257;
23226421;03/07/2026 10:09;TRANSPORTES GRITSCH;90.739.624/0014-32;82.156.977/0002-48;POSTO CAPITAL;TBG7A13;183788;208,960;ABASTECIMENTO;Diesel S10;1354,07;R$ 6,48;R$ 7,590;2846160;03/07/2026 10:15;165226;001;42260782156977000248550010001652261310290479;
23227731;03/07/2026 11:09;TRANSPORTES GRITSCH;90.739.624/0014-32;82.156.977/0002-48;POSTO CAPITAL;TAW3H22;151476;46,420;ABASTECIMENTO;Diesel S10;300,81;R$ 6,48;R$ 7,590;2846160;03/07/2026 11:15;165233;001;42260782156977000248550010001652331179689444;
23235755;03/07/2026 14:51;TRANSPORTES GRITSCH;90.739.624/0014-32;82.156.977/0002-48;POSTO CAPITAL;SFM3H44;66518;26,730;ABASTECIMENTO;Diesel S10;173,19;R$ 6,48;R$ 7,590;2846160;03/07/2026 14:55;165262;001;42260782156977000248550010001652621411717083;
23235954;03/07/2026 15:01;TRANSPORTES GRITSCH;90.739.624/0014-32;82.156.977/0002-48;POSTO CAPITAL;TBQ1G07;68653;67,510;ABASTECIMENTO;Diesel S10;437,44;R$ 6,48;R$ 7,590;2846160;03/07/2026 15:04;165263;001;42260782156977000248550010001652631685732966;
23236458;03/07/2026 15:24;TRANSPORTES GRITSCH;90.739.624/0014-32;82.156.977/0002-48;POSTO CAPITAL;TAS4H11;107616;30,930;ABASTECIMENTO;Diesel S10;200,42;R$ 6,48;R$ 7,590;2846160;03/07/2026 15:31;165270;001;42260782156977000248550010001652701155455226;
23242174;03/07/2026 17:41;TRANSPORTES GRITSCH;90.739.624/0014-32;82.156.977/0002-48;POSTO CAPITAL;SET4H66;60421;41,080;ABASTECIMENTO;Diesel S10;266,17;R$ 6,48;R$ 7,590;2846160;14/07/2026 17:55;165288;001;42260782156977000248550010001652881480175142;
23245293;03/07/2026 19:23;TRANSPORTES GRITSCH;90.739.624/0014-32;82.156.977/0002-48;POSTO CAPITAL;SDS3F58;282881;55,000;ABASTECIMENTO;Diesel S10;356,41;R$ 6,48;R$ 7,590;2846160;03/07/2026 19:31;165298;001;42260782156977000248550010001652981953350171;
23246453;03/07/2026 20:21;TRANSPORTES GRITSCH;90.739.624/0014-32;82.156.977/0002-48;POSTO CAPITAL;SFI8F53;170411;47,530;ABASTECIMENTO;Gasolina Comum;305,15;R$ 6,42;R$ 6,690;2846160;03/07/2026 20:25;165300;001;42260782156977000248550010001653001912746240;
23252222;03/07/2026 22:50;TRANSPORTES GRITSCH;90.739.624/0014-32;82.156.977/0002-48;POSTO CAPITAL;TBG7A13;184477;210,010;ABASTECIMENTO;Diesel S10;1360,85;R$ 6,48;R$ 7,590;2846160;03/07/2026 22:55;165303;001;42260782156977000248550010001653031460572330;
23252225;03/07/2026 22:51;TRANSPORTES GRITSCH;90.739.624/0014-32;82.156.977/0002-48;POSTO CAPITAL;TBG7A13;184477;27,000;ABASTECIMENTO;Arla 32;88,83;R$ 3,29;R$ 3,590;2846160;03/07/2026 22:55;165304;001;42260782156977000248550010001653041654368060;
;;;;;;;;;;;TOTAL POSTO: 20002,70;;;;;;;;

807 - AUTO POSTO PASQUALOTTO
Transacao;Data;Cliente;CNPJ Cliente;CNPJ Posto;Estabelecimento;Placa;Hodometro/Horimetro;Litragem;Servico;Combustivel;Valor Total;Preco Litro;Preco Negociado;Lote;Data vinculacao;NF-e;Serie;Chave NF-e;Observacao
23036281;28/06/2026 19:59;TRANSPORTES GRITSCH;90.739.624/0018-66;08.512.459/0001-86;AUTO POSTO PASQUALOTTO;SDW2G50;155657;25,190;ABASTECIMENTO;Alcool Comum;100,00;R$ 3,97;R$ 3,970;2846160;30/06/2026 11:46;26532;011;51260608512459000186550110000265321385354578;
23056481;29/06/2026 12:14;TRANSPORTES GRITSCH;90.739.624/0018-66;08.512.459/0001-86;AUTO POSTO PASQUALOTTO;SDW2G50;156060;48,740;ABASTECIMENTO;Alcool Comum;193,50;R$ 3,97;R$ 3,970;2846160;29/06/2026 18:39;26483;011;51260608512459000186550110000264831271029370;
23132202;01/07/2026 10:01;TRANSPORTES GRITSCH;90.739.624/0018-66;08.512.459/0001-86;AUTO POSTO PASQUALOTTO;TAJ6B89;150103;21,870;ABASTECIMENTO;Alcool Comum;86,82;R$ 3,97;R$ 3,970;2846160;03/07/2026 17:05;26657;011;51260708512459000186550110000266571676535534;
23181993;02/07/2026 10:46;TRANSPORTES GRITSCH;90.739.624/0018-66;08.512.459/0001-86;AUTO POSTO PASQUALOTTO;TAI4I92;76699;32,630;ABASTECIMENTO;Alcool Comum;129,54;R$ 3,97;R$ 3,970;2846160;03/07/2026 17:05;26777;011;51260708512459000186550110000267771607745736;
23222141;03/07/2026 09:08;TRANSPORTES GRITSCH;90.739.624/0018-66;08.512.459/0001-86;AUTO POSTO PASQUALOTTO;TAI4I92;77147;20,620;ABASTECIMENTO;Alcool Comum;81,86;R$ 3,97;R$ 3,970;2846160;03/07/2026 17:06;26885;011;51260708512459000186550110000268851762326730;
;;;;;;;;;;;TOTAL POSTO: 591,72;;;;;;;;

968 - AUTO POSTO LIMOEIRO - PALOMA - REDE GRAAL
Transacao;Data;Cliente;CNPJ Cliente;CNPJ Posto;Estabelecimento;Placa;Hodometro/Horimetro;Litragem;Servico;Combustivel;Valor Total;Preco Litro;Preco Negociado;Lote;Data vinculacao;NF-e;Serie;Chave NF-e;Observacao
23045714;29/06/2026 05:06;TRANSPORTES GRITSCH;90.739.624/0003-80;05.065.447/0001-62;AUTO POSTO LIMOEIRO - PALOMA - REDE GRAAL;UCB6D90;8043;53,640;ABASTECIMENTO;Diesel S10;353,48;R$ 6,59;R$ 6,590;2846160;29/06/2026 09:15;364632;006;35260605065447000162550060003646321005708500;
23073697;29/06/2026 21:37;TRANSPORTES GRITSCH;90.739.624/0003-80;05.065.447/0001-62;AUTO POSTO LIMOEIRO - PALOMA - REDE GRAAL;UCB6D90;8697;61,799;ABASTECIMENTO;Diesel S10;407,25;R$ 6,59;R$ 6,590;2846160;30/06/2026 10:36;364772;006;35260605065447000162550060003647721005714781;
23082870;30/06/2026 05:27;TRANSPORTES GRITSCH;90.739.624/0003-80;05.065.447/0001-62;AUTO POSTO LIMOEIRO - PALOMA - REDE GRAAL;TAS4H20;171001;30,727;ABASTECIMENTO;Diesel S10;202,49;R$ 6,59;R$ 6,590;2846160;30/06/2026 10:36;364799;006;35260605065447000162550060003647991005716095;
23114068;30/06/2026 21:20;TRANSPORTES GRITSCH;90.739.624/0003-80;05.065.447/0001-62;AUTO POSTO LIMOEIRO - PALOMA - REDE GRAAL;TAS4H20;171641;31,945;ABASTECIMENTO;Diesel S10;210,51;R$ 6,59;R$ 6,590;2846160;01/07/2026 08:09;365046;006;35260605065447000162550060003650461005725054;
23124520;01/07/2026 05:26;TRANSPORTES GRITSCH;90.739.624/0003-80;05.065.447/0001-62;AUTO POSTO LIMOEIRO - PALOMA - REDE GRAAL;TBA7D21;168507;37,849;ABASTECIMENTO;Diesel S10;249,42;R$ 6,59;R$ 6,590;2846160;01/07/2026 08:13;365086;006;35260705065447000162550060003650861005726629;
23159345;01/07/2026 21:07;TRANSPORTES GRITSCH;90.739.624/0003-80;05.065.447/0001-62;AUTO POSTO LIMOEIRO - PALOMA - REDE GRAAL;TBA7D21;169149;32,079;ABASTECIMENTO;Diesel S10;211,40;R$ 6,59;R$ 6,590;2846160;02/07/2026 16:01;365473;006;35260705065447000162550060003654731005742954;
23171765;02/07/2026 05:30;TRANSPORTES GRITSCH;90.739.624/0003-80;05.065.447/0001-62;AUTO POSTO LIMOEIRO - PALOMA - REDE GRAAL;TAS4H20;172294;35,895;ABASTECIMENTO;Diesel S10;236,54;R$ 6,59;R$ 6,590;2846160;02/07/2026 16:03;365354;006;35260705065447000162550060003653541005737291;
23204284;02/07/2026 20:59;TRANSPORTES GRITSCH;90.739.624/0003-80;05.065.447/0001-62;AUTO POSTO LIMOEIRO - PALOMA - REDE GRAAL;TAS4H20;172933;33,370;ABASTECIMENTO;Diesel S10;216,57;R$ 6,49;R$ 6,490;2846160;03/07/2026 11:16;365555;006;35260705065447000162550060003655551005746256;
23216759;03/07/2026 05:20;TRANSPORTES GRITSCH;90.739.624/0003-80;05.065.447/0001-62;AUTO POSTO LIMOEIRO - PALOMA - REDE GRAAL;TBA7D21;169806;30,860;ABASTECIMENTO;Diesel S10;200,28;R$ 6,49;R$ 6,490;2846160;03/07/2026 11:20;365600;006;35260705065447000162550060003656001005748027;
23250551;03/07/2026 21:10;TRANSPORTES GRITSCH;90.739.624/0003-80;05.065.447/0001-62;AUTO POSTO LIMOEIRO - PALOMA - REDE GRAAL;TBA7D21;170448;29,129;ABASTECIMENTO;Diesel S10;189,04;R$ 6,49;R$ 6,490;2846160;06/07/2026 15:21;365773;006;35260705065447000162550060003657731005756862;
;;;;;;;;;;;TOTAL POSTO: 2476,98;;;;;;;;

1276 - SIM REDE - POA FARRAPOS 0153-75 - METROPOLITANA / SERRA
Transacao;Data;Cliente;CNPJ Cliente;CNPJ Posto;Estabelecimento;Placa;Hodometro/Horimetro;Litragem;Servico;Combustivel;Valor Total;Preco Litro;Preco Negociado;Lote;Data vinculacao;NF-e;Serie;Chave NF-e;Observacao
23047016;29/06/2026 06:21;TRANSPORTES GRITSCH;90.739.624/0023-23;07.473.735/0153-75;SIM REDE - POA FARRAPOS 0153-75 - METROPOLITANA / SERRA;SDT4A93;170925;34,470;ABASTECIMENTO;Gasolina Comum;213,36;R$ 6,19;-;2846160;07/07/2026 13:45;25085;008;43260607473735015375550080000250851009573303;
23147517;01/07/2026 16:45;TRANSPORTES GRITSCH;90.739.624/0023-23;07.473.735/0153-75;SIM REDE - POA FARRAPOS 0153-75 - METROPOLITANA / SERRA;SFD2H37;59799;43,720;ABASTECIMENTO;Gasolina Comum;266,25;R$ 6,09;-;2846160;01/07/2026 16:46;25198;008;43260707473735015375550080000251981009600006;
23173808;02/07/2026 07:22;TRANSPORTES GRITSCH;90.739.624/0023-23;07.473.735/0153-75;SIM REDE - POA FARRAPOS 0153-75 - METROPOLITANA / SERRA;TAS4H01;50104;58,870;ABASTECIMENTO;Diesel S10;357,34;R$ 6,07;R$ 6,180;2846160;02/07/2026 07:23;25213;008;43260707473735015375550080000252131009604948;
23181113;02/07/2026 10:06;TRANSPORTES GRITSCH;90.739.624/0023-23;07.473.735/0153-75;SIM REDE - POA FARRAPOS 0153-75 - METROPOLITANA / SERRA;UBF1G83;13053;77,200;ABASTECIMENTO;Diesel S10;468,60;R$ 6,07;R$ 6,180;2846160;02/07/2026 10:06;25234;008;43260707473735015375550080000252341009607122;
23219967;03/07/2026 07:36;TRANSPORTES GRITSCH;90.739.624/0023-23;07.473.735/0153-75;SIM REDE - POA FARRAPOS 0153-75 - METROPOLITANA / SERRA;SFM3H41;46419;45,820;ABASTECIMENTO;Diesel S10;278,12;R$ 6,07;R$ 6,070;2846160;03/07/2026 07:37;25282;008;43260707473735015375550080000252821009617133;
;;;;;;;;;;;TOTAL POSTO: 1583,67;;;;;;;;

24115 - POSTO GALO - ARIRIU 0011-56 - REDE GALO
Transacao;Data;Cliente;CNPJ Cliente;CNPJ Posto;Estabelecimento;Placa;Hodometro/Horimetro;Litragem;Servico;Combustivel;Valor Total;Preco Litro;Preco Negociado;Lote;Data vinculacao;NF-e;Serie;Chave NF-e;Observacao
23047266;29/06/2026 06:27;TRANSPORTES GRITSCH;90.739.624/0014-32;81.326.258/0011-56;POSTO GALO - ARIRIU 0011-56 - REDE GALO;TAS4H04;71327;40,311;ABASTECIMENTO;Diesel S10;277,74;R$ 6,89;R$ 7,470;2846160;29/06/2026 06:31;35245;001;42260681326258001156550010000352451001384749;
23047955;29/06/2026 06:51;TRANSPORTES GRITSCH;90.739.624/0014-32;81.326.258/0011-56;POSTO GALO - ARIRIU 0011-56 - REDE GALO;RHS8D36;142251;20,101;ABASTECIMENTO;Gasolina Comum;128,44;R$ 6,39;R$ 6,390;2846160;29/06/2026 06:55;35248;001;42260681326258001156550010000352481001384899;
23085759;30/06/2026 08:35;TRANSPORTES GRITSCH;90.739.624/0014-32;81.326.258/0011-56;POSTO GALO - ARIRIU 0011-56 - REDE GALO;TAS4H04;71728;39,326;ABASTECIMENTO;Diesel S10;270,95;R$ 6,89;R$ 7,470;2846160;01/07/2026 12:25;35268;001;42260681326258001156550010000352681001389494;
23093862;30/06/2026 12:01;TRANSPORTES GRITSCH;90.739.624/0014-32;81.326.258/0011-56;POSTO GALO - ARIRIU 0011-56 - REDE GALO;TAS4G98;49669;38,706;ABASTECIMENTO;Diesel S10;266,68;R$ 6,89;R$ 7,470;2846160;30/06/2026 12:05;35274;001;42260681326258001156550010000352741001390287;
23100766;30/06/2026 14:51;TRANSPORTES GRITSCH;90.739.624/0014-32;81.326.258/0011-56;POSTO GALO - ARIRIU 0011-56 - REDE GALO;RHS8D36;142633;32,207;ABASTECIMENTO;Gasolina Comum;205,80;R$ 6,39;R$ 6,390;2846160;30/06/2026 14:55;35277;001;42260681326258001156550010000352771001391293;
23146385;01/07/2026 16:02;TRANSPORTES GRITSCH;90.739.624/0014-32;81.326.258/0011-56;POSTO GALO - ARIRIU 0011-56 - REDE GALO;RHS8D36;142902;24,256;ABASTECIMENTO;Gasolina Comum;154,99;R$ 6,39;R$ 6,390;2846160;02/07/2026 14:34;35301;001;42260781326258001156550010000353011001396121;
23218976;03/07/2026 06:38;TRANSPORTES GRITSCH;90.739.624/0014-32;81.326.258/0011-56;POSTO GALO - ARIRIU 0011-56 - REDE GALO;RHS8D36;143143;21,941;ABASTECIMENTO;Gasolina Comum;140,20;R$ 6,39;R$ 6,390;2846160;03/07/2026 06:45;35340;001;42260781326258001156550010000353401001403517;
;;;;;;;;;;;TOTAL POSTO: 1444,80;;;;;;;;

2557 - CHAPECO - FILIAL 17 - REDE TRADICAO
Transacao;Data;Cliente;CNPJ Cliente;CNPJ Posto;Estabelecimento;Placa;Hodometro/Horimetro;Litragem;Servico;Combustivel;Valor Total;Preco Litro;Preco Negociado;Lote;Data vinculacao;NF-e;Serie;Chave NF-e;Observacao
23047480;29/06/2026 06:35;TRANSPORTES GRITSCH;90.739.624/0014-32;23.448.964/0019-21;CHAPECO - FILIAL 17 - REDE TRADICAO;TAS4G97;106871;25,690;ABASTECIMENTO;Diesel S10;161,08;R$ 6,27;R$ 7,390;2846160;29/06/2026 06:40;172521;007;42260623448964001921550070001725211034380834;
23048051;29/06/2026 06:55;TRANSPORTES GRITSCH;90.739.624/0014-32;23.448.964/0019-21;CHAPECO - FILIAL 17 - REDE TRADICAO;TBG7A10;166506;348,220;ABASTECIMENTO;Diesel S10;2183,34;R$ 6,27;R$ 7,390;2846160;29/06/2026 07:01;172525;007;42260623448964001921550070001725251885482450;
23048103;29/06/2026 06:57;TRANSPORTES GRITSCH;90.739.624/0014-32;23.448.964/0019-21;CHAPECO - FILIAL 17 - REDE TRADICAO;TBG7A10;166506;29,000;ABASTECIMENTO;Arla 32;115,71;R$ 3,99;R$ 4,390;2846160;29/06/2026 07:01;172527;007;42260623448964001921550070001725271764735807;
23048475;29/06/2026 07:06;TRANSPORTES GRITSCH;90.739.624/0014-32;23.448.964/0019-21;CHAPECO - FILIAL 17 - REDE TRADICAO;SEP6E11;152273;19,300;ABASTECIMENTO;Gasolina Comum;126,61;R$ 6,56;R$ 6,690;2846160;29/06/2026 07:10;172530;007;42260623448964001921550070001725301980216133;
23049152;29/06/2026 07:32;TRANSPORTES GRITSCH;90.739.624/0014-32;23.448.964/0019-21;CHAPECO - FILIAL 17 - REDE TRADICAO;SFN1H53;67891;26,800;ABASTECIMENTO;Gasolina Comum;175,81;R$ 6,56;R$ 6,690;2846160;29/06/2026 07:35;172534;007;42260623448964001921550070001725341093795598;
23051075;29/06/2026 08:42;TRANSPORTES GRITSCH;90.739.624/0014-32;23.448.964/0019-21;CHAPECO - FILIAL 17 - REDE TRADICAO;RHD9F45;182781;36,030;ABASTECIMENTO;Gasolina Comum;236,36;R$ 6,56;R$ 6,690;2846160;29/06/2026 08:45;172556;007;42260623448964001921550070001725561690774431;
23056450;29/06/2026 12:10;TRANSPORTES GRITSCH;90.739.624/0014-32;23.448.964/0019-21;CHAPECO - FILIAL 17 - REDE TRADICAO;TAS4G97;107124;24,980;ABASTECIMENTO;Diesel S10;156,62;R$ 6,27;R$ 7,390;2846160;29/06/2026 12:15;172601;007;42260623448964001921550070001726011146348978;
23056729;29/06/2026 12:25;TRANSPORTES GRITSCH;90.739.624/0014-32;23.448.964/0019-21;CHAPECO - FILIAL 17 - REDE TRADICAO;TAP2C38;126307;15,650;ABASTECIMENTO;Diesel S10;98,13;R$ 6,27;R$ 7,390;2846160;29/06/2026 12:31;172603;007;42260623448964001921550070001726031591235798;
23061337;29/06/2026 14:54;TRANSPORTES GRITSCH;90.739.624/0014-32;23.448.964/0019-21;CHAPECO - FILIAL 17 - REDE TRADICAO;SFN1H57;116508;33,900;ABASTECIMENTO;Gasolina Comum;222,38;R$ 6,56;R$ 6,690;2846160;29/06/2026 15:05;172623;007;42260623448964001921550070001726231065094981;
23062551;29/06/2026 15:28;TRANSPORTES GRITSCH;90.739.624/0014-32;23.448.964/0019-21;CHAPECO - FILIAL 17 - REDE TRADICAO;BCZ3J21;200366;75,180;ABASTECIMENTO;Diesel S10;471,38;R$ 6,27;R$ 7,390;2846160;29/06/2026 15:31;172627;007;42260623448964001921550070001726271576980595;
23063734;29/06/2026 16:04;TRANSPORTES GRITSCH;90.739.624/0014-32;23.448.964/0019-21;CHAPECO - FILIAL 17 - REDE TRADICAO;RHD9F45;182996;17,990;ABASTECIMENTO;Gasolina Comum;118,01;R$ 6,56;R$ 6,690;2846160;29/06/2026 16:10;172629;007;42260623448964001921550070001726291742870884;
23064771;29/06/2026 16:37;TRANSPORTES GRITSCH;90.739.624/0014-32;23.448.964/0019-21;CHAPECO - FILIAL 17 - REDE TRADICAO;UBR9B25;15280;39,960;ABASTECIMENTO;Diesel S10;250,55;R$ 6,27;R$ 7,390;2846160;29/06/2026 16:40;172633;007;42260623448964001921550070001726331848457096;
23084105;30/06/2026 07:01;TRANSPORTES GRITSCH;90.739.624/0014-32;23.448.964/0019-21;CHAPECO - FILIAL 17 - REDE TRADICAO;SDU9G05;215552;46,300;ABASTECIMENTO;Gasolina Comum;303,73;R$ 6,56;R$ 6,690;2846160;30/06/2026 07:02;172689;007;42260623448964001921550070001726891893628452;
23084636;30/06/2026 07:35;TRANSPORTES GRITSCH;90.739.624/0014-32;23.448.964/0019-21;CHAPECO - FILIAL 17 - REDE TRADICAO;SEP6E11;152555;23,090;ABASTECIMENTO;Gasolina Comum;151,47;R$ 6,56;R$ 6,690;2846160;06/07/2026 08:41;172699;007;42260623448964001921550070001726991551742827;
23084859;30/06/2026 07:49;TRANSPORTES GRITSCH;90.739.624/0014-32;23.448.964/0019-21;CHAPECO - FILIAL 17 - REDE TRADICAO;SFN1H53;68079;16,650;ABASTECIMENTO;Gasolina Comum;109,22;R$ 6,56;R$ 6,690;2846160;30/06/2026 07:55;172701;007;42260623448964001921550070001727011075105674;
23093733;30/06/2026 11:52;TRANSPORTES GRITSCH;90.739.624/0014-32;23.448.964/0019-21;CHAPECO - FILIAL 17 - REDE TRADICAO;TAP2C38;126478;28,310;ABASTECIMENTO;Diesel S10;177,50;R$ 6,27;R$ 7,390;2846160;30/06/2026 11:55;172766;007;42260623448964001921550070001727661138006249;
23100848;30/06/2026 14:59;TRANSPORTES GRITSCH;90.739.624/0014-32;23.448.964/0019-21;CHAPECO - FILIAL 17 - REDE TRADICAO;UBR9B25;15630;37,050;ABASTECIMENTO;Diesel S10;232,30;R$ 6,27;R$ 7,390;2846160;30/06/2026 15:05;172806;007;42260623448964001921550070001728061159717613;
23101152;30/06/2026 15:14;TRANSPORTES GRITSCH;90.739.624/0014-32;23.448.964/0019-21;CHAPECO - FILIAL 17 - REDE TRADICAO;SFN1H57;116691;16,330;ABASTECIMENTO;Gasolina Comum;106,47;R$ 6,52;R$ 6,690;2846160;30/06/2026 15:20;172811;007;42260623448964001921550070001728111599273721;
23101303;30/06/2026 15:20;TRANSPORTES GRITSCH;90.739.624/0014-32;23.448.964/0019-21;CHAPECO - FILIAL 17 - REDE TRADICAO;TAS4G97;107423;36,920;ABASTECIMENTO;Diesel S10;231,49;R$ 6,27;R$ 7,390;2846160;30/06/2026 15:25;172813;007;42260623448964001921550070001728131268646045;
23101963;30/06/2026 15:45;TRANSPORTES GRITSCH;90.739.624/0014-32;23.448.964/0019-21;CHAPECO - FILIAL 17 - REDE TRADICAO;RHD9F45;183232;24,510;ABASTECIMENTO;Gasolina Comum;159,81;R$ 6,52;R$ 6,690;2846160;30/06/2026 15:50;172822;007;42260623448964001921550070001728221552287347;
23128777;01/07/2026 08:03;TRANSPORTES GRITSCH;90.739.624/0014-32;23.448.964/0019-21;CHAPECO - FILIAL 17 - REDE TRADICAO;SFN1H53;68134;19,900;ABASTECIMENTO;Gasolina Comum;129,75;R$ 6,52;R$ 6,690;2846160;01/07/2026 08:05;172930;007;42260723448964001921550070001729301032362272;
23128816;01/07/2026 08:07;TRANSPORTES GRITSCH;90.739.624/0014-32;23.448.964/0019-21;CHAPECO - FILIAL 17 - REDE TRADICAO;BCZ3J21;200616;32,830;ABASTECIMENTO;Diesel S10;205,84;R$ 6,27;R$ 7,390;2846160;01/07/2026 08:10;172932;007;42260723448964001921550070001729321158361318;
23128871;01/07/2026 08:11;TRANSPORTES GRITSCH;90.739.624/0014-32;23.448.964/0019-21;CHAPECO - FILIAL 17 - REDE TRADICAO;SEL5J85;173719;73,460;ABASTECIMENTO;Diesel S10;460,59;R$ 6,27;R$ 7,390;2846160;01/07/2026 08:15;172933;007;42260723448964001921550070001729331461343506;
23128912;01/07/2026 08:12;TRANSPORTES GRITSCH;90.739.624/0014-32;23.448.964/0019-21;CHAPECO - FILIAL 17 - REDE TRADICAO;SEL5J85;173719;6,000;ABASTECIMENTO;Arla 32;23,94;R$ 3,99;R$ 4,390;2846160;01/07/2026 08:15;172934;007;42260723448964001921550070001729341125843490;
23129217;01/07/2026 08:20;TRANSPORTES GRITSCH;90.739.624/0014-32;23.448.964/0019-21;CHAPECO - FILIAL 17 - REDE TRADICAO;SEL1F42;60736;89,900;ABASTECIMENTO;Diesel S10;563,67;R$ 6,27;R$ 7,390;2846160;01/07/2026 08:25;172936;007;42260723448964001921550070001729361458626472;
23136975;01/07/2026 11:42;TRANSPORTES GRITSCH;90.739.624/0014-32;23.448.964/0019-21;CHAPECO - FILIAL 17 - REDE TRADICAO;SDU9F63;133395;48,880;ABASTECIMENTO;Gasolina Comum;318,70;R$ 6,52;R$ 6,690;2846160;01/07/2026 11:55;172984;007;42260723448964001921550070001729841017155670;
23145221;01/07/2026 15:18;TRANSPORTES GRITSCH;90.739.624/0014-32;23.448.964/0019-21;CHAPECO - FILIAL 17 - REDE TRADICAO;SFN1H57;117036;29,580;ABASTECIMENTO;Gasolina Comum;192,86;R$ 6,52;R$ 6,690;2846160;01/07/2026 15:20;173029;007;42260723448964001921550070001730291844352772;
23145986;01/07/2026 15:50;TRANSPORTES GRITSCH;90.739.624/0014-32;23.448.964/0019-21;CHAPECO - FILIAL 17 - REDE TRADICAO;TBG7A10;168272;342,070;ABASTECIMENTO;Diesel S10;2144,78;R$ 6,27;R$ 7,390;2846160;01/07/2026 15:56;173040;007;42260723448964001921550070001730401695661849;
23146068;01/07/2026 15:52;TRANSPORTES GRITSCH;90.739.624/0014-32;23.448.964/0019-21;CHAPECO - FILIAL 17 - REDE TRADICAO;TBG7A10;168272;23,000;ABASTECIMENTO;Arla 32;91,77;R$ 3,99;R$ 4,390;2846160;01/07/2026 15:55;173042;007;42260723448964001921550070001730421073131034;
23147134;01/07/2026 16:36;TRANSPORTES GRITSCH;90.739.624/0014-32;23.448.964/0019-21;CHAPECO - FILIAL 17 - REDE TRADICAO;TAP2C38;126843;42,070;ABASTECIMENTO;Diesel S10;263,78;R$ 6,27;R$ 7,390;2846160;01/07/2026 16:40;173053;007;42260723448964001921550070001730531862556320;
23147198;01/07/2026 16:38;TRANSPORTES GRITSCH;90.739.624/0014-32;23.448.964/0019-21;CHAPECO - FILIAL 17 - REDE TRADICAO;TAP2C38;126843;15,000;ABASTECIMENTO;Arla 32;59,85;R$ 3,99;R$ 4,390;2846160;01/07/2026 16:40;173054;007;42260723448964001921550070001730541742491032;
23149102;01/07/2026 17:20;TRANSPORTES GRITSCH;90.739.624/0014-32;23.448.964/0019-21;CHAPECO - FILIAL 17 - REDE TRADICAO;RHD9F45;183471;24,800;ABASTECIMENTO;Gasolina Comum;161,70;R$ 6,52;R$ 6,690;2846160;01/07/2026 17:25;173063;007;42260723448964001921550070001730631849814865;
23173654;02/07/2026 06:58;TRANSPORTES GRITSCH;90.739.624/0014-32;23.448.964/0019-21;CHAPECO - FILIAL 17 - REDE TRADICAO;TAS4G97;107700;23,440;ABASTECIMENTO;Diesel S10;146,97;R$ 6,27;R$ 7,390;2846160;02/07/2026 07:01;173123;007;42260723448964001921550070001731231403076112;
23173690;02/07/2026 07:06;TRANSPORTES GRITSCH;90.739.624/0014-32;23.448.964/0019-21;CHAPECO - FILIAL 17 - REDE TRADICAO;SDU9G05;215957;38,370;ABASTECIMENTO;Gasolina Comum;250,17;R$ 6,52;R$ 6,690;2846160;02/07/2026 07:10;173124;007;42260723448964001921550070001731241832939926;
23174417;02/07/2026 07:43;TRANSPORTES GRITSCH;90.739.624/0014-32;23.448.964/0019-21;CHAPECO - FILIAL 17 - REDE TRADICAO;SFN1H53;68514;17,020;ABASTECIMENTO;Gasolina Comum;110,97;R$ 6,52;R$ 6,690;2846160;02/07/2026 07:45;173133;007;42260723448964001921550070001731331693796586;
23175235;02/07/2026 08:26;TRANSPORTES GRITSCH;90.739.624/0014-32;23.448.964/0019-21;CHAPECO - FILIAL 17 - REDE TRADICAO;SEP6E11;152942;37,340;ABASTECIMENTO;Gasolina Comum;243,46;R$ 6,52;R$ 6,690;2846160;02/07/2026 08:31;173144;007;42260723448964001921550070001731441090550830;
23189174;02/07/2026 13:49;TRANSPORTES GRITSCH;90.739.624/0014-32;23.448.964/0019-21;CHAPECO - FILIAL 17 - REDE TRADICAO;RHK5H90;91160;52,900;ABASTECIMENTO;Gasolina Comum;344,91;R$ 6,52;R$ 6,690;2846160;02/07/2026 13:50;173211;007;42260723448964001921550070001732111272303468;
23190454;02/07/2026 14:51;TRANSPORTES GRITSCH;90.739.624/0014-32;23.448.964/0019-21;CHAPECO - FILIAL 17 - REDE TRADICAO;SFN1H57;117372;31,400;ABASTECIMENTO;Gasolina Comum;204,73;R$ 6,52;R$ 6,690;2846160;02/07/2026 14:55;173226;007;42260723448964001921550070001732261427494329;
23191045;02/07/2026 15:17;TRANSPORTES GRITSCH;90.739.624/0014-32;23.448.964/0019-21;CHAPECO - FILIAL 17 - REDE TRADICAO;UBR9B25;15956;31,770;ABASTECIMENTO;Diesel S10;199,20;R$ 6,27;R$ 7,390;2846160;02/07/2026 15:20;173234;007;42260723448964001921550070001732341379710480;
23191657;02/07/2026 15:42;TRANSPORTES GRITSCH;90.739.624/0014-32;23.448.964/0019-21;CHAPECO - FILIAL 17 - REDE TRADICAO;RHT0B69;249194;57,710;ABASTECIMENTO;Diesel S10;361,84;R$ 6,27;R$ 7,390;2846160;02/07/2026 15:45;173238;007;42260723448964001921550070001732381022096990;
23191679;02/07/2026 15:43;TRANSPORTES GRITSCH;90.739.624/0014-32;23.448.964/0019-21;CHAPECO - FILIAL 17 - REDE TRADICAO;RHT0B69;249194;2,000;ABASTECIMENTO;Arla 32;7,98;R$ 3,99;R$ 4,390;2846160;02/07/2026 15:45;173239;007;42260723448964001921550070001732391060680439;
23192779;02/07/2026 16:33;TRANSPORTES GRITSCH;90.739.624/0014-32;23.448.964/0019-21;CHAPECO - FILIAL 17 - REDE TRADICAO;RHD9F45;183731;26,990;ABASTECIMENTO;Gasolina Comum;175,97;R$ 6,52;R$ 6,690;2846160;02/07/2026 16:35;173248;007;42260723448964001921550070001732481918008243;
23192950;02/07/2026 16:37;TRANSPORTES GRITSCH;90.739.624/0014-32;23.448.964/0019-21;CHAPECO - FILIAL 17 - REDE TRADICAO;SEL5J85;174228;63,150;ABASTECIMENTO;Diesel S10;395,95;R$ 6,27;R$ 7,390;2846160;02/07/2026 16:40;173250;007;42260723448964001921550070001732501012091957;
23219429;03/07/2026 07:04;TRANSPORTES GRITSCH;90.739.624/0014-32;23.448.964/0019-21;CHAPECO - FILIAL 17 - REDE TRADICAO;TAS4G97;108022;40,040;ABASTECIMENTO;Diesel S10;251,05;R$ 6,27;R$ 7,390;2846160;03/07/2026 07:10;173301;007;42260723448964001921550070001733011121944986;
23219954;03/07/2026 07:35;TRANSPORTES GRITSCH;90.739.624/0014-32;23.448.964/0019-21;CHAPECO - FILIAL 17 - REDE TRADICAO;SFN1H53;68827;29,000;ABASTECIMENTO;Gasolina Comum;189,08;R$ 6,52;R$ 6,690;2846160;03/07/2026 07:40;173309;007;42260723448964001921550070001733091066041191;
23223171;03/07/2026 09:36;TRANSPORTES GRITSCH;90.739.624/0014-32;23.448.964/0019-21;CHAPECO - FILIAL 17 - REDE TRADICAO;SDU9F75;205527;36,640;ABASTECIMENTO;Gasolina Comum;238,89;R$ 6,52;R$ 6,690;2846160;03/07/2026 09:40;173348;007;42260723448964001921550070001733481815134454;
23234957;03/07/2026 14:14;TRANSPORTES GRITSCH;90.739.624/0014-32;23.448.964/0019-21;CHAPECO - FILIAL 17 - REDE TRADICAO;SFN1H57;117716;27,850;ABASTECIMENTO;Gasolina Comum;181,58;R$ 6,52;R$ 6,690;2846160;03/07/2026 14:15;173405;007;42260723448964001921550070001734051004023773;
23236992;03/07/2026 15:56;TRANSPORTES GRITSCH;90.739.624/0014-32;23.448.964/0019-21;CHAPECO - FILIAL 17 - REDE TRADICAO;TBG7A10;169404;323,390;ABASTECIMENTO;Diesel S10;2027,66;R$ 6,27;R$ 7,390;2846160;03/07/2026 16:03;173433;007;42260723448964001921550070001734331123902520;
23237132;03/07/2026 15:57;TRANSPORTES GRITSCH;90.739.624/0014-32;23.448.964/0019-21;CHAPECO - FILIAL 17 - REDE TRADICAO;TBG7A10;169404;23,000;ABASTECIMENTO;Arla 32;91,77;R$ 3,99;R$ 4,390;2846160;03/07/2026 16:03;173434;007;42260723448964001921550070001734341958154530;
23237333;03/07/2026 15:59;TRANSPORTES GRITSCH;90.739.624/0014-32;23.448.964/0019-21;CHAPECO - FILIAL 17 - REDE TRADICAO;RHD9F45;184013;29,450;ABASTECIMENTO;Gasolina Comum;192,01;R$ 6,52;R$ 6,690;2846160;03/07/2026 16:03;173435;007;42260723448964001921550070001734351184700255;
;;;;;;;;;;;TOTAL POSTO: 16019,39;;;;;;;;

2829 - POSTO Z+Z - BRASILIA PIONEIRO | REDE Z+Z
Transacao;Data;Cliente;CNPJ Cliente;CNPJ Posto;Estabelecimento;Placa;Hodometro/Horimetro;Litragem;Servico;Combustivel;Valor Total;Preco Litro;Preco Negociado;Lote;Data vinculacao;NF-e;Serie;Chave NF-e;Observacao
23048296;29/06/2026 07:01;TRANSPORTES GRITSCH;90.739.624/0044-58;07.822.636/0001-68;POSTO Z+Z - BRASILIA PIONEIRO | REDE Z+Z;SDU9F03;183921;26,209;ABASTECIMENTO;Gasolina Comum;161,97;R$ 6,18;R$ 6,180;2846160;29/06/2026 16:33;3489;002;53260607822636000168550020000034891017557398;
23048676;29/06/2026 07:17;TRANSPORTES GRITSCH;90.739.624/0044-58;07.822.636/0001-68;POSTO Z+Z - BRASILIA PIONEIRO | REDE Z+Z;SFA8J31;210483;13,726;ABASTECIMENTO;Gasolina Comum;84,82;R$ 6,18;R$ 6,180;2846160;29/06/2026 11:15;3501;002;53260607822636000168550020000035011017559818;
23048785;29/06/2026 07:21;TRANSPORTES GRITSCH;90.739.624/0044-58;07.822.636/0001-68;POSTO Z+Z - BRASILIA PIONEIRO | REDE Z+Z;SDR9E15;96138;25,961;ABASTECIMENTO;Gasolina Comum;160,43;R$ 6,18;R$ 6,180;2846160;29/06/2026 08:04;3492;002;53260607822636000168550020000034921017557997;
23049951;29/06/2026 08:01;TRANSPORTES GRITSCH;90.739.624/0044-58;07.822.636/0001-68;POSTO Z+Z - BRASILIA PIONEIRO | REDE Z+Z;SDT8J77;94524;41,470;ABASTECIMENTO;Gasolina Comum;256,28;R$ 6,18;R$ 6,180;2846160;29/06/2026 11:13;3500;002;53260607822636000168550020000035001017559764;
23050300;29/06/2026 08:14;TRANSPORTES GRITSCH;90.739.624/0044-58;07.822.636/0001-68;POSTO Z+Z - BRASILIA PIONEIRO | REDE Z+Z;SER6J04;117964;40,856;ABASTECIMENTO;Gasolina Comum;252,49;R$ 6,18;R$ 6,180;2846160;29/06/2026 16:33;3495;002;53260607822636000168550020000034951017558162;
23052388;29/06/2026 09:32;TRANSPORTES GRITSCH;90.739.624/0044-58;07.822.636/0001-68;POSTO Z+Z - BRASILIA PIONEIRO | REDE Z+Z;SFD5C37;266634;14,828;ABASTECIMENTO;Arla 32;59,16;R$ 3,99;R$ 3,990;2846160;29/06/2026 09:36;3496;002;53260607822636000168550020000034961017558852;
23081135;30/06/2026 05:05;TRANSPORTES GRITSCH;90.739.624/0044-58;07.822.636/0001-68;POSTO Z+Z - BRASILIA PIONEIRO | REDE Z+Z;SDR9E15;96717;37,017;ABASTECIMENTO;Gasolina Comum;228,76;R$ 6,18;R$ 6,180;2846160;30/06/2026 19:17;3504;002;53260607822636000168550020000035041017564597;
23083803;30/06/2026 06:43;TRANSPORTES GRITSCH;90.739.624/0044-58;07.822.636/0001-68;POSTO Z+Z - BRASILIA PIONEIRO | REDE Z+Z;SFA8J31;210864;26,348;ABASTECIMENTO;Gasolina Comum;162,83;R$ 6,18;R$ 6,180;2846160;30/06/2026 12:51;3509;002;53260607822636000168550020000035091017568645;
23084224;30/06/2026 07:11;TRANSPORTES GRITSCH;90.739.624/0044-58;07.822.636/0001-68;POSTO Z+Z - BRASILIA PIONEIRO | REDE Z+Z;SDU9F03;184291;29,099;ABASTECIMENTO;Gasolina Comum;179,83;R$ 6,18;R$ 6,180;2846160;30/06/2026 19:18;3505;002;53260607822636000168550020000035051017565345;
23102395;30/06/2026 16:07;TRANSPORTES GRITSCH;90.739.624/0044-58;07.822.636/0001-68;POSTO Z+Z - BRASILIA PIONEIRO | REDE Z+Z;SDU9E89;134477;44,864;ABASTECIMENTO;Gasolina Comum;268,73;R$ 5,99;R$ 5,990;2846160;30/06/2026 17:19;3514;002;53260607822636000168550020000035141017571930;
23124252;01/07/2026 05:17;TRANSPORTES GRITSCH;90.739.624/0044-58;07.822.636/0001-68;POSTO Z+Z - BRASILIA PIONEIRO | REDE Z+Z;SDR9E15;97314;20,398;ABASTECIMENTO;Gasolina Comum;122,18;R$ 5,99;R$ 5,990;2846160;01/07/2026 18:51;3516;002;53260707822636000168550020000035161017575054;
23127335;01/07/2026 06:41;TRANSPORTES GRITSCH;90.739.624/0044-58;07.822.636/0001-68;POSTO Z+Z - BRASILIA PIONEIRO | REDE Z+Z;SFA8J31;211474;40,713;ABASTECIMENTO;Gasolina Comum;243,87;R$ 5,99;R$ 5,990;2846160;01/07/2026 18:51;3518;002;53260707822636000168550020000035181017575580;
23127553;01/07/2026 06:50;TRANSPORTES GRITSCH;90.739.624/0044-58;07.822.636/0001-68;POSTO Z+Z - BRASILIA PIONEIRO | REDE Z+Z;SDU9F03;184595;25,704;ABASTECIMENTO;Gasolina Comum;153,96;R$ 5,99;R$ 5,990;2846160;01/07/2026 18:52;3517;002;53260707822636000168550020000035171017575558;
23129067;01/07/2026 08:13;TRANSPORTES GRITSCH;90.739.624/0044-58;07.822.636/0001-68;POSTO Z+Z - BRASILIA PIONEIRO | REDE Z+Z;SER6J04;118293;27,253;ABASTECIMENTO;Gasolina Comum;163,24;R$ 5,99;R$ 5,990;2846160;01/07/2026 18:52;3519;002;53260707822636000168550020000035191017576290;
23129756;01/07/2026 08:48;TRANSPORTES GRITSCH;90.739.624/0044-58;07.822.636/0001-68;POSTO Z+Z - BRASILIA PIONEIRO | REDE Z+Z;SDT8J77;94852;33,048;ABASTECIMENTO;Gasolina Comum;197,95;R$ 5,99;R$ 5,990;2846160;01/07/2026 18:52;3521;002;53260707822636000168550020000035211017577723;
23129941;01/07/2026 08:52;TRANSPORTES GRITSCH;90.739.624/0044-58;07.822.636/0001-68;POSTO Z+Z - BRASILIA PIONEIRO | REDE Z+Z;SDW2G32;145285;46,501;ABASTECIMENTO;Gasolina Comum;278,54;R$ 5,99;R$ 5,990;2846160;01/07/2026 10:59;3523;002;53260707822636000168550020000035231017577817;
23154050;01/07/2026 19:09;TRANSPORTES GRITSCH;90.739.624/0044-58;07.822.636/0001-68;POSTO Z+Z - BRASILIA PIONEIRO | REDE Z+Z;SEC0C40;115873;48,497;ABASTECIMENTO;Gasolina Comum;290,49;R$ 5,99;R$ 5,990;2846160;02/07/2026 17:18;3528;002;53260707822636000168550020000035281017583562;
23171309;02/07/2026 05:24;TRANSPORTES GRITSCH;90.739.624/0044-58;07.822.636/0001-68;POSTO Z+Z - BRASILIA PIONEIRO | REDE Z+Z;SDR9E15;98078;32,591;ABASTECIMENTO;Gasolina Comum;195,22;R$ 5,99;R$ 5,990;2846160;03/07/2026 06:22;3531;002;53260707822636000168550020000035311017585773;
23173512;02/07/2026 06:50;TRANSPORTES GRITSCH;90.739.624/0044-58;07.822.636/0001-68;POSTO Z+Z - BRASILIA PIONEIRO | REDE Z+Z;SFA8J31;212007;38,586;ABASTECIMENTO;Gasolina Comum;231,13;R$ 5,99;R$ 5,990;2846160;03/07/2026 06:23;3532;002;53260707822636000168550020000035321017586424;
23173655;02/07/2026 06:58;TRANSPORTES GRITSCH;90.739.624/0044-58;07.822.636/0001-68;POSTO Z+Z - BRASILIA PIONEIRO | REDE Z+Z;SEE9E81;115562;41,787;ABASTECIMENTO;Gasolina Comum;250,30;R$ 5,99;R$ 5,990;2846160;03/07/2026 06:23;3534;002;53260707822636000168550020000035341017586917;
23173666;02/07/2026 07:00;TRANSPORTES GRITSCH;90.739.624/0044-58;07.822.636/0001-68;POSTO Z+Z - BRASILIA PIONEIRO | REDE Z+Z;SDU9F03;185236;52,212;ABASTECIMENTO;Gasolina Comum;312,74;R$ 5,99;R$ 5,990;2846160;03/07/2026 06:23;3533;002;53260707822636000168550020000035331017586677;
23217158;03/07/2026 05:25;TRANSPORTES GRITSCH;90.739.624/0044-58;07.822.636/0001-68;POSTO Z+Z - BRASILIA PIONEIRO | REDE Z+Z;SDR9E15;98684;19,229;ABASTECIMENTO;Gasolina Comum;115,18;R$ 5,99;R$ 5,990;2846160;03/07/2026 14:17;3540;002;53260707822636000168550020000035401017596995;
23219392;03/07/2026 06:58;TRANSPORTES GRITSCH;90.739.624/0044-58;07.822.636/0001-68;POSTO Z+Z - BRASILIA PIONEIRO | REDE Z+Z;SDU9F03;185574;30,070;ABASTECIMENTO;Gasolina Comum;180,11;R$ 5,99;R$ 5,990;2846160;03/07/2026 12:23;3546;002;53260707822636000168550020000035461017601224;
23219504;03/07/2026 07:17;TRANSPORTES GRITSCH;90.739.624/0044-58;07.822.636/0001-68;POSTO Z+Z - BRASILIA PIONEIRO | REDE Z+Z;SER6J04;118690;33,451;ABASTECIMENTO;Gasolina Comum;200,37;R$ 5,99;R$ 5,990;2846160;03/07/2026 14:17;3541;002;53260707822636000168550020000035411017597913;
23220674;03/07/2026 08:17;TRANSPORTES GRITSCH;90.739.624/0044-58;07.822.636/0001-68;POSTO Z+Z - BRASILIA PIONEIRO | REDE Z+Z;SFA8J31;212613;40,854;ABASTECIMENTO;Gasolina Comum;244,71;R$ 5,99;R$ 5,990;2846160;03/07/2026 14:18;3542;002;53260707822636000168550020000035421017598615;
23229182;03/07/2026 12:11;TRANSPORTES GRITSCH;90.739.624/0044-58;07.822.636/0001-68;POSTO Z+Z - BRASILIA PIONEIRO | REDE Z+Z;SED5F26;73896;35,851;ABASTECIMENTO;Gasolina Comum;214,74;R$ 5,99;R$ 5,990;2846160;03/07/2026 14:18;3545;002;53260707822636000168550020000035451017601090;
23233096;03/07/2026 13:15;TRANSPORTES GRITSCH;90.739.624/0044-58;07.822.636/0001-68;POSTO Z+Z - BRASILIA PIONEIRO | REDE Z+Z;SDW2G32;145815;41,024;ABASTECIMENTO;Gasolina Comum;245,73;R$ 5,99;R$ 5,990;2846160;03/07/2026 13:45;3550;002;53260707822636000168550020000035501017602410;
;;;;;;;;;;;TOTAL POSTO: 5455,76;;;;;;;;

4504 - POSTO ZANDONA 9
Transacao;Data;Cliente;CNPJ Cliente;CNPJ Posto;Estabelecimento;Placa;Hodometro/Horimetro;Litragem;Servico;Combustivel;Valor Total;Preco Litro;Preco Negociado;Lote;Data vinculacao;NF-e;Serie;Chave NF-e;Observacao
23048565;29/06/2026 07:10;TRANSPORTES GRITSCH;90.739.624/0014-32;14.631.967/0001-86;POSTO ZANDONA 9;UBK4B52;20575;40,720;ABASTECIMENTO;Diesel S10;262,64;R$ 6,45;R$ 6,590;2846160;01/07/2026 09:21;44217;002;42260614631967000186550020000442171290710340;
23100383;30/06/2026 14:39;TRANSPORTES GRITSCH;90.739.624/0014-32;14.631.967/0001-86;POSTO ZANDONA 9;SFD2H30;169065;30,930;ABASTECIMENTO;Gasolina Comum;197,64;R$ 6,39;R$ 6,590;2846160;01/07/2026 09:21;44346;002;42260614631967000186550020000443461301439326;
23103378;30/06/2026 16:40;TRANSPORTES GRITSCH;90.739.624/0014-32;14.631.967/0001-86;POSTO ZANDONA 9;SEL5J84;145610;83,090;ABASTECIMENTO;Diesel S10;527,62;R$ 6,35;R$ 6,820;2846160;01/07/2026 09:21;44362;002;42260614631967000186550020000443621301640467;
23145108;01/07/2026 15:17;TRANSPORTES GRITSCH;90.739.624/0014-32;14.631.967/0001-86;POSTO ZANDONA 9;SFD2H30;169416;25,310;ABASTECIMENTO;Gasolina Comum;161,73;R$ 6,39;R$ 6,590;2846160;06/07/2026 10:03;44458;002;42260714631967000186550020000444581011517324;
23192178;02/07/2026 16:07;TRANSPORTES GRITSCH;90.739.624/0014-32;14.631.967/0001-86;POSTO ZANDONA 9;TAZ4A46;77312;73,900;ABASTECIMENTO;Diesel S10;469,26;R$ 6,35;R$ 6,820;2846160;06/07/2026 10:03;44568;002;42260714631967000186550020000445681021607182;
23192287;02/07/2026 16:08;TRANSPORTES GRITSCH;90.739.624/0014-32;14.631.967/0001-86;POSTO ZANDONA 9;TAZ4A46;77312;14,400;ABASTECIMENTO;Arla 32;43,06;R$ 2,99;R$ 3,490;2846160;06/07/2026 10:03;44569;002;42260714631967000186550020000445691021608208;
23219488;03/07/2026 07:15;TRANSPORTES GRITSCH;90.739.624/0014-32;14.631.967/0001-86;POSTO ZANDONA 9;TAI9A24;105230;22,470;ABASTECIMENTO;Gasolina Comum;143,58;R$ 6,39;R$ 6,590;2846160;06/07/2026 10:03;44603;002;42260714631967000186550020000446031030715511;
;;;;;;;;;;;TOTAL POSTO: 1805,53;;;;;;;;

3266 - POSTO ZAPA MARIUCA | REDE PRIMOS
Transacao;Data;Cliente;CNPJ Cliente;CNPJ Posto;Estabelecimento;Placa;Hodometro/Horimetro;Litragem;Servico;Combustivel;Valor Total;Preco Litro;Preco Negociado;Lote;Data vinculacao;NF-e;Serie;Chave NF-e;Observacao
23049342;29/06/2026 07:39;TRANSPORTES GRITSCH;09.576.274/0001-06;27.933.025/0001-02;POSTO ZAPA MARIUCA | REDE PRIMOS;SEL2B40;69363;80,158;ABASTECIMENTO;Diesel S10;525,03;R$ 6,55;R$ 6,550;2846160;07/07/2026 07:48;969;009;41260727933025000102550090000009691000258408;
23051840;29/06/2026 09:12;TRANSPORTES GRITSCH;09.576.274/0001-06;27.933.025/0001-02;POSTO ZAPA MARIUCA | REDE PRIMOS;SEO2G25;233472;131,269;ABASTECIMENTO;Diesel S10;859,81;R$ 6,55;R$ 6,550;2846160;07/07/2026 07:48;967;009;41260727933025000102550090000009671000258381;
23056437;29/06/2026 12:09;TRANSPORTES GRITSCH;09.576.274/0001-06;27.933.025/0001-02;POSTO ZAPA MARIUCA | REDE PRIMOS;SEP6E17;208035;31,637;ABASTECIMENTO;Gasolina Comum;199,00;R$ 6,29;R$ 6,290;2846160;08/07/2026 01:03;970;009;41260727933025000102550090000009701000258417;
23058995;29/06/2026 13:40;TRANSPORTES GRITSCH;09.576.274/0001-06;27.933.025/0001-02;POSTO ZAPA MARIUCA | REDE PRIMOS;SDU9F80;279415;21,570;ABASTECIMENTO;Gasolina Comum;135,68;R$ 6,29;R$ 6,290;2846160;08/07/2026 01:07;964;009;41260727933025000102550090000009641000258355;
23101390;30/06/2026 15:26;TRANSPORTES GRITSCH;09.576.274/0001-06;27.933.025/0001-02;POSTO ZAPA MARIUCA | REDE PRIMOS;SDU9F80;279596;15,313;ABASTECIMENTO;Gasolina Comum;96,32;R$ 6,29;R$ 6,290;2846160;08/07/2026 01:06;966;009;41260727933025000102550090000009661000258376;
23102610;30/06/2026 16:14;TRANSPORTES GRITSCH;09.576.274/0001-06;27.933.025/0001-02;POSTO ZAPA MARIUCA | REDE PRIMOS;SEP6E17;208525;41,569;ABASTECIMENTO;Gasolina Comum;261,47;R$ 6,29;R$ 6,290;2846160;08/07/2026 01:04;968;009;41260727933025000102550090000009681000258397;
23107134;30/06/2026 18:25;TRANSPORTES GRITSCH;09.576.274/0001-06;27.933.025/0001-02;POSTO ZAPA MARIUCA | REDE PRIMOS;SFM3H45;66691;36,799;ABASTECIMENTO;Diesel S10;241,03;R$ 6,55;R$ 6,550;2846160;07/07/2026 07:48;971;009;41260727933025000102550090000009711000258422;
23143169;19/06/2026 15:36;TRANSPORTES GRITSCH;09.576.274/0001-06;27.933.025/0001-02;POSTO ZAPA MARIUCA | REDE PRIMOS;SEP6E17;206280;39,276;ABASTECIMENTO;Gasolina Comum;247,04;R$ 6,29;-;2846160;02/07/2026 05:23;920;009;41260627933025000102550090000009201000256338;
23143375;17/06/2026 15:57;TRANSPORTES GRITSCH;09.576.274/0001-06;27.933.025/0001-02;POSTO ZAPA MARIUCA | REDE PRIMOS;SED9B31;167189;24,676;ABASTECIMENTO;Gasolina Comum;155,21;R$ 6,29;-;2846160;01/07/2026 14:04;915;009;41260627933025000102550090000009151000256281;
23145240;01/07/2026 15:19;TRANSPORTES GRITSCH;09.576.274/0001-06;27.933.025/0001-02;POSTO ZAPA MARIUCA | REDE PRIMOS;SDU9F80;279812;19,628;ABASTECIMENTO;Gasolina Comum;123,46;R$ 6,29;R$ 6,290;2846160;07/07/2026 09:11;980;009;41260727933025000102550090000009801000258510;
23145562;01/07/2026 15:36;TRANSPORTES GRITSCH;09.576.274/0001-06;27.933.025/0001-02;POSTO ZAPA MARIUCA | REDE PRIMOS;SFJ4D58;59356;47,436;ABASTECIMENTO;Diesel S10;307,86;R$ 6,49;R$ 6,490;2846160;07/07/2026 09:11;984;009;41260727933025000102550090000009841000258552;
23145992;01/07/2026 15:50;TRANSPORTES GRITSCH;09.576.274/0001-06;27.933.025/0001-02;POSTO ZAPA MARIUCA | REDE PRIMOS;SEP6E17;208985;38,121;ABASTECIMENTO;Gasolina Comum;239,78;R$ 6,29;R$ 6,290;2846160;07/07/2026 09:11;977;009;41260727933025000102550090000009771000258485;
23146719;01/07/2026 16:19;TRANSPORTES GRITSCH;09.576.274/0001-06;27.933.025/0001-02;POSTO ZAPA MARIUCA | REDE PRIMOS;SED9B31;169461;24,968;ABASTECIMENTO;Gasolina Comum;157,05;R$ 6,29;R$ 6,290;2846160;08/07/2026 00:58;982;009;41260727933025000102550090000009821000258531;
23147321;01/07/2026 16:42;TRANSPORTES GRITSCH;09.576.274/0001-06;27.933.025/0001-02;POSTO ZAPA MARIUCA | REDE PRIMOS;SEO2G25;234412;125,541;ABASTECIMENTO;Diesel S10;814,76;R$ 6,49;R$ 6,490;2846160;07/07/2026 16:26;975;009;41260727933025000102550090000009751000258464;
23150659;01/07/2026 17:35;TRANSPORTES GRITSCH;09.576.274/0001-06;27.933.025/0001-02;POSTO ZAPA MARIUCA | REDE PRIMOS;SEL2B40;70332;99,806;ABASTECIMENTO;Diesel S10;647,74;R$ 6,49;R$ 6,490;2846160;07/07/2026 09:11;981;009;41260727933025000102550090000009811000258526;
23174694;19/06/2026 10:14;TRANSPORTES GRITSCH;09.576.274/0001-06;27.933.025/0001-02;POSTO ZAPA MARIUCA | REDE PRIMOS;SEO2G25;231871;124,818;ABASTECIMENTO;Diesel S10;817,55;R$ 6,55;-;2846160;02/07/2026 07:58;922;009;41260627933025000102550090000009221000256359;
23174807;15/06/2026 19:18;TRANSPORTES GRITSCH;09.576.274/0001-06;27.933.025/0001-02;POSTO ZAPA MARIUCA | REDE PRIMOS;SFM3H45;64056;44,931;ABASTECIMENTO;Diesel S10;296,09;R$ 6,59;-;2846160;02/07/2026 07:59;904;009;41260627933025000102550090000009041000256024;
23188501;17/06/2026 17:46;TRANSPORTES GRITSCH;09.576.274/0001-06;27.933.025/0001-02;POSTO ZAPA MARIUCA | REDE PRIMOS;SEL2B40;67105;81,829;ABASTECIMENTO;Diesel S10;535,97;R$ 6,55;-;2846160;02/07/2026 13:23;913;009;41260627933025000102550090000009131000256260;
23188725;17/06/2026 15:36;TRANSPORTES GRITSCH;09.576.274/0001-06;27.933.025/0001-02;POSTO ZAPA MARIUCA | REDE PRIMOS;SDU9F80;277648;19,445;ABASTECIMENTO;Gasolina Comum;122,30;R$ 6,29;-;2846160;02/07/2026 13:27;911;009;41260627933025000102550090000009111000256096;
23191667;02/07/2026 15:43;TRANSPORTES GRITSCH;09.576.274/0001-06;27.933.025/0001-02;POSTO ZAPA MARIUCA | REDE PRIMOS;SDU9F80;279998;16,791;ABASTECIMENTO;Gasolina Comum;105,62;R$ 6,29;R$ 6,290;2846160;08/07/2026 00:59;954;009;41260727933025000102550090000009541000257700;
23193265;02/07/2026 16:45;TRANSPORTES GRITSCH;09.576.274/0001-06;27.933.025/0001-02;POSTO ZAPA MARIUCA | REDE PRIMOS;SEP6E17;209445;38,526;ABASTECIMENTO;Gasolina Comum;242,33;R$ 6,29;R$ 6,290;2846160;08/07/2026 01:00;974;009;41260727933025000102550090000009741000258459;
23198307;02/07/2026 18:07;TRANSPORTES GRITSCH;09.576.274/0001-06;27.933.025/0001-02;POSTO ZAPA MARIUCA | REDE PRIMOS;SFM3H45;67131;39,228;ABASTECIMENTO;Diesel S10;254,59;R$ 6,49;R$ 6,490;2846160;07/07/2026 09:11;979;009;41260727933025000102550090000009791000258501;
23228221;03/07/2026 11:30;TRANSPORTES GRITSCH;09.576.274/0001-06;27.933.025/0001-02;POSTO ZAPA MARIUCA | REDE PRIMOS;SEO2G25;235057;117,641;ABASTECIMENTO;Diesel S10;763,49;R$ 6,49;R$ 6,490;2846160;07/07/2026 09:11;976;009;41260727933025000102550090000009761000258470;
23236924;03/07/2026 15:51;TRANSPORTES GRITSCH;09.576.274/0001-06;27.933.025/0001-02;POSTO ZAPA MARIUCA | REDE PRIMOS;SDU9F80;280210;18,452;ABASTECIMENTO;Gasolina Comum;116,06;R$ 6,29;R$ 6,290;2846160;07/07/2026 09:11;978;009;41260727933025000102550090000009781000258490;
23237727;22/06/2026 18:16;TRANSPORTES GRITSCH;09.576.274/0001-06;27.933.025/0001-02;POSTO ZAPA MARIUCA | REDE PRIMOS;SFJ4D58;58339;45,966;ABASTECIMENTO;Diesel S10;301,07;R$ 6,55;-;2846160;03/07/2026 16:20;940;009;41260727933025000102550090000009401000257551;
23237768;22/06/2026 18:06;TRANSPORTES GRITSCH;09.576.274/0001-06;27.933.025/0001-02;POSTO ZAPA MARIUCA | REDE PRIMOS;SED9B31;167875;41,888;ABASTECIMENTO;Gasolina Comum;263,47;R$ 6,29;-;2846160;03/07/2026 16:22;941;009;41260727933025000102550090000009411000257567;
23237912;23/06/2026 17:42;TRANSPORTES GRITSCH;09.576.274/0001-06;27.933.025/0001-02;POSTO ZAPA MARIUCA | REDE PRIMOS;SFM3H45;65433;49,168;ABASTECIMENTO;Diesel S10;322,05;R$ 6,55;-;2846160;03/07/2026 16:27;942;009;41260727933025000102550090000009421000257572;
23336245;24/06/2026 17:12;TRANSPORTES GRITSCH;09.576.274/0001-06;27.933.025/0001-02;POSTO ZAPA MARIUCA | REDE PRIMOS;SEP6E17;206833;46,949;ABASTECIMENTO;Gasolina Aditivada;290,61;R$ 6,19;-;2846160;06/07/2026 09:03;963;009;41260727933025000102550090000009631000257823;
;;;;;;;;;;;TOTAL POSTO: 9442,44;;;;;;;;

609 - POSTO MIME - FILIAL 10 - REDE MIME
Transacao;Data;Cliente;CNPJ Cliente;CNPJ Posto;Estabelecimento;Placa;Hodometro/Horimetro;Litragem;Servico;Combustivel;Valor Total;Preco Litro;Preco Negociado;Lote;Data vinculacao;NF-e;Serie;Chave NF-e;Observacao
23049371;29/06/2026 07:40;TRANSPORTES GRITSCH;90.739.624/0014-32;83.488.882/0011-85;POSTO MIME - FILIAL 10 - REDE MIME;SEL5J84;144824;83,175;ABASTECIMENTO;Diesel S10;582,22;R$ 7,00;R$ 7,890;2846160;01/07/2026 01:23;206550;003;42260683488882001185550030002065501009303310;
23100438;30/06/2026 14:43;TRANSPORTES GRITSCH;90.739.624/0014-32;83.488.882/0011-85;POSTO MIME - FILIAL 10 - REDE MIME;TAS4G99;67507;59,622;ABASTECIMENTO;Diesel S10;417,35;R$ 7,00;R$ 7,890;2846160;01/07/2026 01:26;206731;003;42260683488882001185550030002067311009311954;
23220133;03/07/2026 07:48;TRANSPORTES GRITSCH;90.739.624/0014-32;83.488.882/0011-85;POSTO MIME - FILIAL 10 - REDE MIME;TAS4G99;68226;58,110;ABASTECIMENTO;Diesel S10;406,77;R$ 7,00;R$ 7,890;2846160;03/07/2026 09:02;207131;003;42260783488882001185550030002071311009331250;
23220216;03/07/2026 07:55;TRANSPORTES GRITSCH;90.739.624/0014-32;83.488.882/0011-85;POSTO MIME - FILIAL 10 - REDE MIME;SEL5J84;146296;70,535;ABASTECIMENTO;Diesel S10;493,74;R$ 7,00;R$ 7,890;2846160;03/07/2026 09:02;207133;003;42260783488882001185550030002071331009331351;
;;;;;;;;;;;TOTAL POSTO: 1900,08;;;;;;;;

17866 - POSTO JOINVILLE - GRUPO GISA
Transacao;Data;Cliente;CNPJ Cliente;CNPJ Posto;Estabelecimento;Placa;Hodometro/Horimetro;Litragem;Servico;Combustivel;Valor Total;Preco Litro;Preco Negociado;Lote;Data vinculacao;NF-e;Serie;Chave NF-e;Observacao
23049400;29/06/2026 07:42;TRANSPORTES GRITSCH;09.576.274/0001-06;01.975.878/0001-05;POSTO JOINVILLE - GRUPO GISA;SEL0E72;241186;54,634;ABASTECIMENTO;Diesel S10;382,44;R$ 7,00;R$ 7,000;2846160;29/06/2026 07:45;2187;010;41260601975878000105550100000021871147098944;
23051664;29/06/2026 09:07;TRANSPORTES GRITSCH;09.576.274/0001-06;01.975.878/0001-05;POSTO JOINVILLE - GRUPO GISA;RHS8D15;132258;43,932;ABASTECIMENTO;Gasolina Comum;289,51;R$ 6,59;R$ 6,590;2846160;29/06/2026 09:10;2188;010;41260601975878000105550100000021881519373590;
23053630;29/06/2026 10:12;TRANSPORTES GRITSCH;09.576.274/0001-06;01.975.878/0001-05;POSTO JOINVILLE - GRUPO GISA;BCS8D34;229473;80,109;ABASTECIMENTO;Diesel S10;560,76;R$ 7,00;R$ 7,000;2846160;29/06/2026 10:15;2189;010;41260601975878000105550100000021891352345138;
23055956;29/06/2026 11:51;TRANSPORTES GRITSCH;09.576.274/0001-06;01.975.878/0001-05;POSTO JOINVILLE - GRUPO GISA;RHS8D41;116039;34,666;ABASTECIMENTO;Gasolina Comum;228,45;R$ 6,59;R$ 6,590;2846160;29/06/2026 11:55;2191;010;41260601975878000105550100000021911474233448;
23064380;29/06/2026 16:30;TRANSPORTES GRITSCH;09.576.274/0001-06;01.975.878/0001-05;POSTO JOINVILLE - GRUPO GISA;RHC1G03;150559;50,123;ABASTECIMENTO;Gasolina Comum;330,31;R$ 6,59;R$ 6,590;2846160;29/06/2026 16:31;2192;010;41260601975878000105550100000021921115806277;
23064478;29/06/2026 16:32;TRANSPORTES GRITSCH;09.576.274/0001-06;01.975.878/0001-05;POSTO JOINVILLE - GRUPO GISA;SFM3H40;56791;21,700;ABASTECIMENTO;Diesel S10;151,90;R$ 7,00;R$ 7,000;2846160;29/06/2026 16:35;2193;010;41260601975878000105550100000021931787473337;
23064627;29/06/2026 16:33;TRANSPORTES GRITSCH;09.576.274/0001-06;01.975.878/0001-05;POSTO JOINVILLE - GRUPO GISA;BCQ7519;249404;44,517;ABASTECIMENTO;Diesel S10;311,62;R$ 7,00;R$ 7,000;2846160;29/06/2026 16:35;2194;010;41260601975878000105550100000021941328605834;
23065198;29/06/2026 16:55;TRANSPORTES GRITSCH;09.576.274/0001-06;01.975.878/0001-05;POSTO JOINVILLE - GRUPO GISA;SDP5J35;272299;84,423;ABASTECIMENTO;Diesel S10;590,96;R$ 7,00;R$ 7,000;2846160;29/06/2026 17:01;2195;010;41260601975878000105550100000021951273136274;
23066967;29/06/2026 18:20;TRANSPORTES GRITSCH;09.576.274/0001-06;01.975.878/0001-05;POSTO JOINVILLE - GRUPO GISA;SDT5A71;156890;41,569;ABASTECIMENTO;Gasolina Comum;273,94;R$ 6,59;R$ 6,590;2846160;29/06/2026 18:25;2196;010;41260601975878000105550100000021961200545414;
23068194;29/06/2026 19:17;TRANSPORTES GRITSCH;09.576.274/0001-06;01.975.878/0001-05;POSTO JOINVILLE - GRUPO GISA;SEL7G42;248632;53,950;ABASTECIMENTO;Diesel S10;377,65;R$ 7,00;R$ 7,000;2846160;29/06/2026 19:20;2197;010;41260601975878000105550100000021971182801610;
23086558;30/06/2026 08:56;TRANSPORTES GRITSCH;09.576.274/0001-06;01.975.878/0001-05;POSTO JOINVILLE - GRUPO GISA;BEX5C08;139238;38,376;ABASTECIMENTO;Gasolina Comum;252,90;R$ 6,59;R$ 6,590;2846160;30/06/2026 09:06;2198;010;41260601975878000105550100000021981930140126;
23086715;30/06/2026 09:01;TRANSPORTES GRITSCH;09.576.274/0001-06;01.975.878/0001-05;POSTO JOINVILLE - GRUPO GISA;RHS8D29;150405;39,672;ABASTECIMENTO;Gasolina Comum;261,44;R$ 6,59;R$ 6,590;2846160;30/06/2026 09:05;2199;010;41260601975878000105550100000021991925393698;
23086822;30/06/2026 09:03;TRANSPORTES GRITSCH;09.576.274/0001-06;01.975.878/0001-05;POSTO JOINVILLE - GRUPO GISA;SFG4I55;77276;41,448;ABASTECIMENTO;Gasolina Comum;273,14;R$ 6,59;R$ 6,590;2846160;30/06/2026 09:05;2200;010;41260601975878000105550100000022001103547631;
23089780;30/06/2026 09:55;TRANSPORTES GRITSCH;09.576.274/0001-06;01.975.878/0001-05;POSTO JOINVILLE - GRUPO GISA;RHT2C48;289108;104,643;ABASTECIMENTO;Diesel S10;732,50;R$ 7,00;R$ 7,000;2846160;30/06/2026 10:04;2201;010;41260601975878000105550100000022011511099370;
23092213;30/06/2026 10:46;TRANSPORTES GRITSCH;09.576.274/0001-06;01.975.878/0001-05;POSTO JOINVILLE - GRUPO GISA;SES1H28;140539;30,786;ABASTECIMENTO;Gasolina Comum;202,87;R$ 6,59;R$ 6,590;2846160;30/06/2026 10:50;2203;010;41260601975878000105550100000022031647883662;
23099242;30/06/2026 13:49;TRANSPORTES GRITSCH;09.576.274/0001-06;01.975.878/0001-05;POSTO JOINVILLE - GRUPO GISA;SEP6E30;140743;16,478;ABASTECIMENTO;Gasolina Comum;108,59;R$ 6,59;R$ 6,590;2846160;30/06/2026 13:50;2204;010;41260601975878000105550100000022041313652511;
23099313;30/06/2026 13:53;TRANSPORTES GRITSCH;09.576.274/0001-06;01.975.878/0001-05;POSTO JOINVILLE - GRUPO GISA;RHS8D37;91287;37,982;ABASTECIMENTO;Gasolina Comum;250,30;R$ 6,59;R$ 6,590;2846160;30/06/2026 13:55;2205;010;41260601975878000105550100000022051402204538;
23099619;30/06/2026 14:10;TRANSPORTES GRITSCH;09.576.274/0001-06;01.975.878/0001-05;POSTO JOINVILLE - GRUPO GISA;RHQ4D38;229529;131,495;ABASTECIMENTO;Diesel S10;920,46;R$ 7,00;R$ 7,000;2846160;30/06/2026 14:18;2206;010;41260601975878000105550100000022061835319665;
23102351;30/06/2026 16:04;TRANSPORTES GRITSCH;09.576.274/0001-06;01.975.878/0001-05;POSTO JOINVILLE - GRUPO GISA;SEL1F45;78011;52,782;ABASTECIMENTO;Diesel S10;369,47;R$ 7,00;R$ 7,000;2846160;30/06/2026 16:05;2208;010;41260601975878000105550100000022081473063580;
23102620;30/06/2026 16:15;TRANSPORTES GRITSCH;09.576.274/0001-06;01.975.878/0001-05;POSTO JOINVILLE - GRUPO GISA;SDT5A71;157146;16,531;ABASTECIMENTO;Gasolina Comum;108,94;R$ 6,59;R$ 6,590;2846160;30/06/2026 16:20;2209;010;41260601975878000105550100000022091817048495;
23104961;30/06/2026 17:14;TRANSPORTES GRITSCH;09.576.274/0001-06;01.975.878/0001-05;POSTO JOINVILLE - GRUPO GISA;BDW3F49;134987;45,017;ABASTECIMENTO;Diesel S10;315,12;R$ 7,00;R$ 7,000;2846160;30/06/2026 17:15;2210;010;41260601975878000105550100000022101579542855;
23105588;30/06/2026 17:31;TRANSPORTES GRITSCH;09.576.274/0001-06;01.975.878/0001-05;POSTO JOINVILLE - GRUPO GISA;RHT9E50;134142;30,103;ABASTECIMENTO;Gasolina Comum;198,38;R$ 6,59;R$ 6,590;2846160;30/06/2026 17:40;2211;010;41260601975878000105550100000022111650674892;
23108038;30/06/2026 19:03;TRANSPORTES GRITSCH;09.576.274/0001-06;01.975.878/0001-05;POSTO JOINVILLE - GRUPO GISA;SFM3H40;57046;22,029;ABASTECIMENTO;Diesel S10;154,20;R$ 7,00;R$ 7,000;2846160;30/06/2026 19:05;2214;010;41260601975878000105550100000022141714667443;
23109028;30/06/2026 19:44;TRANSPORTES GRITSCH;09.576.274/0001-06;01.975.878/0001-05;POSTO JOINVILLE - GRUPO GISA;SEL7G42;249169;43,569;ABASTECIMENTO;Diesel S10;304,98;R$ 7,00;R$ 7,000;2846160;30/06/2026 19:50;2215;010;41260601975878000105550100000022151430437521;
23128436;01/07/2026 07:44;TRANSPORTES GRITSCH;09.576.274/0001-06;01.975.878/0001-05;POSTO JOINVILLE - GRUPO GISA;BCQ7B53;182639;62,023;ABASTECIMENTO;Diesel S10;434,16;R$ 7,00;R$ 7,000;2846160;01/07/2026 08:04;2216;010;41260701975878000105550100000022161703221820;
23128458;01/07/2026 07:46;TRANSPORTES GRITSCH;09.576.274/0001-06;01.975.878/0001-05;POSTO JOINVILLE - GRUPO GISA;SDU9G01;155785;42,613;ABASTECIMENTO;Gasolina Comum;280,82;R$ 6,59;R$ 6,590;2846160;01/07/2026 08:03;2217;010;41260701975878000105550100000022171718567473;
23129278;01/07/2026 08:25;TRANSPORTES GRITSCH;09.576.274/0001-06;01.975.878/0001-05;POSTO JOINVILLE - GRUPO GISA;RHS8D20;138845;37,151;ABASTECIMENTO;Gasolina Comum;244,82;R$ 6,59;R$ 6,590;2846160;01/07/2026 08:25;2218;010;41260701975878000105550100000022181845535217;
23132313;01/07/2026 10:09;TRANSPORTES GRITSCH;09.576.274/0001-06;01.975.878/0001-05;POSTO JOINVILLE - GRUPO GISA;SEZ3A74;92928;102,522;ABASTECIMENTO;Diesel S10;717,65;R$ 7,00;R$ 7,000;2846160;01/07/2026 10:09;2219;010;41260701975878000105550100000022191927370871;
23144295;01/07/2026 14:41;TRANSPORTES GRITSCH;09.576.274/0001-06;01.975.878/0001-05;POSTO JOINVILLE - GRUPO GISA;RHU0G62;116202;62,014;ABASTECIMENTO;Diesel S10;434,10;R$ 7,00;R$ 7,000;2846160;01/07/2026 14:45;2220;010;41260701975878000105550100000022201725294016;
23144699;01/07/2026 14:57;TRANSPORTES GRITSCH;09.576.274/0001-06;01.975.878/0001-05;POSTO JOINVILLE - GRUPO GISA;SEY5E63;172960;31,582;ABASTECIMENTO;Diesel S10;221,07;R$ 7,00;R$ 7,000;2846160;01/07/2026 15:03;2221;010;41260701975878000105550100000022211460794196;
23145224;01/07/2026 15:18;TRANSPORTES GRITSCH;09.576.274/0001-06;01.975.878/0001-05;POSTO JOINVILLE - GRUPO GISA;SDU9F72;155897;24,813;ABASTECIMENTO;Gasolina Comum;163,52;R$ 6,59;R$ 6,590;2846160;01/07/2026 15:20;2222;010;41260701975878000105550100000022221757193716;
23147649;01/07/2026 16:51;TRANSPORTES GRITSCH;09.576.274/0001-06;01.975.878/0001-05;POSTO JOINVILLE - GRUPO GISA;SDU9G01;156106;31,003;ABASTECIMENTO;Gasolina Comum;204,31;R$ 6,59;R$ 6,590;2846160;01/07/2026 16:55;2223;010;41260701975878000105550100000022231349427878;
23148398;01/07/2026 17:11;TRANSPORTES GRITSCH;09.576.274/0001-06;01.975.878/0001-05;POSTO JOINVILLE - GRUPO GISA;SDT5A71;157306;19,616;ABASTECIMENTO;Gasolina Comum;129,27;R$ 6,59;R$ 6,590;2846160;01/07/2026 17:15;2225;010;41260701975878000105550100000022251628853878;
23152885;01/07/2026 18:16;TRANSPORTES GRITSCH;09.576.274/0001-06;01.975.878/0001-05;POSTO JOINVILLE - GRUPO GISA;SEP6E18;101752;46,472;ABASTECIMENTO;Gasolina Comum;306,25;R$ 6,59;R$ 6,590;2846160;01/07/2026 18:20;2226;010;41260701975878000105550100000022261286417406;
23173670;02/07/2026 07:01;TRANSPORTES GRITSCH;09.576.274/0001-06;01.975.878/0001-05;POSTO JOINVILLE - GRUPO GISA;SEP6E30;141119;29,156;ABASTECIMENTO;Gasolina Comum;192,13;R$ 6,59;R$ 6,590;2846160;02/07/2026 07:01;2227;010;41260701975878000105550100000022271144071582;
23191882;02/07/2026 15:52;TRANSPORTES GRITSCH;09.576.274/0001-06;01.975.878/0001-05;POSTO JOINVILLE - GRUPO GISA;SDP5J35;273015;74,955;ABASTECIMENTO;Diesel S10;524,68;R$ 7,00;R$ 7,000;2846160;02/07/2026 15:55;2229;010;41260701975878000105550100000022291851117085;
23193411;02/07/2026 16:48;TRANSPORTES GRITSCH;09.576.274/0001-06;01.975.878/0001-05;POSTO JOINVILLE - GRUPO GISA;SDT5A71;157571;14,897;ABASTECIMENTO;Gasolina Comum;98,17;R$ 6,59;R$ 6,590;2846160;02/07/2026 16:50;2230;010;41260701975878000105550100000022301430591814;
23194762;02/07/2026 17:19;TRANSPORTES GRITSCH;09.576.274/0001-06;01.975.878/0001-05;POSTO JOINVILLE - GRUPO GISA;BDD4A12;112659;53,777;ABASTECIMENTO;Gasolina Comum;354,39;R$ 6,59;R$ 6,590;2846160;02/07/2026 17:20;2231;010;41260701975878000105550100000022311823321950;
23197976;02/07/2026 17:59;TRANSPORTES GRITSCH;09.576.274/0001-06;01.975.878/0001-05;POSTO JOINVILLE - GRUPO GISA;SEU2F73;48723;66,570;ABASTECIMENTO;Diesel S10;465,99;R$ 7,00;R$ 7,000;2846160;02/07/2026 18:02;2232;010;41260701975878000105550100000022321134350403;
23221350;03/07/2026 08:42;TRANSPORTES GRITSCH;09.576.274/0001-06;01.975.878/0001-05;POSTO JOINVILLE - GRUPO GISA;BEX5C08;139655;46,469;ABASTECIMENTO;Gasolina Comum;306,23;R$ 6,59;R$ 6,590;2846160;03/07/2026 08:45;2234;010;41260701975878000105550100000022341779472899;
23221548;03/07/2026 08:48;TRANSPORTES GRITSCH;09.576.274/0001-06;01.975.878/0001-05;POSTO JOINVILLE - GRUPO GISA;RHS8D20;139079;28,389;ABASTECIMENTO;Gasolina Comum;187,08;R$ 6,59;R$ 6,590;2846160;03/07/2026 08:50;2235;010;41260701975878000105550100000022351905192931;
23221700;03/07/2026 08:54;TRANSPORTES GRITSCH;09.576.274/0001-06;01.975.878/0001-05;POSTO JOINVILLE - GRUPO GISA;RHS8D29;150724;29,715;ABASTECIMENTO;Gasolina Comum;195,82;R$ 6,59;R$ 6,590;2846160;03/07/2026 09:05;2236;010;41260701975878000105550100000022361624419050;
23222192;03/07/2026 09:10;TRANSPORTES GRITSCH;09.576.274/0001-06;01.975.878/0001-05;POSTO JOINVILLE - GRUPO GISA;RHS8D15;132612;29,729;ABASTECIMENTO;Gasolina Comum;195,91;R$ 6,59;R$ 6,590;2846160;03/07/2026 09:11;2237;010;41260701975878000105550100000022371273348560;
23229588;03/07/2026 12:30;TRANSPORTES GRITSCH;09.576.274/0001-06;01.975.878/0001-05;POSTO JOINVILLE - GRUPO GISA;SDR4E26;99902;44,184;ABASTECIMENTO;Gasolina Comum;291,17;R$ 6,59;R$ 6,590;2846160;03/07/2026 12:35;2238;010;41260701975878000105550100000022381886715832;
23244814;03/07/2026 18:57;TRANSPORTES GRITSCH;09.576.274/0001-06;01.975.878/0001-05;POSTO JOINVILLE - GRUPO GISA;SEL5J90;47907;54,302;ABASTECIMENTO;Diesel S10;380,11;R$ 7,00;R$ 7,000;2846160;03/07/2026 19:01;2240;010;41260701975878000105550100000022401143216210;
;;;;;;;;;;;TOTAL POSTO: 14278,48;;;;;;;;

2319 - MAHLE 71 JATAI
Transacao;Data;Cliente;CNPJ Cliente;CNPJ Posto;Estabelecimento;Placa;Hodometro/Horimetro;Litragem;Servico;Combustivel;Valor Total;Preco Litro;Preco Negociado;Lote;Data vinculacao;NF-e;Serie;Chave NF-e;Observacao
23049442;29/06/2026 07:44;TRANSPORTES GRITSCH;90.739.624/0019-47;02.031.363/0001-10;MAHLE 71 JATAI;SFD2H38;100267;45,190;ABASTECIMENTO;Gasolina Comum;306,84;R$ 6,79;R$ 6,990;2846160;30/06/2026 12:12;133461;002;52260602031363000110550020001334611290745006;
23136878;01/07/2026 11:37;TRANSPORTES GRITSCH;90.739.624/0019-47;02.031.363/0001-10;MAHLE 71 JATAI;SFD2H38;101118;41,680;ABASTECIMENTO;Gasolina Comum;283,01;R$ 6,79;R$ 6,990;2846160;01/07/2026 14:56;133700;002;52260702031363000110550020001337001011237070;
23137351;01/07/2026 11:50;TRANSPORTES GRITSCH;90.739.624/0019-47;02.031.363/0001-10;MAHLE 71 JATAI;UBA9H34;68949;82,760;ABASTECIMENTO;Diesel S10;561,95;R$ 6,79;R$ 7,790;2846160;01/07/2026 14:56;133689;002;52260702031363000110550020001336891011150448;
23228968;03/07/2026 12:02;TRANSPORTES GRITSCH;90.739.624/0019-47;02.031.363/0001-10;MAHLE 71 JATAI;SFD2H34;178186;38,840;ABASTECIMENTO;Gasolina Comum;263,72;R$ 6,79;R$ 6,990;2846160;03/07/2026 23:11;133955;002;52260702031363000110550020001339551031202506;
23230129;03/07/2026 12:45;TRANSPORTES GRITSCH;90.739.624/0019-47;02.031.363/0001-10;MAHLE 71 JATAI;TBK1J34;146419;63,780;ABASTECIMENTO;Diesel S10;433,07;R$ 6,79;R$ 7,790;2846160;03/07/2026 23:12;133961;002;52260702031363000110550020001339611031246390;
;;;;;;;;;;;TOTAL POSTO: 1848,59;;;;;;;;

2788 - AMAZONIA - 24
Transacao;Data;Cliente;CNPJ Cliente;CNPJ Posto;Estabelecimento;Placa;Hodometro/Horimetro;Litragem;Servico;Combustivel;Valor Total;Preco Litro;Preco Negociado;Lote;Data vinculacao;NF-e;Serie;Chave NF-e;Observacao
23049736;29/06/2026 07:52;TRANSPORTES GRITSCH;90.739.624/0018-66;09.001.879/0026-19;AMAZONIA - 24;SDR8E61;94352;40,480;ABASTECIMENTO;Alcool Comum;146,94;R$ 3,63;R$ 3,970;2846160;07/07/2026 08:38;32708;002;51260609001879002619550020000327081013712170;
23135075;01/07/2026 10:53;TRANSPORTES GRITSCH;90.739.624/0018-66;09.001.879/0026-19;AMAZONIA - 24;UBK4B54;32488;49,100;ABASTECIMENTO;Diesel S10;332,41;R$ 6,77;R$ 6,790;2846160;07/07/2026 08:37;32752;002;51260709001879002619550020000327521013722151;
23150931;01/07/2026 17:38;TRANSPORTES GRITSCH;90.739.624/0018-66;09.001.879/0026-19;AMAZONIA - 24;UBX4G62;12061;57,060;ABASTECIMENTO;Diesel S10;386,30;R$ 6,77;R$ 6,790;2846160;07/07/2026 08:37;32764;002;51260709001879002619550020000327641013723795;
23181646;02/07/2026 10:39;TRANSPORTES GRITSCH;90.739.624/0018-66;09.001.879/0026-19;AMAZONIA - 24;SFD5C32;247656;47,970;ABASTECIMENTO;Diesel S10;324,76;R$ 6,77;R$ 6,790;2846160;07/07/2026 08:38;32777;002;51260709001879002619550020000327771013726903;
23223455;03/07/2026 09:43;TRANSPORTES GRITSCH;90.739.624/0018-66;09.001.879/0026-19;AMAZONIA - 24;UBK4B54;33472;49,550;ABASTECIMENTO;Diesel S10;325,54;R$ 6,57;R$ 6,790;2846160;07/07/2026 08:38;32788;002;51260709001879002619550020000327881013730823;
;;;;;;;;;;;TOTAL POSTO: 1515,95;;;;;;;;

17541 - POSTO UNIDO
Transacao;Data;Cliente;CNPJ Cliente;CNPJ Posto;Estabelecimento;Placa;Hodometro/Horimetro;Litragem;Servico;Combustivel;Valor Total;Preco Litro;Preco Negociado;Lote;Data vinculacao;NF-e;Serie;Chave NF-e;Observacao
23049973;29/06/2026 08:01;TRANSPORTES GRITSCH;09.576.274/0001-06;79.130.647/0001-98;POSTO UNIDO;SEP6E28;222794;20,559;ABASTECIMENTO;Gasolina Comum;136,51;R$ 6,64;R$ 6,640;2846160;30/06/2026 09:22;20015;003;41260679130647000198550030000200151015558293;
23058120;29/06/2026 13:09;TRANSPORTES GRITSCH;09.576.274/0001-06;79.130.647/0001-98;POSTO UNIDO;SDP5J33;207600;34,090;ABASTECIMENTO;Diesel S10;223,63;R$ 6,56;R$ 6,560;2846160;30/06/2026 09:22;16298;005;41260679130647000198550050000162981015561669;
23058658;29/06/2026 13:29;TRANSPORTES GRITSCH;09.576.274/0001-06;79.130.647/0001-98;POSTO UNIDO;SFD3E82;120018;28,619;ABASTECIMENTO;Gasolina Comum;190,03;R$ 6,64;R$ 6,640;2846160;30/06/2026 09:22;16299;005;41260679130647000198550050000162991015561933;
23058972;29/06/2026 13:38;TRANSPORTES GRITSCH;09.576.274/0001-06;79.130.647/0001-98;POSTO UNIDO;SDU9F62;210526;42,930;ABASTECIMENTO;Gasolina Comum;285,06;R$ 6,64;R$ 6,640;2846160;30/06/2026 09:23;16301;005;41260679130647000198550050000163011015562034;
23060345;29/06/2026 14:23;TRANSPORTES GRITSCH;09.576.274/0001-06;79.130.647/0001-98;POSTO UNIDO;UCB6D90;8374;56,570;ABASTECIMENTO;Diesel S10;371,10;R$ 6,56;R$ 6,560;2846160;30/06/2026 09:23;20016;003;41260679130647000198550030000200161015562301;
23060375;29/06/2026 14:25;TRANSPORTES GRITSCH;09.576.274/0001-06;79.130.647/0001-98;POSTO UNIDO;UCB6D90;8374;15,581;ABASTECIMENTO;Arla 32;46,74;R$ 3,00;-;2846160;06/07/2026 11:52;55883;002;41260779130647000198550020000558831001422720;
23061602;29/06/2026 15:00;TRANSPORTES GRITSCH;09.576.274/0001-06;79.130.647/0001-98;POSTO UNIDO;SEP6E28;223177;35,660;ABASTECIMENTO;Gasolina Comum;236,78;R$ 6,64;R$ 6,640;2846160;30/06/2026 09:23;20018;003;41260679130647000198550030000200181015562519;
23062239;29/06/2026 15:20;TRANSPORTES GRITSCH;09.576.274/0001-06;79.130.647/0001-98;POSTO UNIDO;SFI4A35;119133;30,620;ABASTECIMENTO;Diesel S10;200,87;R$ 6,56;R$ 6,560;2846160;30/06/2026 09:24;16302;005;41260679130647000198550050000163021015562589;
23064326;29/06/2026 16:27;TRANSPORTES GRITSCH;09.576.274/0001-06;79.130.647/0001-98;POSTO UNIDO;RHS3G80;51817;27,490;ABASTECIMENTO;Diesel S10;180,33;R$ 6,56;R$ 6,560;2846160;30/06/2026 09:24;20019;003;41260679130647000198550030000200191015562982;
23066317;29/06/2026 17:45;TRANSPORTES GRITSCH;09.576.274/0001-06;79.130.647/0001-98;POSTO UNIDO;RHQ6I69;243246;40,980;ABASTECIMENTO;Diesel S10;268,83;R$ 6,56;R$ 6,560;2846160;30/06/2026 09:24;16306;005;41260679130647000198550050000163061015563410;
23085139;30/06/2026 08:03;TRANSPORTES GRITSCH;09.576.274/0001-06;79.130.647/0001-98;POSTO UNIDO;SDU9F89;256100;18,910;ABASTECIMENTO;Gasolina Comum;125,56;R$ 6,64;R$ 6,640;2846160;02/07/2026 16:54;20020;003;41260679130647000198550030000200201015566202;
23085146;30/06/2026 08:04;TRANSPORTES GRITSCH;09.576.274/0001-06;79.130.647/0001-98;POSTO UNIDO;RHQ4D39;378830;59,930;ABASTECIMENTO;Diesel S10;393,14;R$ 6,56;R$ 6,560;2846160;02/07/2026 16:55;16309;005;41260679130647000198550050000163091015566216;
23085719;30/06/2026 08:32;TRANSPORTES GRITSCH;09.576.274/0001-06;79.130.647/0001-98;POSTO UNIDO;TAP2C40;145462;19,400;ABASTECIMENTO;Diesel S10;127,26;R$ 6,56;R$ 6,560;2846160;02/07/2026 16:55;16311;005;41260679130647000198550050000163111015566559;
23099739;30/06/2026 14:13;TRANSPORTES GRITSCH;09.576.274/0001-06;79.130.647/0001-98;POSTO UNIDO;TAS4H20;171323;32,480;ABASTECIMENTO;Diesel S10;213,07;R$ 6,56;R$ 6,560;2846160;02/07/2026 16:55;16321;005;41260679130647000198550050000163211015569503;
23099757;30/06/2026 14:14;TRANSPORTES GRITSCH;09.576.274/0001-06;79.130.647/0001-98;POSTO UNIDO;TAS4H20;171323;4,000;ABASTECIMENTO;Arla 32;11,64;R$ 2,91;-;2846160;02/07/2026 16:56;16322;005;41260679130647000198550050000163221015569519;
23101431;30/06/2026 15:27;TRANSPORTES GRITSCH;09.576.274/0001-06;79.130.647/0001-98;POSTO UNIDO;SDU9F62;210910;25,110;ABASTECIMENTO;Gasolina Comum;166,73;R$ 6,64;R$ 6,640;2846160;02/07/2026 16:58;20021;003;41260679130647000198550030000200211015570096;
23102318;30/06/2026 16:02;TRANSPORTES GRITSCH;09.576.274/0001-06;79.130.647/0001-98;POSTO UNIDO;SDP5J33;207936;34,241;ABASTECIMENTO;Diesel S10;224,62;R$ 6,56;R$ 6,560;2846160;02/07/2026 16:58;20022;003;41260679130647000198550030000200221015570352;
23103731;30/06/2026 16:47;TRANSPORTES GRITSCH;09.576.274/0001-06;79.130.647/0001-98;POSTO UNIDO;SFI4A35;119479;33,570;ABASTECIMENTO;Diesel S10;220,22;R$ 6,56;R$ 6,560;2846160;02/07/2026 16:58;20023;003;41260679130647000198550030000200231015570791;
23105030;30/06/2026 17:15;TRANSPORTES GRITSCH;09.576.274/0001-06;79.130.647/0001-98;POSTO UNIDO;SFD3E82;120631;43,050;ABASTECIMENTO;Gasolina Comum;285,85;R$ 6,64;R$ 6,640;2846160;02/07/2026 16:59;20024;003;41260679130647000198550030000200241015571124;
23105285;30/06/2026 17:20;TRANSPORTES GRITSCH;09.576.274/0001-06;79.130.647/0001-98;POSTO UNIDO;SEP6E28;223523;28,210;ABASTECIMENTO;Gasolina Comum;187,31;R$ 6,64;R$ 6,640;2846160;02/07/2026 16:59;16326;005;41260679130647000198550050000163261015571172;
23105355;30/06/2026 17:24;TRANSPORTES GRITSCH;09.576.274/0001-06;79.130.647/0001-98;POSTO UNIDO;RHS8D28;93601;28,609;ABASTECIMENTO;Gasolina Comum;189,96;R$ 6,64;R$ 6,640;2846160;02/07/2026 16:59;20025;003;41260679130647000198550030000200251015571229;
23105621;30/06/2026 17:33;TRANSPORTES GRITSCH;09.576.274/0001-06;79.130.647/0001-98;POSTO UNIDO;SDU9F89;256589;41,280;ABASTECIMENTO;Gasolina Comum;274,10;R$ 6,64;R$ 6,640;2846160;02/07/2026 17:01;16327;005;41260679130647000198550050000163271015571293;
23131488;01/07/2026 09:35;TRANSPORTES GRITSCH;09.576.274/0001-06;79.130.647/0001-98;POSTO UNIDO;TAP2C40;145917;43,610;ABASTECIMENTO;Diesel S10;286,08;R$ 6,56;R$ 6,560;2846160;08/07/2026 17:18;20026;003;41260779130647000198550030000200261015575853;
23143644;01/07/2026 14:13;TRANSPORTES GRITSCH;09.576.274/0001-06;79.130.647/0001-98;POSTO UNIDO;TBA7D21;168831;35,650;ABASTECIMENTO;Diesel S10;233,86;R$ 6,56;R$ 6,560;2846160;08/07/2026 17:18;20028;003;41260779130647000198550030000200281015578555;
23143751;01/07/2026 14:16;TRANSPORTES GRITSCH;09.576.274/0001-06;79.130.647/0001-98;POSTO UNIDO;TBA7D21;168831;4,023;ABASTECIMENTO;Arla 32;11,71;R$ 2,91;-;2846160;08/07/2026 17:18;20029;003;41260779130647000198550030000200291015578617;
23146080;01/07/2026 15:52;TRANSPORTES GRITSCH;09.576.274/0001-06;79.130.647/0001-98;POSTO UNIDO;SDU9F62;211073;17,940;ABASTECIMENTO;Gasolina Comum;119,12;R$ 6,64;R$ 6,640;2846160;08/07/2026 17:18;16334;005;41260779130647000198550050000163341015579403;
23147870;01/07/2026 16:59;TRANSPORTES GRITSCH;09.576.274/0001-06;79.130.647/0001-98;POSTO UNIDO;RHQ6I69;243666;56,730;ABASTECIMENTO;Diesel S10;372,15;R$ 6,56;R$ 6,560;2846160;08/07/2026 17:20;20031;003;41260779130647000198550030000200311015580075;
23148444;01/07/2026 17:12;TRANSPORTES GRITSCH;09.576.274/0001-06;79.130.647/0001-98;POSTO UNIDO;SFD3E82;120984;33,250;ABASTECIMENTO;Gasolina Comum;220,78;R$ 6,64;R$ 6,640;2846160;08/07/2026 17:20;20032;003;41260779130647000198550030000200321015580269;
23149197;01/07/2026 17:23;TRANSPORTES GRITSCH;09.576.274/0001-06;79.130.647/0001-98;POSTO UNIDO;SEP6E28;223919;33,170;ABASTECIMENTO;Gasolina Comum;220,25;R$ 6,64;R$ 6,640;2846160;08/07/2026 17:21;20033;003;41260779130647000198550030000200331015580380;
23149278;01/07/2026 17:25;TRANSPORTES GRITSCH;09.576.274/0001-06;79.130.647/0001-98;POSTO UNIDO;SFI8F38;74462;32,800;ABASTECIMENTO;Gasolina Comum;217,79;R$ 6,64;R$ 6,640;2846160;08/07/2026 17:21;16335;005;41260779130647000198550050000163351015580417;
23150359;01/07/2026 17:34;TRANSPORTES GRITSCH;09.576.274/0001-06;79.130.647/0001-98;POSTO UNIDO;SDP5J33;208190;30,270;ABASTECIMENTO;Diesel S10;198,57;R$ 6,56;R$ 6,560;2846160;08/07/2026 17:21;20034;003;41260779130647000198550030000200341015580492;
23152636;01/07/2026 18:04;TRANSPORTES GRITSCH;09.576.274/0001-06;79.130.647/0001-98;POSTO UNIDO;SFI4A35;119819;34,730;ABASTECIMENTO;Diesel S10;227,83;R$ 6,56;R$ 6,560;2846160;08/07/2026 17:22;16336;005;41260779130647000198550050000163361015580902;
23189662;02/07/2026 14:08;TRANSPORTES GRITSCH;09.576.274/0001-06;79.130.647/0001-98;POSTO UNIDO;TAS4H20;172616;32,030;ABASTECIMENTO;Diesel S10;210,12;R$ 6,56;R$ 6,560;2846160;08/07/2026 17:23;20036;003;41260779130647000198550030000200361015587050;
23191891;02/07/2026 15:53;TRANSPORTES GRITSCH;09.576.274/0001-06;79.130.647/0001-98;POSTO UNIDO;TAP2C40;146513;54,630;ABASTECIMENTO;Diesel S10;358,37;R$ 6,56;R$ 6,560;2846160;08/07/2026 17:24;20037;003;41260779130647000198550030000200371015588002;
23192136;02/07/2026 16:03;TRANSPORTES GRITSCH;09.576.274/0001-06;79.130.647/0001-98;POSTO UNIDO;SDU9F62;211434;27,710;ABASTECIMENTO;Gasolina Comum;183,99;R$ 6,64;R$ 6,640;2846160;08/07/2026 17:24;16344;005;41260779130647000198550050000163441015588107;
23192914;02/07/2026 16:35;TRANSPORTES GRITSCH;09.576.274/0001-06;79.130.647/0001-98;POSTO UNIDO;RHS8D28;93746;16,450;ABASTECIMENTO;Gasolina Comum;109,23;R$ 6,64;R$ 6,640;2846160;08/07/2026 17:24;16345;005;41260779130647000198550050000163451015588520;
23193067;02/07/2026 16:41;TRANSPORTES GRITSCH;09.576.274/0001-06;79.130.647/0001-98;POSTO UNIDO;SDU9F89;257065;38,860;ABASTECIMENTO;Gasolina Comum;258,03;R$ 6,64;R$ 6,640;2846160;08/07/2026 17:24;20038;003;41260779130647000198550030000200381015588590;
23193433;02/07/2026 16:49;TRANSPORTES GRITSCH;09.576.274/0001-06;79.130.647/0001-98;POSTO UNIDO;RHQ6I69;244130;62,320;ABASTECIMENTO;Diesel S10;408,82;R$ 6,56;R$ 6,560;2846160;08/07/2026 17:25;20039;003;41260779130647000198550030000200391015588716;
23194791;02/07/2026 17:19;TRANSPORTES GRITSCH;09.576.274/0001-06;79.130.647/0001-98;POSTO UNIDO;SFI4A35;120150;30,590;ABASTECIMENTO;Diesel S10;200,67;R$ 6,56;R$ 6,560;2846160;08/07/2026 17:25;20040;003;41260779130647000198550030000200401015589039;
23195310;02/07/2026 17:30;TRANSPORTES GRITSCH;09.576.274/0001-06;79.130.647/0001-98;POSTO UNIDO;SEP6E28;224255;27,710;ABASTECIMENTO;Gasolina Comum;183,99;R$ 6,64;R$ 6,640;2846160;08/07/2026 17:26;16346;005;41260779130647000198550050000163461015589167;
23196117;02/07/2026 17:40;TRANSPORTES GRITSCH;09.576.274/0001-06;79.130.647/0001-98;POSTO UNIDO;SFD3E82;121493;40,450;ABASTECIMENTO;Gasolina Comum;268,59;R$ 6,64;R$ 6,640;2846160;08/07/2026 17:26;20041;003;41260779130647000198550030000200411015589354;
23222558;03/07/2026 09:21;TRANSPORTES GRITSCH;09.576.274/0001-06;79.130.647/0001-98;POSTO UNIDO;SEC1F68;93370;39,810;ABASTECIMENTO;Gasolina Comum;264,34;R$ 6,64;R$ 6,640;2846160;08/07/2026 17:28;16352;005;41260779130647000198550050000163521015593536;
23226238;26/06/2026 18:41;TRANSPORTES GRITSCH;09.576.274/0001-06;79.130.647/0001-98;POSTO UNIDO;RHQ6I69;242898;50,780;ABASTECIMENTO;Diesel S10;333,11;R$ 6,56;-;2846160;03/07/2026 10:05;20013, 20013;003, 003;41260679130647000198550030000200131015545464, 41260679130647000198550030000200131015545464;
23229854;03/07/2026 12:40;TRANSPORTES GRITSCH;09.576.274/0001-06;79.130.647/0001-98;POSTO UNIDO;SDU9F62;211677;17,800;ABASTECIMENTO;Gasolina Comum;118,19;R$ 6,64;R$ 6,640;2846160;08/07/2026 17:28;16354;005;41260779130647000198550050000163541015595142;
23234924;03/07/2026 14:11;TRANSPORTES GRITSCH;09.576.274/0001-06;79.130.647/0001-98;POSTO UNIDO;TBA7D21;170130;34,010;ABASTECIMENTO;Diesel S10;223,11;R$ 6,56;R$ 6,560;2846160;08/07/2026 17:29;20044;003;41260779130647000198550030000200441015596085;
23236212;03/07/2026 15:14;TRANSPORTES GRITSCH;09.576.274/0001-06;79.130.647/0001-98;POSTO UNIDO;RHQ6I69;244473;43,780;ABASTECIMENTO;Diesel S10;287,20;R$ 6,56;R$ 6,560;2846160;08/07/2026 17:29;16358;005;41260779130647000198550050000163581015596652;
23239786;03/07/2026 17:08;TRANSPORTES GRITSCH;09.576.274/0001-06;79.130.647/0001-98;POSTO UNIDO;SEP6E28;224640;28,750;ABASTECIMENTO;Gasolina Comum;190,90;R$ 6,64;R$ 6,640;2846160;08/07/2026 17:30;16361;005;41260779130647000198550050000163611015598146;
23243430;03/07/2026 17:57;TRANSPORTES GRITSCH;09.576.274/0001-06;79.130.647/0001-98;POSTO UNIDO;TAP2C40;146843;27,580;ABASTECIMENTO;Diesel S10;180,92;R$ 6,56;R$ 6,560;2846160;08/07/2026 17:33;20046;003;41260779130647000198550030000200461015598805;
;;;;;;;;;;;TOTAL POSTO: 10447,06;;;;;;;;

26190 - POSTO KRUPINSKI
Transacao;Data;Cliente;CNPJ Cliente;CNPJ Posto;Estabelecimento;Placa;Hodometro/Horimetro;Litragem;Servico;Combustivel;Valor Total;Preco Litro;Preco Negociado;Lote;Data vinculacao;NF-e;Serie;Chave NF-e;Observacao
23049993;29/06/2026 08:02;TRANSPORTES GRITSCH;90.739.624/0018-66;05.218.335/0001-02;POSTO KRUPINSKI;TAJ6B89;149378;33,899;ABASTECIMENTO;Alcool Comum;168,14;R$ 4,96;R$ 4,960;2846160;29/06/2026 08:10;294802;001;51260605218335000102550010002948021850658106;
23088291;30/06/2026 09:35;TRANSPORTES GRITSCH;90.739.624/0018-66;05.218.335/0001-02;POSTO KRUPINSKI;TAJ6B89;149683;28,879;ABASTECIMENTO;Alcool Comum;143,24;R$ 4,96;R$ 4,960;2846160;30/06/2026 09:40;294888;001;51260605218335000102550010002948881854387683;
23127952;01/07/2026 07:23;TRANSPORTES GRITSCH;90.739.624/0018-66;05.218.335/0001-02;POSTO KRUPINSKI;SDW2G50;156358;43,758;ABASTECIMENTO;Alcool Comum;217,04;R$ 4,96;R$ 4,960;2846160;01/07/2026 08:05;294968;001;51260705218335000102550010002949681703728950;
23180040;02/07/2026 09:47;TRANSPORTES GRITSCH;90.739.624/0018-66;05.218.335/0001-02;POSTO KRUPINSKI;SDW2G50;156664;35,329;ABASTECIMENTO;Alcool Comum;175,23;R$ 4,96;R$ 4,960;2846160;02/07/2026 10:05;295072;001;51260705218335000102550010002950721930097967;
23219649;03/07/2026 07:23;TRANSPORTES GRITSCH;90.739.624/0018-66;05.218.335/0001-02;POSTO KRUPINSKI;SDW2G50;156893;25,778;ABASTECIMENTO;Alcool Comum;127,86;R$ 4,96;R$ 4,960;2846160;03/07/2026 07:31;295143;001;51260705218335000102550010002951431481426946;
23228723;03/07/2026 11:49;TRANSPORTES GRITSCH;90.739.624/0018-66;05.218.335/0001-02;POSTO KRUPINSKI;SDW2G50;157190;33,429;ABASTECIMENTO;Alcool Comum;165,81;R$ 4,96;R$ 4,960;2846160;03/07/2026 11:55;295185;001;51260705218335000102550010002951851245982687;
;;;;;;;;;;;TOTAL POSTO: 997,32;;;;;;;;

268 - POSTO GAUCHO 3
Transacao;Data;Cliente;CNPJ Cliente;CNPJ Posto;Estabelecimento;Placa;Hodometro/Horimetro;Litragem;Servico;Combustivel;Valor Total;Preco Litro;Preco Negociado;Lote;Data vinculacao;NF-e;Serie;Chave NF-e;Observacao
23050081;29/06/2026 08:06;TRANSPORTES GRITSCH;90.739.624/0011-90;00.300.969/0001-88;POSTO GAUCHO 3;SFF9H70;55350;53,528;ABASTECIMENTO;Diesel S10;363,45;R$ 6,79;R$ 6,990;2846160;29/06/2026 11:35;38164;001;50260600300969000188550010000381641036054304;
;;;;;;;;;;;TOTAL POSTO: 363,45;;;;;;;;

8873 - CONTORNO NORTE COMERCIO DE COMBUSTIVEIS
Transacao;Data;Cliente;CNPJ Cliente;CNPJ Posto;Estabelecimento;Placa;Hodometro/Horimetro;Litragem;Servico;Combustivel;Valor Total;Preco Litro;Preco Negociado;Lote;Data vinculacao;NF-e;Serie;Chave NF-e;Observacao
23050564;29/06/2026 08:28;TRANSPORTES GRITSCH;09.576.274/0001-06;37.607.755/0001-69;CONTORNO NORTE COMERCIO DE COMBUSTIVEIS;SDU9F01;164930;36,390;ABASTECIMENTO;Gasolina Comum;236,17;R$ 6,49;R$ 6,490;2846160;29/06/2026 12:24;9433;011;41260637607755000169550110000094331003600442;
23064289;29/06/2026 16:25;TRANSPORTES GRITSCH;09.576.274/0001-06;37.607.755/0001-69;CONTORNO NORTE COMERCIO DE COMBUSTIVEIS;SFM3H54;85669;45,879;ABASTECIMENTO;Diesel S10;320,69;R$ 6,99;R$ 6,990;2846160;30/06/2026 11:19;7732;010;41260637607755000169550100000077321003601728;
23065383;29/06/2026 17:08;TRANSPORTES GRITSCH;09.576.274/0001-06;37.607.755/0001-69;CONTORNO NORTE COMERCIO DE COMBUSTIVEIS;SDU9F01;165297;35,160;ABASTECIMENTO;Gasolina Comum;228,19;R$ 6,49;R$ 6,490;2846160;30/06/2026 11:19;7734;010;41260637607755000169550100000077341003601935;
23152241;01/07/2026 17:53;TRANSPORTES GRITSCH;09.576.274/0001-06;37.607.755/0001-69;CONTORNO NORTE COMERCIO DE COMBUSTIVEIS;SEL0B96;210641;75,045;ABASTECIMENTO;Diesel S10;524,56;R$ 6,99;R$ 6,990;2846160;02/07/2026 12:57;7790;010;41260737607755000169550100000077901003609521;
23152293;01/07/2026 17:54;TRANSPORTES GRITSCH;09.576.274/0001-06;37.607.755/0001-69;CONTORNO NORTE COMERCIO DE COMBUSTIVEIS;SEL0B96;210641;4,012;ABASTECIMENTO;Arla 32;15,65;R$ 3,90;R$ 3,900;2846160;02/07/2026 12:57;7789;010;41260737607755000169550100000077891003609512;
23152422;01/07/2026 17:55;TRANSPORTES GRITSCH;09.576.274/0001-06;37.607.755/0001-69;CONTORNO NORTE COMERCIO DE COMBUSTIVEIS;UBR9B24;21179;50,748;ABASTECIMENTO;Diesel S10;354,73;R$ 6,99;R$ 6,990;2846160;02/07/2026 12:57;7788;010;41260737607755000169550100000077881003609507;
23222582;03/07/2026 09:23;TRANSPORTES GRITSCH;09.576.274/0001-06;37.607.755/0001-69;CONTORNO NORTE COMERCIO DE COMBUSTIVEIS;SFD2H31;131536;43,851;ABASTECIMENTO;Gasolina Comum;284,59;R$ 6,49;R$ 6,490;2846160;06/07/2026 13:25;9579;011;41260737607755000169550110000095791003615030;
23232912;03/07/2026 13:10;TRANSPORTES GRITSCH;09.576.274/0001-06;37.607.755/0001-69;CONTORNO NORTE COMERCIO DE COMBUSTIVEIS;SDS3D12;354134;80,446;ABASTECIMENTO;Diesel S10;562,32;R$ 6,99;R$ 6,990;2846160;06/07/2026 13:25;9594;011;41260737607755000169550110000095941003615746;
;;;;;;;;;;;TOTAL POSTO: 2526,90;;;;;;;;

713 - BUFFON 06
Transacao;Data;Cliente;CNPJ Cliente;CNPJ Posto;Estabelecimento;Placa;Hodometro/Horimetro;Litragem;Servico;Combustivel;Valor Total;Preco Litro;Preco Negociado;Lote;Data vinculacao;NF-e;Serie;Chave NF-e;Observacao
23050688;29/06/2026 08:33;TRANSPORTES GRITSCH;90.739.624/0023-23;93.489.243/0006-20;BUFFON 06;SDP5J32;349961;47,210;ABASTECIMENTO;Diesel S10;291,28;R$ 6,17;R$ 6,170;2846160;29/06/2026 15:17;8751;004;43260693489243000620550040000087511241401521;
23177371;02/07/2026 09:10;TRANSPORTES GRITSCH;90.739.624/0023-23;93.489.243/0006-20;BUFFON 06;SDR4D32;134446;33,636;ABASTECIMENTO;Gasolina Comum;211,57;R$ 6,29;-;2846160;02/07/2026 09:15;8811;004;43260793489243000620550040000088111340901151;
;;;;;;;;;;;TOTAL POSTO: 502,85;;;;;;;;

8651 - POSTO KATIA LOCATELLI | MAE E FILHA
Transacao;Data;Cliente;CNPJ Cliente;CNPJ Posto;Estabelecimento;Placa;Hodometro/Horimetro;Litragem;Servico;Combustivel;Valor Total;Preco Litro;Preco Negociado;Lote;Data vinculacao;NF-e;Serie;Chave NF-e;Observacao
23051104;29/06/2026 08:44;TRANSPORTES GRITSCH;90.739.624/0011-90;24.601.882/0001-09;POSTO KATIA LOCATELLI | MAE E FILHA;SFD5C35;290384;38,520;ABASTECIMENTO;Diesel S10;269,25;R$ 6,99;R$ 7,090;2846160;30/06/2026 16:42;90596;001;50260624601882000109550010000905961022522045;
23129985;01/07/2026 08:54;TRANSPORTES GRITSCH;90.739.624/0011-90;24.601.882/0001-09;POSTO KATIA LOCATELLI | MAE E FILHA;SFD5C35;292556;39,500;ABASTECIMENTO;Diesel S10;276,10;R$ 6,99;R$ 7,090;2846160;14/07/2026 11:20;90873;001;50260724601882000109550010000908731022659356;
23201468;02/07/2026 20:34;TRANSPORTES GRITSCH;90.739.624/0011-90;24.601.882/0001-09;POSTO KATIA LOCATELLI | MAE E FILHA;SFG3J52;127697;43,321;ABASTECIMENTO;Gasolina Comum;281,15;R$ 6,49;R$ 6,490;2846160;14/07/2026 11:28;90874;001;50260724601882000109550010000908741022659450;
;;;;;;;;;;;TOTAL POSTO: 826,50;;;;;;;;

3591 - PARADAO AUTO POSTO
Transacao;Data;Cliente;CNPJ Cliente;CNPJ Posto;Estabelecimento;Placa;Hodometro/Horimetro;Litragem;Servico;Combustivel;Valor Total;Preco Litro;Preco Negociado;Lote;Data vinculacao;NF-e;Serie;Chave NF-e;Observacao
23051487;29/06/2026 09:00;TRANSPORTES GRITSCH;09.576.274/0001-06;07.388.800/0001-70;PARADAO AUTO POSTO;SDV8E52;225490;119,420;ABASTECIMENTO;Diesel S10;858,63;R$ 7,19;R$ 7,190;2846160;29/06/2026 09:10;99672;005;41260607388800000170550050000996721982630904;
23086084;30/06/2026 08:44;TRANSPORTES GRITSCH;09.576.274/0001-06;07.388.800/0001-70;PARADAO AUTO POSTO;SDV8E52;225820;58,560;ABASTECIMENTO;Diesel S10;421,05;R$ 7,19;R$ 7,190;2846160;30/06/2026 08:55;99782;005;41260607388800000170550050000997821830535293;
23222761;03/07/2026 09:29;TRANSPORTES GRITSCH;09.576.274/0001-06;07.388.800/0001-70;PARADAO AUTO POSTO;SDV8E52;226895;127,300;ABASTECIMENTO;Diesel S10;915,29;R$ 7,19;R$ 7,190;2846160;03/07/2026 09:40;100179;005;41260707388800000170550050001001791410001886;
;;;;;;;;;;;TOTAL POSTO: 2194,97;;;;;;;;

8451 - POSTO CHILE
Transacao;Data;Cliente;CNPJ Cliente;CNPJ Posto;Estabelecimento;Placa;Hodometro/Horimetro;Litragem;Servico;Combustivel;Valor Total;Preco Litro;Preco Negociado;Lote;Data vinculacao;NF-e;Serie;Chave NF-e;Observacao
23051547;29/06/2026 09:03;TRANSPORTES GRITSCH;90.739.624/0014-32;27.643.038/0001-39;POSTO CHILE;SDU9F49;196557;23,244;ABASTECIMENTO;Gasolina Comum;157,36;R$ 6,77;R$ 6,790;2846160;29/06/2026 09:10;58577;001;42260627643038000139550010000585771290903197;
23067988;29/06/2026 19:11;TRANSPORTES GRITSCH;90.739.624/0014-32;27.643.038/0001-39;POSTO CHILE;TAW7H30;169565;94,963;ABASTECIMENTO;Diesel S10;663,79;R$ 6,99;R$ 7,290;2846160;29/06/2026 19:15;58611;001;42260627643038000139550010000586111291911570;
23068001;29/06/2026 19:13;TRANSPORTES GRITSCH;90.739.624/0014-32;27.643.038/0001-39;POSTO CHILE;TAW7H30;169565;12,380;ABASTECIMENTO;Arla 32;59,42;R$ 4,80;R$ 4,800;2846160;29/06/2026 19:20;58612;001;42260627643038000139550010000586121291913251;
23101788;30/06/2026 15:40;TRANSPORTES GRITSCH;90.739.624/0014-32;27.643.038/0001-39;POSTO CHILE;RHP7C49;161923;51,645;ABASTECIMENTO;Diesel S10;361,00;R$ 6,99;R$ 7,290;2846160;30/06/2026 15:45;58661;001;42260627643038000139550010000586611301540490;
23130411;01/07/2026 09:11;TRANSPORTES GRITSCH;90.739.624/0014-32;27.643.038/0001-39;POSTO CHILE;BET7D67;122867;35,348;ABASTECIMENTO;Diesel S10;247,08;R$ 6,99;R$ 7,290;2846160;01/07/2026 09:15;58706;001;42260727643038000139550010000587061010912002;
23179537;02/07/2026 09:37;TRANSPORTES GRITSCH;90.739.624/0014-32;27.643.038/0001-39;POSTO CHILE;SDU9F49;196781;20,869;ABASTECIMENTO;Gasolina Comum;141,28;R$ 6,77;R$ 6,790;2846160;02/07/2026 09:40;58804;001;42260727643038000139550010000588041020937041;
23200054;02/07/2026 19:22;TRANSPORTES GRITSCH;90.739.624/0014-32;27.643.038/0001-39;POSTO CHILE;TAW7H30;171309;100,714;ABASTECIMENTO;Diesel S10;703,99;R$ 6,99;R$ 7,290;2846160;02/07/2026 19:25;58840;001;42260727643038000139550010000588401021922427;
23200067;02/07/2026 19:23;TRANSPORTES GRITSCH;90.739.624/0014-32;27.643.038/0001-39;POSTO CHILE;TAW7H30;171309;18,510;ABASTECIMENTO;Arla 32;88,85;R$ 4,80;R$ 4,800;2846160;02/07/2026 19:25;58841;001;42260727643038000139550010000588411021923439;
23222005;03/07/2026 09:02;TRANSPORTES GRITSCH;90.739.624/0014-32;27.643.038/0001-39;POSTO CHILE;SDU9F49;197055;24,080;ABASTECIMENTO;Gasolina Comum;163,02;R$ 6,77;R$ 6,790;2846160;03/07/2026 09:05;58867;001;42260727643038000139550010000588671030902216;
;;;;;;;;;;;TOTAL POSTO: 2585,79;;;;;;;;

22358 - AUTO POSTO DARE
Transacao;Data;Cliente;CNPJ Cliente;CNPJ Posto;Estabelecimento;Placa;Hodometro/Horimetro;Litragem;Servico;Combustivel;Valor Total;Preco Litro;Preco Negociado;Lote;Data vinculacao;NF-e;Serie;Chave NF-e;Observacao
23051713;29/06/2026 09:09;TRANSPORTES GRITSCH;90.739.624/0014-32;78.253.424/0001-55;AUTO POSTO DARE;SEP6E22;151950;23,540;ABASTECIMENTO;Gasolina Comum;156,07;R$ 6,63;R$ 6,630;2846160;29/06/2026 10:48;36292;001;42260678253424000155550010000362921000693111;
23053032;29/06/2026 09:52;TRANSPORTES GRITSCH;90.739.624/0014-32;78.253.424/0001-55;AUTO POSTO DARE;BET7D67;122542;69,000;ABASTECIMENTO;Diesel S10;464,37;R$ 6,73;R$ 6,730;2846160;29/06/2026 10:48;36297;001;42260678253424000155550010000362971000693177;
23087803;30/06/2026 09:20;TRANSPORTES GRITSCH;90.739.624/0014-32;78.253.424/0001-55;AUTO POSTO DARE;SEP6E16;145307;43,400;ABASTECIMENTO;Gasolina Comum;287,74;R$ 6,63;R$ 6,630;2846160;30/06/2026 15:54;36337;001;42260678253424000155550010000363371000694200;
23102096;30/06/2026 15:54;TRANSPORTES GRITSCH;90.739.624/0014-32;78.253.424/0001-55;AUTO POSTO DARE;TAW7H30;170141;97,250;ABASTECIMENTO;Diesel S10;654,49;R$ 6,73;R$ 6,730;2846160;01/07/2026 09:27;36355;001;42260678253424000155550010000363551000694632;
23131561;01/07/2026 09:39;TRANSPORTES GRITSCH;90.739.624/0014-32;78.253.424/0001-55;AUTO POSTO DARE;SEP6E22;152057;13,290;ABASTECIMENTO;Gasolina Comum;88,11;R$ 6,63;R$ 6,630;2846160;01/07/2026 17:56;36385;001;42260778253424000155550010000363851000695291;
23143706;01/07/2026 14:13;TRANSPORTES GRITSCH;90.739.624/0014-32;78.253.424/0001-55;AUTO POSTO DARE;SER6J18;118679;39,920;ABASTECIMENTO;Gasolina Comum;264,67;R$ 6,63;R$ 6,630;2846160;01/07/2026 17:56;36409;001;42260778253424000155550010000364091000695821;
23145770;01/07/2026 15:43;TRANSPORTES GRITSCH;90.739.624/0014-32;78.253.424/0001-55;AUTO POSTO DARE;SDU9F67;162872;38,830;ABASTECIMENTO;Gasolina Comum;257,44;R$ 6,63;R$ 6,630;2846160;01/07/2026 17:56;36416;001;42260778253424000155550010000364161000695966;
23154745;01/07/2026 19:44;TRANSPORTES GRITSCH;90.739.624/0014-32;78.253.424/0001-55;AUTO POSTO DARE;TAW7H30;170729;94,390;ABASTECIMENTO;Diesel S10;625,81;R$ 6,63;R$ 6,630;2846160;02/07/2026 08:49;36431;001;42260778253424000155550010000364311000696292;
23179011;02/07/2026 09:34;TRANSPORTES GRITSCH;90.739.624/0014-32;78.253.424/0001-55;AUTO POSTO DARE;SEP6E16;145589;27,900;ABASTECIMENTO;Gasolina Comum;184,98;R$ 6,63;R$ 6,630;2846160;02/07/2026 16:28;36451;001;42260778253424000155550010000364511000696627;
23238246;03/07/2026 16:39;TRANSPORTES GRITSCH;90.739.624/0014-32;78.253.424/0001-55;AUTO POSTO DARE;SEP6E16;146148;17,510;ABASTECIMENTO;Gasolina Comum;116,09;R$ 6,63;R$ 6,630;2846160;06/07/2026 10:26;36542;001;42260778253424000155550010000365421000698618;
23245249;03/07/2026 19:19;TRANSPORTES GRITSCH;90.739.624/0014-32;78.253.424/0001-55;AUTO POSTO DARE;TAW7H30;171894;103,490;ABASTECIMENTO;Diesel S10;686,14;R$ 6,63;R$ 6,630;2846160;06/07/2026 10:26;36554;001;42260778253424000155550010000365541000698899;
;;;;;;;;;;;TOTAL POSTO: 3785,91;;;;;;;;

25535 - POSTO JATOBAS – GRUPO GRANJA
Transacao;Data;Cliente;CNPJ Cliente;CNPJ Posto;Estabelecimento;Placa;Hodometro/Horimetro;Litragem;Servico;Combustivel;Valor Total;Preco Litro;Preco Negociado;Lote;Data vinculacao;NF-e;Serie;Chave NF-e;Observacao
23051853;29/06/2026 09:12;TRANSPORTES GRITSCH;90.739.624/0034-86;10.588.554/0001-05;POSTO JATOBAS – GRUPO GRANJA;SFC4I42;94644;35,232;ABASTECIMENTO;Alcool Comum;133,53;R$ 3,79;R$ 3,790;2846160;29/06/2026 09:20;32856;004;51260610588554000105550040000328561040446499;
23058181;29/06/2026 13:12;TRANSPORTES GRITSCH;90.739.624/0034-86;10.588.554/0001-05;POSTO JATOBAS – GRUPO GRANJA;SFD5C40;106003;31,301;ABASTECIMENTO;Alcool Comum;118,63;R$ 3,79;R$ 3,790;2846160;29/06/2026 13:31;32871;004;51260610588554000105550040000328711536083781;
23092769;30/06/2026 11:12;TRANSPORTES GRITSCH;90.739.624/0034-86;10.588.554/0001-05;POSTO JATOBAS – GRUPO GRANJA;SFE4B63;115014;33,237;ABASTECIMENTO;Alcool Comum;125,97;R$ 3,79;R$ 3,790;2846160;30/06/2026 11:20;32890;004;51260610588554000105550040000328901508536918;
23104658;30/06/2026 17:07;TRANSPORTES GRITSCH;90.739.624/0034-86;10.588.554/0001-05;POSTO JATOBAS – GRUPO GRANJA;TAI4I92;76192;34,646;ABASTECIMENTO;Alcool Comum;131,31;R$ 3,79;R$ 3,790;2846160;01/07/2026 05:28;32900, 32900;004, 004;51260610588554000105550040000329001650313492, 51260610588554000105550040000329001650313492;
23129298;01/07/2026 08:26;TRANSPORTES GRITSCH;90.739.624/0034-86;10.588.554/0001-05;POSTO JATOBAS – GRUPO GRANJA;SFE4B63;115281;33,924;ABASTECIMENTO;Alcool Comum;125,18;R$ 3,69;R$ 3,690;2846160;01/07/2026 08:35;32912;004;51260710588554000105550040000329121762086514;
23129668;01/07/2026 08:46;TRANSPORTES GRITSCH;90.739.624/0034-86;10.588.554/0001-05;POSTO JATOBAS – GRUPO GRANJA;RHK5H89;87635;28,477;ABASTECIMENTO;Gasolina Comum;193,36;R$ 6,79;R$ 6,790;2846160;01/07/2026 09:36;32922;004;51260710588554000105550040000329221474665809;
23129744;01/07/2026 08:48;TRANSPORTES GRITSCH;90.739.624/0034-86;10.588.554/0001-05;POSTO JATOBAS – GRUPO GRANJA;SFD3E84;111382;18,391;ABASTECIMENTO;Alcool Comum;67,86;R$ 3,69;R$ 3,690;2846160;01/07/2026 09:32;32923;004;51260710588554000105550040000329231955227253;
23175203;02/07/2026 08:23;TRANSPORTES GRITSCH;90.739.624/0034-86;10.588.554/0001-05;POSTO JATOBAS – GRUPO GRANJA;SFE4B63;115510;27,721;ABASTECIMENTO;Alcool Comum;102,29;R$ 3,69;R$ 3,690;2846160;02/07/2026 08:31;32946;004;51260710588554000105550040000329461847325856;
23183303;02/07/2026 11:38;TRANSPORTES GRITSCH;90.739.624/0034-86;10.588.554/0001-05;POSTO JATOBAS – GRUPO GRANJA;RHF1B93;68128;40,721;ABASTECIMENTO;Alcool Comum;150,26;R$ 3,69;R$ 3,690;2846160;02/07/2026 11:55;32959;004;51260710588554000105550040000329591625884407;
23183343;02/07/2026 11:42;TRANSPORTES GRITSCH;90.739.624/0034-86;10.588.554/0001-05;POSTO JATOBAS – GRUPO GRANJA;SFD3E84;111647;33,399;ABASTECIMENTO;Alcool Comum;123,24;R$ 3,69;R$ 3,690;2846160;02/07/2026 11:50;32958;004;51260710588554000105550040000329581620714662;
23226932;03/07/2026 10:26;TRANSPORTES GRITSCH;90.739.624/0034-86;10.588.554/0001-05;POSTO JATOBAS – GRUPO GRANJA;SFE4B63;115708;29,541;ABASTECIMENTO;Alcool Comum;109,01;R$ 3,69;R$ 3,690;2846160;03/07/2026 12:50;32978;004;51260710588554000105550040000329781519205262;
23228063;03/07/2026 11:19;TRANSPORTES GRITSCH;90.739.624/0034-86;10.588.554/0001-05;POSTO JATOBAS – GRUPO GRANJA;TAI4I80;69518;22,349;ABASTECIMENTO;Alcool Comum;82,47;R$ 3,69;R$ 3,690;2846160;07/07/2026 07:33;32981;004;51260710588554000105550040000329811289286687;
23228089;03/07/2026 11:22;TRANSPORTES GRITSCH;90.739.624/0034-86;10.588.554/0001-05;POSTO JATOBAS – GRUPO GRANJA;TAJ6B89;150643;38,288;ABASTECIMENTO;Alcool Comum;141,28;R$ 3,69;R$ 3,690;2846160;03/07/2026 12:55;32980;004;51260710588554000105550040000329801058437577;
23235456;03/07/2026 14:43;TRANSPORTES GRITSCH;90.739.624/0034-86;10.588.554/0001-05;POSTO JATOBAS – GRUPO GRANJA;SFC4I42;94803;24,486;ABASTECIMENTO;Alcool Comum;90,35;R$ 3,69;R$ 3,690;2846160;03/07/2026 14:50;32988;004;51260710588554000105550040000329881169093190;
;;;;;;;;;;;TOTAL POSTO: 1694,74;;;;;;;;

26185 - POSTO AEROPOSTO CADORE
Transacao;Data;Cliente;CNPJ Cliente;CNPJ Posto;Estabelecimento;Placa;Hodometro/Horimetro;Litragem;Servico;Combustivel;Valor Total;Preco Litro;Preco Negociado;Lote;Data vinculacao;NF-e;Serie;Chave NF-e;Observacao
23052192;29/06/2026 09:20;TRANSPORTES GRITSCH;09.576.274/0001-06;61.403.167/0001-98;POSTO AEROPOSTO CADORE;UBR9A93;432;37,840;ABASTECIMENTO;Diesel S10;256,93;R$ 6,79;R$ 6,890;2846160;29/06/2026 09:25;14331;001;41260661403167000198550010000143311000611667;
23056433;29/06/2026 12:09;TRANSPORTES GRITSCH;09.576.274/0001-06;61.403.167/0001-98;POSTO AEROPOSTO CADORE;UBR9A93;644;16,501;ABASTECIMENTO;Diesel S10;112,04;R$ 6,79;R$ 6,890;2846160;29/06/2026 12:15;14340;001;41260661403167000198550010000143401000612069;
23058039;29/06/2026 13:08;TRANSPORTES GRITSCH;09.576.274/0001-06;61.403.167/0001-98;POSTO AEROPOSTO CADORE;SDW2F35;216728;35,030;ABASTECIMENTO;Gasolina Comum;234,35;R$ 6,69;R$ 6,690;2846160;06/07/2026 16:35;14763;001;41260761403167000198550010000147631000628666;
23100591;30/06/2026 14:46;TRANSPORTES GRITSCH;09.576.274/0001-06;61.403.167/0001-98;POSTO AEROPOSTO CADORE;SDW2F35;217164;35,030;ABASTECIMENTO;Gasolina Comum;234,35;R$ 6,69;R$ 6,690;2846160;30/06/2026 14:50;14414;001;41260661403167000198550010000144141000614563;
23101155;30/06/2026 15:14;TRANSPORTES GRITSCH;09.576.274/0001-06;61.403.167/0001-98;POSTO AEROPOSTO CADORE;UBR9B17;12537;59,700;ABASTECIMENTO;Diesel S10;405,36;R$ 6,79;R$ 6,790;2846160;30/06/2026 15:20;14419;001;41260661403167000198550010000144191000614632;
23101231;30/06/2026 15:18;TRANSPORTES GRITSCH;09.576.274/0001-06;61.403.167/0001-98;POSTO AEROPOSTO CADORE;SFM3H48;63590;54,000;ABASTECIMENTO;Diesel S10;366,66;R$ 6,79;R$ 6,790;2846160;30/06/2026 15:25;14420;001;41260661403167000198550010000144201000614641;
23105967;30/06/2026 17:38;TRANSPORTES GRITSCH;09.576.274/0001-06;61.403.167/0001-98;POSTO AEROPOSTO CADORE;UBR9A93;1103;39,330;ABASTECIMENTO;Diesel S10;267,05;R$ 6,79;R$ 6,790;2846160;30/06/2026 18:25;14446;001;41260661403167000198550010000144461000615385;
23128688;15/06/2026 12:32;TRANSPORTES GRITSCH;09.576.274/0001-06;61.403.167/0001-98;POSTO AEROPOSTO CADORE;SDW2F35;212780;23,011;ABASTECIMENTO;Gasolina Comum;153,94;R$ 6,69;-;2846160;01/07/2026 07:57;14408;001;41260661403167000198550010000144081000614400;
23145924;01/07/2026 15:47;TRANSPORTES GRITSCH;09.576.274/0001-06;61.403.167/0001-98;POSTO AEROPOSTO CADORE;UBR9B17;12899;34,350;ABASTECIMENTO;Diesel S10;233,24;R$ 6,79;R$ 6,790;2846160;01/07/2026 15:56;14491;001;41260761403167000198550010000144911000617310;
23152154;01/07/2026 17:50;TRANSPORTES GRITSCH;09.576.274/0001-06;61.403.167/0001-98;POSTO AEROPOSTO CADORE;UBR9A93;1376;22,010;ABASTECIMENTO;Diesel S10;149,45;R$ 6,79;R$ 6,790;2846160;01/07/2026 18:15;14505;001;41260761403167000198550010000145051000617805;
23152210;01/07/2026 17:52;TRANSPORTES GRITSCH;09.576.274/0001-06;61.403.167/0001-98;POSTO AEROPOSTO CADORE;SDW2F35;217680;42,020;ABASTECIMENTO;Gasolina Comum;281,11;R$ 6,69;R$ 6,690;2846160;01/07/2026 18:06;14503;001;41260761403167000198550010000145031000617754;
23153371;01/07/2026 18:41;TRANSPORTES GRITSCH;09.576.274/0001-06;61.403.167/0001-98;POSTO AEROPOSTO CADORE;SDU9F71;267326;50,730;ABASTECIMENTO;Gasolina Comum;339,38;R$ 6,69;R$ 6,690;2846160;01/07/2026 18:55;14509;001;41260761403167000198550010000145091000617995;
23189896;02/07/2026 14:23;TRANSPORTES GRITSCH;09.576.274/0001-06;61.403.167/0001-98;POSTO AEROPOSTO CADORE;SFM3H48;64264;59,000;ABASTECIMENTO;Diesel S10;400,61;R$ 6,79;R$ 6,790;2846160;02/07/2026 14:31;14551;001;41260761403167000198550010000145511000619452;
23192609;02/07/2026 16:24;TRANSPORTES GRITSCH;09.576.274/0001-06;61.403.167/0001-98;POSTO AEROPOSTO CADORE;UBR9A93;1792;32,700;ABASTECIMENTO;Diesel S10;222,03;R$ 6,79;R$ 6,790;2846160;02/07/2026 16:45;14560;001;41260761403167000198550010000145601000619788;
23233230;03/07/2026 13:17;TRANSPORTES GRITSCH;09.576.274/0001-06;61.403.167/0001-98;POSTO AEROPOSTO CADORE;SFM3H48;64584;22,000;ABASTECIMENTO;Diesel S10;149,38;R$ 6,79;R$ 6,790;2846160;06/07/2026 16:31;14761;001;41260761403167000198550010000147611000628645;
23235132;03/07/2026 14:22;TRANSPORTES GRITSCH;09.576.274/0001-06;61.403.167/0001-98;POSTO AEROPOSTO CADORE;UBR9A93;2014;19,810;ABASTECIMENTO;Diesel S10;134,51;R$ 6,79;R$ 6,790;2846160;03/07/2026 14:31;14625;001;41260761403167000198550010000146251000621975;
23236194;03/07/2026 15:13;TRANSPORTES GRITSCH;09.576.274/0001-06;61.403.167/0001-98;POSTO AEROPOSTO CADORE;SDW2F35;218204;41,040;ABASTECIMENTO;Gasolina Comum;274,56;R$ 6,69;R$ 6,690;2846160;03/07/2026 15:25;14628;001;41260761403167000198550010000146281000622140;
23237756;03/07/2026 16:21;TRANSPORTES GRITSCH;09.576.274/0001-06;61.403.167/0001-98;POSTO AEROPOSTO CADORE;UBR9B17;13582;35,060;ABASTECIMENTO;Diesel S10;238,06;R$ 6,79;R$ 6,790;2846160;03/07/2026 16:35;14637;001;41260761403167000198550010000146371000622395;
23237779;03/07/2026 16:22;TRANSPORTES GRITSCH;09.576.274/0001-06;61.403.167/0001-98;POSTO AEROPOSTO CADORE;UBR9B17;13582;15,942;ABASTECIMENTO;Arla 32;55,64;R$ 3,49;-;2846160;03/07/2026 16:31;14636;001;41260761403167000198550010000146361000622380;
;;;;;;;;;;;TOTAL POSTO: 4508,65;;;;;;;;

25366 - POSTO GRAAL 81 | REDE GRAAL
Transacao;Data;Cliente;CNPJ Cliente;CNPJ Posto;Estabelecimento;Placa;Hodometro/Horimetro;Litragem;Servico;Combustivel;Valor Total;Preco Litro;Preco Negociado;Lote;Data vinculacao;NF-e;Serie;Chave NF-e;Observacao
23052277;29/06/2026 09:24;TRANSPORTES GRITSCH;90.739.624/0003-80;46.472.822/0001-76;POSTO GRAAL 81 | REDE GRAAL;RHS3G81;63556;58,191;ABASTECIMENTO;Diesel S10;415,48;R$ 7,14;R$ 7,140;2846160;30/06/2026 14:06;20397;001;35260646472822000176550010000203971002808063;
23066958;29/06/2026 18:20;TRANSPORTES GRITSCH;90.739.624/0003-80;46.472.822/0001-76;POSTO GRAAL 81 | REDE GRAAL;TBK1J24;132605;49,071;ABASTECIMENTO;Diesel S10;350,36;R$ 7,14;R$ 7,140;2846160;30/06/2026 14:09;20388;001;35260646472822000176550010000203881002807939;
23107806;30/06/2026 18:53;TRANSPORTES GRITSCH;90.739.624/0003-80;46.472.822/0001-76;POSTO GRAAL 81 | REDE GRAAL;UBC1A56;65898;37,691;ABASTECIMENTO;Diesel S10;269,11;R$ 7,14;R$ 7,140;2846160;01/07/2026 13:51;20491;001;35260746472822000176550010000204911002815960;
23132309;01/07/2026 10:08;TRANSPORTES GRITSCH;90.739.624/0003-80;46.472.822/0001-76;POSTO GRAAL 81 | REDE GRAAL;TAS4H09;93072;39,340;ABASTECIMENTO;Diesel S10;280,89;R$ 7,14;R$ 7,140;2846160;02/07/2026 15:18;20585;001;35260746472822000176550010000205851002824550;
23246125;03/07/2026 20:03;TRANSPORTES GRITSCH;90.739.624/0003-80;46.472.822/0001-76;POSTO GRAAL 81 | REDE GRAAL;UCB6D90;10668;103,751;ABASTECIMENTO;Diesel S10;740,78;R$ 7,14;R$ 7,140;2846160;07/07/2026 11:06;20848;001;35260746472822000176550010000208481002859063;
;;;;;;;;;;;TOTAL POSTO: 2056,62;;;;;;;;

2453 - AUTO POSTO BARUK
Transacao;Data;Cliente;CNPJ Cliente;CNPJ Posto;Estabelecimento;Placa;Hodometro/Horimetro;Litragem;Servico;Combustivel;Valor Total;Preco Litro;Preco Negociado;Lote;Data vinculacao;NF-e;Serie;Chave NF-e;Observacao
23052734;29/06/2026 09:39;TRANSPORTES GRITSCH;09.576.274/0001-06;33.286.065/0001-02;AUTO POSTO BARUK;SDS3D12;353404;83,913;ABASTECIMENTO;Diesel S10;586,55;R$ 6,99;R$ 7,190;2846160;29/06/2026 09:45;2636;010;41260633286065000102550100000026361013923380;
23052748;29/06/2026 09:40;TRANSPORTES GRITSCH;09.576.274/0001-06;33.286.065/0001-02;AUTO POSTO BARUK;SDS3D12;353404;8,210;ABASTECIMENTO;Arla 32;26,19;R$ 3,19;R$ 3,190;2846160;29/06/2026 09:45;2637;010;41260633286065000102550100000026371013923395;
23056080;29/06/2026 11:56;TRANSPORTES GRITSCH;09.576.274/0001-06;33.286.065/0001-02;AUTO POSTO BARUK;TAX5J72;167888;94,095;ABASTECIMENTO;Diesel S10;657,72;R$ 6,99;R$ 7,190;2846160;29/06/2026 12:01;9242;004;41260633286065000102550040000092421013924391;
23056172;29/06/2026 11:58;TRANSPORTES GRITSCH;09.576.274/0001-06;33.286.065/0001-02;AUTO POSTO BARUK;TAX5J72;167888;12,970;ABASTECIMENTO;Arla 32;41,37;R$ 3,19;R$ 3,190;2846160;29/06/2026 12:01;9243;004;41260633286065000102550040000092431013924402;
23062957;29/06/2026 15:42;TRANSPORTES GRITSCH;09.576.274/0001-06;33.286.065/0001-02;AUTO POSTO BARUK;SFE8H55;291976;9,330;ABASTECIMENTO;Arla 32;29,76;R$ 3,19;R$ 3,190;2846160;29/06/2026 15:45;2650;010;41260633286065000102550100000026501013925640;
23065181;29/06/2026 16:54;TRANSPORTES GRITSCH;09.576.274/0001-06;33.286.065/0001-02;AUTO POSTO BARUK;SFI6G49;57126;29,758;ABASTECIMENTO;Gasolina Comum;187,18;R$ 6,29;R$ 6,690;2846160;29/06/2026 17:01;2651;010;41260633286065000102550100000026511013926024;
23083580;30/06/2026 06:25;TRANSPORTES GRITSCH;09.576.274/0001-06;33.286.065/0001-02;AUTO POSTO BARUK;SEC1F48;117067;45,742;ABASTECIMENTO;Gasolina Comum;306,01;R$ 6,69;R$ 6,690;2846160;30/06/2026 06:36;2654;010;41260633286065000102550100000026541013928029;
23086391;30/06/2026 08:51;TRANSPORTES GRITSCH;09.576.274/0001-06;33.286.065/0001-02;AUTO POSTO BARUK;SDR8E01;148587;24,534;ABASTECIMENTO;Gasolina Comum;164,13;R$ 6,69;R$ 6,690;2846160;30/06/2026 08:55;2661;010;41260633286065000102550100000026611013928961;
23089236;30/06/2026 09:51;TRANSPORTES GRITSCH;09.576.274/0001-06;33.286.065/0001-02;AUTO POSTO BARUK;RHS3G79;105415;46,272;ABASTECIMENTO;Diesel S10;323,44;R$ 6,99;R$ 7,190;2846160;30/06/2026 10:03;9273;004;41260633286065000102550040000092731013929535;
23092362;30/06/2026 10:56;TRANSPORTES GRITSCH;09.576.274/0001-06;33.286.065/0001-02;AUTO POSTO BARUK;TAW7H31;170744;83,141;ABASTECIMENTO;Diesel S10;581,16;R$ 6,99;R$ 7,190;2846160;01/07/2026 02:30;2671, 2671;010, 010;41260633286065000102550100000026711013930024, 41260633286065000102550100000026711013930024;
23092455;30/06/2026 10:57;TRANSPORTES GRITSCH;09.576.274/0001-06;33.286.065/0001-02;AUTO POSTO BARUK;TAW7H31;170744;13,910;ABASTECIMENTO;Arla 32;44,37;R$ 3,19;R$ 3,190;2846160;30/06/2026 11:01;2672;010;41260633286065000102550100000026721013930048;
23093817;30/06/2026 11:57;TRANSPORTES GRITSCH;09.576.274/0001-06;33.286.065/0001-02;AUTO POSTO BARUK;SFE8H55;292670;160,783;ABASTECIMENTO;Diesel S10;1123,87;R$ 6,99;R$ 7,190;2846160;30/06/2026 12:01;9282;004;41260633286065000102550040000092821013930389;
23102419;30/06/2026 16:09;TRANSPORTES GRITSCH;09.576.274/0001-06;33.286.065/0001-02;AUTO POSTO BARUK;SEL0E75;162168;96,041;ABASTECIMENTO;Diesel S10;671,33;R$ 6,99;R$ 7,190;2846160;30/06/2026 16:15;2679;010;41260633286065000102550100000026791013932181;
23102486;30/06/2026 16:10;TRANSPORTES GRITSCH;09.576.274/0001-06;33.286.065/0001-02;AUTO POSTO BARUK;SEL0E75;162168;7,620;ABASTECIMENTO;Arla 32;24,31;R$ 3,19;R$ 3,190;2846160;30/06/2026 16:15;2680;010;41260633286065000102550100000026801013932190;
23102548;30/06/2026 16:11;TRANSPORTES GRITSCH;09.576.274/0001-06;33.286.065/0001-02;AUTO POSTO BARUK;SES1B62;117393;95,022;ABASTECIMENTO;Diesel S10;664,20;R$ 6,99;R$ 7,190;2846160;30/06/2026 16:15;9289;004;41260633286065000102550040000092891013932226;
23102584;30/06/2026 16:13;TRANSPORTES GRITSCH;09.576.274/0001-06;33.286.065/0001-02;AUTO POSTO BARUK;SES1B62;117393;1,970;ABASTECIMENTO;Arla 32;6,28;R$ 3,19;R$ 3,190;2846160;30/06/2026 16:15;9290;004;41260633286065000102550040000092901013932235;
23131817;01/07/2026 09:48;TRANSPORTES GRITSCH;09.576.274/0001-06;33.286.065/0001-02;AUTO POSTO BARUK;TAS4H06;227574;54,440;ABASTECIMENTO;Diesel S10;380,54;R$ 6,99;R$ 7,190;2846160;01/07/2026 09:50;9320;004;41260733286065000102550040000093201013936707;
23137670;01/07/2026 12:00;TRANSPORTES GRITSCH;09.576.274/0001-06;33.286.065/0001-02;AUTO POSTO BARUK;SFE8H55;293363;159,485;ABASTECIMENTO;Diesel S10;1114,80;R$ 6,99;R$ 7,190;2846160;01/07/2026 12:02;9330;004;41260733286065000102550040000093301013937653;
23137691;01/07/2026 12:02;TRANSPORTES GRITSCH;09.576.274/0001-06;33.286.065/0001-02;AUTO POSTO BARUK;SFE8H55;293363;16,130;ABASTECIMENTO;Arla 32;51,45;R$ 3,19;R$ 3,190;2846160;01/07/2026 12:03;9331;004;41260733286065000102550040000093311013937677;
23146588;01/07/2026 16:10;TRANSPORTES GRITSCH;09.576.274/0001-06;33.286.065/0001-02;AUTO POSTO BARUK;TAX5J72;168820;77,839;ABASTECIMENTO;Diesel S10;528,53;R$ 6,79;R$ 7,190;2846160;01/07/2026 16:10;2733;010;41260733286065000102550100000027331013939461;
23146607;01/07/2026 16:11;TRANSPORTES GRITSCH;09.576.274/0001-06;33.286.065/0001-02;AUTO POSTO BARUK;TAX5J72;168820;10,080;ABASTECIMENTO;Arla 32;32,16;R$ 3,19;R$ 3,190;2846160;01/07/2026 16:17;2734;010;41260733286065000102550100000027341013939477;
23155354;01/07/2026 20:10;TRANSPORTES GRITSCH;09.576.274/0001-06;33.286.065/0001-02;AUTO POSTO BARUK;UBO8H30;26593;1,660;ABASTECIMENTO;Arla 32;5,30;R$ 3,19;R$ 3,190;2846160;01/07/2026 20:15;9352;004;41260733286065000102550040000093521013941038;
23155369;01/07/2026 20:11;TRANSPORTES GRITSCH;09.576.274/0001-06;33.286.065/0001-02;AUTO POSTO BARUK;UBO8H30;26593;200,291;ABASTECIMENTO;Diesel S10;1400,03;R$ 6,99;R$ 7,190;2846160;01/07/2026 20:15;9351;004;41260733286065000102550040000093511013941022;
23177189;02/07/2026 09:09;TRANSPORTES GRITSCH;09.576.274/0001-06;33.286.065/0001-02;AUTO POSTO BARUK;RHS3G79;105959;55,204;ABASTECIMENTO;Diesel S10;385,88;R$ 6,99;R$ 7,190;2846160;02/07/2026 09:15;9360;004;41260733286065000102550040000093601013943016;
23183000;02/07/2026 11:31;TRANSPORTES GRITSCH;09.576.274/0001-06;33.286.065/0001-02;AUTO POSTO BARUK;SFE8H55;294083;152,963;ABASTECIMENTO;Diesel S10;1069,21;R$ 6,99;R$ 7,190;2846160;02/07/2026 11:35;9372;004;41260733286065000102550040000093721013944285;
23183036;02/07/2026 11:33;TRANSPORTES GRITSCH;09.576.274/0001-06;33.286.065/0001-02;AUTO POSTO BARUK;SFE8H55;294083;8,020;ABASTECIMENTO;Arla 32;25,58;R$ 3,19;R$ 3,190;2846160;02/07/2026 11:35;9373;004;41260733286065000102550040000093731013944290;
23191878;02/07/2026 15:52;TRANSPORTES GRITSCH;09.576.274/0001-06;33.286.065/0001-02;AUTO POSTO BARUK;TAW7H31;171640;91,423;ABASTECIMENTO;Diesel S10;620,76;R$ 6,79;R$ 7,190;2846160;02/07/2026 15:55;2772;010;41260733286065000102550100000027721013945915;
23191897;02/07/2026 15:53;TRANSPORTES GRITSCH;09.576.274/0001-06;33.286.065/0001-02;AUTO POSTO BARUK;TAW7H31;171640;10,490;ABASTECIMENTO;Arla 32;33,46;R$ 3,19;R$ 3,190;2846160;02/07/2026 15:55;2773;010;41260733286065000102550100000027731013945920;
23227559;03/07/2026 10:58;TRANSPORTES GRITSCH;09.576.274/0001-06;33.286.065/0001-02;AUTO POSTO BARUK;TAX5J72;169680;74,879;ABASTECIMENTO;Diesel S10;523,40;R$ 6,99;R$ 7,190;2846160;03/07/2026 11:03;2810;010;41260733286065000102550100000028101013950814;
23227635;03/07/2026 10:59;TRANSPORTES GRITSCH;09.576.274/0001-06;33.286.065/0001-02;AUTO POSTO BARUK;TAX5J72;169680;9,260;ABASTECIMENTO;Arla 32;29,54;R$ 3,19;R$ 3,190;2846160;03/07/2026 11:03;2811;010;41260733286065000102550100000028111013950820;
23227766;24/06/2026 11:09;TRANSPORTES GRITSCH;09.576.274/0001-06;33.286.065/0001-02;AUTO POSTO BARUK;SFE8H55;289800;9,810;ABASTECIMENTO;Arla 32;31,29;R$ 3,19;-;2846160;03/07/2026 11:10;9082;004;41260633286065000102550040000090821013893687;
23229148;03/07/2026 12:09;TRANSPORTES GRITSCH;09.576.274/0001-06;33.286.065/0001-02;AUTO POSTO BARUK;RHS3G79;106415;52,593;ABASTECIMENTO;Diesel S10;367,63;R$ 6,99;R$ 7,190;2846160;03/07/2026 12:10;2812;010;41260733286065000102550100000028121013951319;
23237840;03/07/2026 16:25;TRANSPORTES GRITSCH;09.576.274/0001-06;33.286.065/0001-02;AUTO POSTO BARUK;SFE8H55;294849;174,152;ABASTECIMENTO;Diesel S10;1217,32;R$ 6,99;R$ 7,190;2846160;03/07/2026 16:31;9417;004;41260733286065000102550040000094171013953431;
23237931;03/07/2026 16:28;TRANSPORTES GRITSCH;09.576.274/0001-06;33.286.065/0001-02;AUTO POSTO BARUK;SFE8H55;294849;7,770;ABASTECIMENTO;Arla 32;24,79;R$ 3,19;R$ 3,190;2846160;03/07/2026 16:30;9418;004;41260733286065000102550040000094181013953480;
23244939;03/07/2026 19:07;TRANSPORTES GRITSCH;09.576.274/0001-06;33.286.065/0001-02;AUTO POSTO BARUK;UBO8H30;27509;142,237;ABASTECIMENTO;Diesel S10;994,24;R$ 6,99;R$ 7,190;2846160;03/07/2026 19:15;2839;010;41260733286065000102550100000028391013954770;
23334686;29/06/2026 15:41;TRANSPORTES GRITSCH;09.576.274/0001-06;33.286.065/0001-02;AUTO POSTO BARUK;SFE8H55;291976;167,407;ABASTECIMENTO;Diesel S10;1136,69;R$ 6,79;-;2846160;06/07/2026 08:11;2649;010;41260633286065000102550100000026491013925631;
23334707;30/06/2026 18:44;TRANSPORTES GRITSCH;09.576.274/0001-06;33.286.065/0001-02;AUTO POSTO BARUK;SEW5B72;372813;14,820;ABASTECIMENTO;Arla 32;47,28;R$ 3,19;-;2846160;06/07/2026 08:13;2687;010;41260633286065000102550100000026871013933457;
23334734;30/06/2026 18:42;TRANSPORTES GRITSCH;09.576.274/0001-06;33.286.065/0001-02;AUTO POSTO BARUK;SEW5B72;372813;199,568;ABASTECIMENTO;Diesel S10;1355,07;R$ 6,79;-;2846160;06/07/2026 08:14;2686;010;41260633286065000102550100000026861013933441;
23334788;30/06/2026 17:16;TRANSPORTES GRITSCH;09.576.274/0001-06;33.286.065/0001-02;AUTO POSTO BARUK;RHA3E79;654952;255,998;ABASTECIMENTO;Diesel S10;1738,23;R$ 6,79;-;2846160;06/07/2026 08:18;2682;010;41260633286065000102550100000026821013932659;
;;;;;;;;;;;TOTAL POSTO: 18551,05;;;;;;;;

5382 - SIM REDE - SIM SCUDERIA 0182-00 - METROPOLITANA / SERRA
Transacao;Data;Cliente;CNPJ Cliente;CNPJ Posto;Estabelecimento;Placa;Hodometro/Horimetro;Litragem;Servico;Combustivel;Valor Total;Preco Litro;Preco Negociado;Lote;Data vinculacao;NF-e;Serie;Chave NF-e;Observacao
23053122;29/06/2026 09:56;TRANSPORTES GRITSCH;90.739.624/0023-23;07.473.735/0182-00;SIM REDE - SIM SCUDERIA 0182-00 - METROPOLITANA / SERRA;SFM3H42;40019;45,114;ABASTECIMENTO;Diesel S10;273,84;R$ 6,07;R$ 6,070;2846160;07/07/2026 13:46;69270;008;43260607473735018200550080000692701014169260;
23053271;29/06/2026 09:58;TRANSPORTES GRITSCH;90.739.624/0023-23;07.473.735/0182-00;SIM REDE - SIM SCUDERIA 0182-00 - METROPOLITANA / SERRA;SFM3H42;40019;7,775;ABASTECIMENTO;Arla 32;24,41;R$ 3,14;R$ 3,140;2846160;07/07/2026 13:46;69271;008;43260607473735018200550080000692711014169314;
23054325;29/06/2026 10:41;TRANSPORTES GRITSCH;90.739.624/0023-23;07.473.735/0182-00;SIM REDE - SIM SCUDERIA 0182-00 - METROPOLITANA / SERRA;UBO0E91;29021;160,087;ABASTECIMENTO;Diesel S10;971,72;R$ 6,07;R$ 6,070;2846160;07/07/2026 13:46;69272;008;43260607473735018200550080000692721014169672;
23092598;30/06/2026 11:06;TRANSPORTES GRITSCH;90.739.624/0023-23;07.473.735/0182-00;SIM REDE - SIM SCUDERIA 0182-00 - METROPOLITANA / SERRA;BDU5G86;314203;147,094;ABASTECIMENTO;Diesel S10;892,86;R$ 6,07;R$ 6,070;2846160;07/07/2026 13:46;69348;008;43260607473735018200550080000693481014178540;
23102865;30/06/2026 16:25;TRANSPORTES GRITSCH;90.739.624/0023-23;07.473.735/0182-00;SIM REDE - SIM SCUDERIA 0182-00 - METROPOLITANA / SERRA;UBO0E91;30056;122,897;ABASTECIMENTO;Diesel S10;745,98;R$ 6,07;R$ 6,070;2846160;30/06/2026 16:26;69376;008;43260607473735018200550080000693761014181570;
23103008;30/06/2026 16:28;TRANSPORTES GRITSCH;90.739.624/0023-23;07.473.735/0182-00;SIM REDE - SIM SCUDERIA 0182-00 - METROPOLITANA / SERRA;UBO0E91;30056;28,498;ABASTECIMENTO;Arla 32;89,48;R$ 3,14;R$ 3,140;2846160;30/06/2026 16:29;69378;008;43260607473735018200550080000693781014181655;
23130835;01/07/2026 09:17;TRANSPORTES GRITSCH;90.739.624/0023-23;07.473.735/0182-00;SIM REDE - SIM SCUDERIA 0182-00 - METROPOLITANA / SERRA;SFM3H42;40488;41,369;ABASTECIMENTO;Diesel S10;251,10;R$ 6,07;R$ 6,070;2846160;01/07/2026 09:18;69479;008;43260707473735018200550080000694791014189008;
23146845;01/07/2026 16:26;TRANSPORTES GRITSCH;90.739.624/0023-23;07.473.735/0182-00;SIM REDE - SIM SCUDERIA 0182-00 - METROPOLITANA / SERRA;BDU5G86;315271;138,279;ABASTECIMENTO;Diesel S10;839,35;R$ 6,07;R$ 6,070;2846160;01/07/2026 16:27;69532;008;43260707473735018200550080000695321014192997;
23162200;02/07/2026 00:13;TRANSPORTES GRITSCH;90.739.624/0023-23;07.473.735/0182-00;SIM REDE - SIM SCUDERIA 0182-00 - METROPOLITANA / SERRA;SDT4A93;172145;23,272;ABASTECIMENTO;Gasolina Comum;145,68;R$ 6,26;-;2846160;02/07/2026 00:13;69577;008;43260707473735018200550080000695771014196650;
23181645;02/07/2026 10:39;TRANSPORTES GRITSCH;90.739.624/0023-23;07.473.735/0182-00;SIM REDE - SIM SCUDERIA 0182-00 - METROPOLITANA / SERRA;BDU5G86;315838;157,321;ABASTECIMENTO;Diesel S10;954,93;R$ 6,07;R$ 6,070;2846160;02/07/2026 10:40;69634;008;43260707473735018200550080000696341014200639;
23193564;02/07/2026 16:54;TRANSPORTES GRITSCH;90.739.624/0023-23;07.473.735/0182-00;SIM REDE - SIM SCUDERIA 0182-00 - METROPOLITANA / SERRA;UBO0E91;31188;179,540;ABASTECIMENTO;Diesel S10;1089,80;R$ 6,07;R$ 6,070;2846160;02/07/2026 16:54;69683;008;43260707473735018200550080000696831014204418;
23226455;03/07/2026 10:10;TRANSPORTES GRITSCH;90.739.624/0023-23;07.473.735/0182-00;SIM REDE - SIM SCUDERIA 0182-00 - METROPOLITANA / SERRA;SFM3H42;40943;41,555;ABASTECIMENTO;Diesel S10;252,23;R$ 6,07;R$ 6,070;2846160;03/07/2026 10:11;69765;008;43260707473735018200550080000697651014211268;
23227175;03/07/2026 10:42;TRANSPORTES GRITSCH;90.739.624/0023-23;07.473.735/0182-00;SIM REDE - SIM SCUDERIA 0182-00 - METROPOLITANA / SERRA;BDU5G86;316405;168,538;ABASTECIMENTO;Diesel S10;1023,02;R$ 6,07;R$ 6,070;2846160;03/07/2026 10:43;69769;008;43260707473735018200550080000697691014211526;
23236815;03/07/2026 15:43;TRANSPORTES GRITSCH;90.739.624/0023-23;07.473.735/0182-00;SIM REDE - SIM SCUDERIA 0182-00 - METROPOLITANA / SERRA;UBO0E91;31755;157,789;ABASTECIMENTO;Diesel S10;957,77;R$ 6,07;R$ 6,070;2846160;03/07/2026 15:43;69797;008;43260707473735018200550080000697971014214589;
23236842;03/07/2026 15:45;TRANSPORTES GRITSCH;90.739.624/0023-23;07.473.735/0182-00;SIM REDE - SIM SCUDERIA 0182-00 - METROPOLITANA / SERRA;UBO0E91;31755;32,885;ABASTECIMENTO;Arla 32;103,25;R$ 3,14;R$ 3,140;2846160;03/07/2026 15:46;69798;008;43260707473735018200550080000697981014214667;
23339752;25/06/2026 11:16;TRANSPORTES GRITSCH;90.739.624/0023-23;07.473.735/0182-00;SIM REDE - SIM SCUDERIA 0182-00 - METROPOLITANA / SERRA;TBW9G12;85198;322,460;ABASTECIMENTO;Diesel S10;1957,38;R$ 6,07;-;2846160;06/07/2026 09:51;69013, 69013;008, 008;43260607473735018200550080000690131014129466, 43260607473735018200550080000690131014129466;
23339772;23/06/2026 11:29;TRANSPORTES GRITSCH;90.739.624/0023-23;07.473.735/0182-00;SIM REDE - SIM SCUDERIA 0182-00 - METROPOLITANA / SERRA;TBW9G12;84068;339,448;ABASTECIMENTO;Diesel S10;2060,44;R$ 6,07;-;2846160;06/07/2026 09:52;68788;008;43260607473735018200550080000687881014108714;
;;;;;;;;;;;TOTAL POSTO: 12633,24;;;;;;;;

3026 - POSTO MACEDO CAMPO BONITO - REDE MACEDO
Transacao;Data;Cliente;CNPJ Cliente;CNPJ Posto;Estabelecimento;Placa;Hodometro/Horimetro;Litragem;Servico;Combustivel;Valor Total;Preco Litro;Preco Negociado;Lote;Data vinculacao;NF-e;Serie;Chave NF-e;Observacao
23053369;29/06/2026 10:02;TRANSPORTES GRITSCH;09.576.274/0001-06;12.807.874/0001-34;POSTO MACEDO CAMPO BONITO - REDE MACEDO;BCV8D45;417401;269,480;ABASTECIMENTO;Diesel S10;1735,45;R$ 6,44;R$ 6,740;2846160;30/06/2026 11:48;12306;008;41260612807874000134550080000123061011360727;
23073975;29/06/2026 21:59;TRANSPORTES GRITSCH;09.576.274/0001-06;12.807.874/0001-34;POSTO MACEDO CAMPO BONITO - REDE MACEDO;BCV9J79;392473;191,480;ABASTECIMENTO;Diesel S10;1233,13;R$ 6,44;R$ 6,740;2846160;30/06/2026 11:49;12320;008;41260612807874000134550080000123201011365477;
23093573;30/06/2026 11:46;TRANSPORTES GRITSCH;09.576.274/0001-06;12.807.874/0001-34;POSTO MACEDO CAMPO BONITO - REDE MACEDO;BBW0C96;547232;180,790;ABASTECIMENTO;Diesel S10;1164,29;R$ 6,44;R$ 6,740;2846160;01/07/2026 16:11;12232;009;41260612807874000134550090000122321011369326;
23108917;30/06/2026 19:40;TRANSPORTES GRITSCH;09.576.274/0001-06;12.807.874/0001-34;POSTO MACEDO CAMPO BONITO - REDE MACEDO;BCV9J79;393413;139,000;ABASTECIMENTO;Diesel S10;895,16;R$ 6,44;R$ 6,740;2846160;01/07/2026 16:13;12331;008;41260612807874000134550080000123311011373333;
23115215;30/06/2026 22:42;TRANSPORTES GRITSCH;09.576.274/0001-06;12.807.874/0001-34;POSTO MACEDO CAMPO BONITO - REDE MACEDO;SEO8J46;405152;210,000;ABASTECIMENTO;Diesel S10;1352,40;R$ 6,44;R$ 6,740;2846160;01/07/2026 16:12;12257;009;41260612807874000134550090000122571011373977;
23115227;30/06/2026 22:44;TRANSPORTES GRITSCH;09.576.274/0001-06;12.807.874/0001-34;POSTO MACEDO CAMPO BONITO - REDE MACEDO;SEO8J46;405152;18,290;ABASTECIMENTO;Arla 32;54,69;R$ 2,99;-;2846160;01/07/2026 16:12;12258;009;41260612807874000134550090000122581011373982;
23161241;01/07/2026 22:56;TRANSPORTES GRITSCH;09.576.274/0001-06;12.807.874/0001-34;POSTO MACEDO CAMPO BONITO - REDE MACEDO;SES2D41;385975;197,960;ABASTECIMENTO;Diesel S10;1255,07;R$ 6,34;R$ 6,740;2846160;02/07/2026 13:33;12371;008;41260712807874000134550080000123711011382927;
23183723;02/07/2026 11:59;TRANSPORTES GRITSCH;09.576.274/0001-06;12.807.874/0001-34;POSTO MACEDO CAMPO BONITO - REDE MACEDO;BBW0C96;548310;162,509;ABASTECIMENTO;Diesel S10;1030,31;R$ 6,34;R$ 6,740;2846160;03/07/2026 15:45;12377;008;41260712807874000134550080000123771011386314;
23206026;02/07/2026 22:05;TRANSPORTES GRITSCH;09.576.274/0001-06;12.807.874/0001-34;POSTO MACEDO CAMPO BONITO - REDE MACEDO;SEW5B72;373888;220,000;ABASTECIMENTO;Diesel S10;1394,80;R$ 6,34;R$ 6,740;2846160;03/07/2026 15:43;12335;009;41260712807874000134550090000123351011391462;
23230438;03/07/2026 12:51;TRANSPORTES GRITSCH;09.576.274/0001-06;12.807.874/0001-34;POSTO MACEDO CAMPO BONITO - REDE MACEDO;BCV9J79;394598;178,000;ABASTECIMENTO;Diesel S10;1128,52;R$ 6,34;R$ 6,740;2846160;04/07/2026 09:37;12354;009;41260712807874000134550090000123541011395625;
23251093;03/07/2026 21:36;TRANSPORTES GRITSCH;09.576.274/0001-06;12.807.874/0001-34;POSTO MACEDO CAMPO BONITO - REDE MACEDO;SEW5B71;334429;190,350;ABASTECIMENTO;Diesel S10;1206,82;R$ 6,34;R$ 6,740;2846160;04/07/2026 09:38;12422;008;41260712807874000134550080000124221011401175;
;;;;;;;;;;;TOTAL POSTO: 12450,64;;;;;;;;

1255 - SIM REDE - LAGUNA 0080-85 - SC SUL
Transacao;Data;Cliente;CNPJ Cliente;CNPJ Posto;Estabelecimento;Placa;Hodometro/Horimetro;Litragem;Servico;Combustivel;Valor Total;Preco Litro;Preco Negociado;Lote;Data vinculacao;NF-e;Serie;Chave NF-e;Observacao
23053606;29/06/2026 10:10;TRANSPORTES GRITSCH;90.739.624/0014-32;07.473.735/0080-85;SIM REDE - LAGUNA 0080-85 - SC SUL;SDT4A93;171271;23,921;ABASTECIMENTO;Gasolina Comum;145,20;R$ 6,07;-;2846160;07/07/2026 13:42;239214;008;42260607473735008085550080002392141020582673;
;;;;;;;;;;;TOTAL POSTO: 145,20;;;;;;;;

26757 - SIM REDE - 0231-22 - SANTANA
Transacao;Data;Cliente;CNPJ Cliente;CNPJ Posto;Estabelecimento;Placa;Hodometro/Horimetro;Litragem;Servico;Combustivel;Valor Total;Preco Litro;Preco Negociado;Lote;Data vinculacao;NF-e;Serie;Chave NF-e;Observacao
23053607;29/06/2026 10:10;TRANSPORTES GRITSCH;90.739.624/0023-23;07.473.735/0231-22;SIM REDE - 0231-22 - SANTANA;SES1B65;144488;53,999;ABASTECIMENTO;Diesel S10;372,05;R$ 6,89;-;2846160;;;;;
23131366;01/07/2026 09:33;TRANSPORTES GRITSCH;90.739.624/0023-23;07.473.735/0231-22;SIM REDE - 0231-22 - SANTANA;SEP6E34;62644;38,718;ABASTECIMENTO;Gasolina Comum;236,95;R$ 6,12;-;2846160;;;;;
;;;;;;;;;;;TOTAL POSTO: 609,00;;;;;;;;

24711 - REDE DINO - POSTO SERRA DAS ARARAS
Transacao;Data;Cliente;CNPJ Cliente;CNPJ Posto;Estabelecimento;Placa;Hodometro/Horimetro;Litragem;Servico;Combustivel;Valor Total;Preco Litro;Preco Negociado;Lote;Data vinculacao;NF-e;Serie;Chave NF-e;Observacao
23053684;29/06/2026 10:17;TRANSPORTES GRITSCH;90.739.624/0018-66;50.128.357/0005-51;REDE DINO - POSTO SERRA DAS ARARAS;SEI5B85;206286;42,264;ABASTECIMENTO;Gasolina Comum;277,25;R$ 6,56;R$ 6,990;2846160;29/06/2026 10:25;9398;005;51260650128357000551550050000093981000964099;
23130167;01/07/2026 09:02;TRANSPORTES GRITSCH;90.739.624/0018-66;50.128.357/0005-51;REDE DINO - POSTO SERRA DAS ARARAS;SEI5B85;206607;38,008;ABASTECIMENTO;Gasolina Comum;249,33;R$ 6,56;R$ 6,990;2846160;01/07/2026 09:10;9444;005;51260750128357000551550050000094441000967320;
;;;;;;;;;;;TOTAL POSTO: 526,58;;;;;;;;

1175 - SIM REDE - PELOTAS CAVADA 0060-31 - CENTRO RS
Transacao;Data;Cliente;CNPJ Cliente;CNPJ Posto;Estabelecimento;Placa;Hodometro/Horimetro;Litragem;Servico;Combustivel;Valor Total;Preco Litro;Preco Negociado;Lote;Data vinculacao;NF-e;Serie;Chave NF-e;Observacao
23053942;29/06/2026 10:27;TRANSPORTES GRITSCH;90.739.624/0023-23;07.473.735/0060-31;SIM REDE - PELOTAS CAVADA 0060-31 - CENTRO RS;UBR9B07;11015;36,430;ABASTECIMENTO;Diesel S10;221,13;R$ 6,07;R$ 6,170;2846160;07/07/2026 13:44;72765;008;43260607473735006031550080000727651017021658;
23056937;29/06/2026 12:35;TRANSPORTES GRITSCH;90.739.624/0023-23;07.473.735/0060-31;SIM REDE - PELOTAS CAVADA 0060-31 - CENTRO RS;UBN9E26;23063;48,800;ABASTECIMENTO;Diesel S10;296,21;R$ 6,07;R$ 6,170;2846160;07/07/2026 13:44;72769;008;43260607473735006031550080000727691017022211;
23058452;29/06/2026 13:24;TRANSPORTES GRITSCH;90.739.624/0023-23;07.473.735/0060-31;SIM REDE - PELOTAS CAVADA 0060-31 - CENTRO RS;UBN9E25;22132;30,920;ABASTECIMENTO;Diesel S10;187,68;R$ 6,07;R$ 6,170;2846160;07/07/2026 13:44;72771;008;43260607473735006031550080000727711017022414;
23066150;29/06/2026 17:38;TRANSPORTES GRITSCH;90.739.624/0023-23;07.473.735/0060-31;SIM REDE - PELOTAS CAVADA 0060-31 - CENTRO RS;TAV9E95;133619;103,200;ABASTECIMENTO;Diesel S10;626,42;R$ 6,07;R$ 6,170;2846160;07/07/2026 13:44;72782;008;43260607473735006031550080000727821017023872;
23066168;29/06/2026 17:40;TRANSPORTES GRITSCH;90.739.624/0023-23;07.473.735/0060-31;SIM REDE - PELOTAS CAVADA 0060-31 - CENTRO RS;TAV9E95;133619;9,470;ABASTECIMENTO;Arla 32;29,73;R$ 3,14;R$ 3,140;2846160;07/07/2026 13:44;72784;008;43260607473735006031550080000727841017023923;
23099982;30/06/2026 14:23;TRANSPORTES GRITSCH;90.739.624/0023-23;07.473.735/0060-31;SIM REDE - PELOTAS CAVADA 0060-31 - CENTRO RS;UBN9E24;15310;67,519;ABASTECIMENTO;Diesel S10;409,84;R$ 6,07;R$ 6,170;2846160;07/07/2026 13:44;72824;008;43260607473735006031550080000728241017028884;
23100847;30/06/2026 14:59;TRANSPORTES GRITSCH;90.739.624/0023-23;07.473.735/0060-31;SIM REDE - PELOTAS CAVADA 0060-31 - CENTRO RS;UBN9E25;22461;33,370;ABASTECIMENTO;Diesel S10;202,55;R$ 6,07;R$ 6,170;2846160;07/07/2026 13:44;72826;008;43260607473735006031550080000728261017029095;
23101749;30/06/2026 15:37;TRANSPORTES GRITSCH;90.739.624/0023-23;07.473.735/0060-31;SIM REDE - PELOTAS CAVADA 0060-31 - CENTRO RS;SFG4I64;125500;25,640;ABASTECIMENTO;Gasolina Comum;166,40;R$ 6,49;-;2846160;07/07/2026 13:44;72831;008;43260607473735006031550080000728311017029281;
23102658;30/06/2026 16:18;TRANSPORTES GRITSCH;90.739.624/0023-23;07.473.735/0060-31;SIM REDE - PELOTAS CAVADA 0060-31 - CENTRO RS;UBN9E26;23509;38,050;ABASTECIMENTO;Diesel S10;230,96;R$ 6,07;R$ 6,170;2846160;07/07/2026 13:44;72834;008;43260607473735006031550080000728341017029542;
23106561;30/06/2026 18:05;TRANSPORTES GRITSCH;90.739.624/0023-23;07.473.735/0060-31;SIM REDE - PELOTAS CAVADA 0060-31 - CENTRO RS;UBR9B05;13923;46,780;ABASTECIMENTO;Diesel S10;283,95;R$ 6,07;R$ 6,170;2846160;07/07/2026 13:44;72856;008;43260607473735006031550080000728561017030602;
23107505;30/06/2026 18:37;TRANSPORTES GRITSCH;90.739.624/0023-23;07.473.735/0060-31;SIM REDE - PELOTAS CAVADA 0060-31 - CENTRO RS;UBR9B03;16232;51,630;ABASTECIMENTO;Diesel S10;313,39;R$ 6,07;R$ 6,170;2846160;07/07/2026 13:44;72862;008;43260607473735006031550080000728621017031010;
23146367;01/07/2026 16:01;TRANSPORTES GRITSCH;90.739.624/0023-23;07.473.735/0060-31;SIM REDE - PELOTAS CAVADA 0060-31 - CENTRO RS;UBR9B07;11606;58,240;ABASTECIMENTO;Diesel S10;353,51;R$ 6,07;R$ 6,170;2846160;07/07/2026 13:47;72921;008;43260707473735006031550080000729211017036515;
23146583;01/07/2026 16:09;TRANSPORTES GRITSCH;90.739.624/0023-23;07.473.735/0060-31;SIM REDE - PELOTAS CAVADA 0060-31 - CENTRO RS;UBN9E26;24047;46,340;ABASTECIMENTO;Diesel S10;281,28;R$ 6,07;R$ 6,170;2846160;07/07/2026 13:47;72923;008;43260707473735006031550080000729231017036609;
23149638;01/07/2026 17:30;TRANSPORTES GRITSCH;90.739.624/0023-23;07.473.735/0060-31;SIM REDE - PELOTAS CAVADA 0060-31 - CENTRO RS;UBN9E25;22896;44,010;ABASTECIMENTO;Diesel S10;267,14;R$ 6,07;R$ 6,170;2846160;07/07/2026 13:47;72936;008;43260707473735006031550080000729361017037255;
23149945;01/07/2026 17:32;TRANSPORTES GRITSCH;90.739.624/0023-23;07.473.735/0060-31;SIM REDE - PELOTAS CAVADA 0060-31 - CENTRO RS;UBN9E25;22896;4,860;ABASTECIMENTO;Arla 32;15,26;R$ 3,14;R$ 3,140;2846160;07/07/2026 13:47;72937;008;43260707473735006031550080000729371017037279;
23189648;02/07/2026 14:06;TRANSPORTES GRITSCH;90.739.624/0023-23;07.473.735/0060-31;SIM REDE - PELOTAS CAVADA 0060-31 - CENTRO RS;UBR9B05;14321;40,430;ABASTECIMENTO;Diesel S10;245,41;R$ 6,07;R$ 6,170;2846160;22/07/2026 11:14;72991;008;43260707473735006031550080000729911017042250;
23191780;02/07/2026 15:48;TRANSPORTES GRITSCH;90.739.624/0023-23;07.473.735/0060-31;SIM REDE - PELOTAS CAVADA 0060-31 - CENTRO RS;UBN9E25;23233;33,280;ABASTECIMENTO;Diesel S10;202,00;R$ 6,07;R$ 6,170;2846160;22/07/2026 11:26;73004;008;43260707473735006031550080000730041017042900;
23198222;02/07/2026 18:02;TRANSPORTES GRITSCH;90.739.624/0023-23;07.473.735/0060-31;SIM REDE - PELOTAS CAVADA 0060-31 - CENTRO RS;TAV9E95;134627;52,550;ABASTECIMENTO;Diesel S10;318,97;R$ 6,07;R$ 6,070;2846160;22/07/2026 11:31;73016;008;43260707473735006031550080000730161017043886;
23198257;02/07/2026 18:04;TRANSPORTES GRITSCH;90.739.624/0023-23;07.473.735/0060-31;SIM REDE - PELOTAS CAVADA 0060-31 - CENTRO RS;TAV9E95;134627;13,650;ABASTECIMENTO;Arla 32;42,86;R$ 3,14;R$ 3,140;2846160;22/07/2026 11:33;73017;008;43260707473735006031550080000730171017043921;
23212892;03/07/2026 02:37;TRANSPORTES GRITSCH;90.739.624/0023-23;07.473.735/0060-31;SIM REDE - PELOTAS CAVADA 0060-31 - CENTRO RS;TAV9E95;135128;99,280;ABASTECIMENTO;Diesel S10;602,62;R$ 6,07;R$ 6,070;2846160;22/07/2026 11:33;73032;008;43260707473735006031550080000730321017045432;
23232881;03/07/2026 13:09;TRANSPORTES GRITSCH;90.739.624/0023-23;07.473.735/0060-31;SIM REDE - PELOTAS CAVADA 0060-31 - CENTRO RS;UBR9B03;16854;54,920;ABASTECIMENTO;Diesel S10;333,36;R$ 6,07;R$ 6,070;2846160;22/07/2026 11:39;73068;008;43260707473735006031550080000730681017048329;
23235458;03/07/2026 14:43;TRANSPORTES GRITSCH;90.739.624/0023-23;07.473.735/0060-31;SIM REDE - PELOTAS CAVADA 0060-31 - CENTRO RS;UBN9E25;23564;32,320;ABASTECIMENTO;Diesel S10;196,18;R$ 6,07;R$ 6,070;2846160;22/07/2026 11:26;73074;008;43260707473735006031550080000730741017048920;
23236550;03/07/2026 15:29;TRANSPORTES GRITSCH;90.739.624/0023-23;07.473.735/0060-31;SIM REDE - PELOTAS CAVADA 0060-31 - CENTRO RS;UBN9E26;24682;62,030;ABASTECIMENTO;Diesel S10;376,52;R$ 6,07;R$ 6,070;2846160;22/07/2026 11:39;73077;008;43260707473735006031550080000730771017049235;
23236576;03/07/2026 15:31;TRANSPORTES GRITSCH;90.739.624/0023-23;07.473.735/0060-31;SIM REDE - PELOTAS CAVADA 0060-31 - CENTRO RS;UBN9E26;24682;5,090;ABASTECIMENTO;Arla 32;15,98;R$ 3,14;R$ 3,140;2846160;22/07/2026 11:39;73078;008;43260707473735006031550080000730781017049259;
;;;;;;;;;;;TOTAL POSTO: 6219,35;;;;;;;;

24113 - POSTO GALO - SAO JOSE 0007-70 - REDE GALO
Transacao;Data;Cliente;CNPJ Cliente;CNPJ Posto;Estabelecimento;Placa;Hodometro/Horimetro;Litragem;Servico;Combustivel;Valor Total;Preco Litro;Preco Negociado;Lote;Data vinculacao;NF-e;Serie;Chave NF-e;Observacao
23054016;29/06/2026 10:32;TRANSPORTES GRITSCH;90.739.624/0014-32;81.326.258/0007-70;POSTO GALO - SAO JOSE 0007-70 - REDE GALO;SDP7F84;106879;44,306;ABASTECIMENTO;Gasolina Comum;287,54;R$ 6,49;R$ 6,490;2846160;30/06/2026 12:31;99179;001;42260681326258000770550010000991791003419294;
23057352;29/06/2026 12:48;TRANSPORTES GRITSCH;90.739.624/0014-32;81.326.258/0007-70;POSTO GALO - SAO JOSE 0007-70 - REDE GALO;SFM3H52;61367;49,886;ABASTECIMENTO;Diesel Aditivado;348,70;R$ 6,99;-;2846160;30/06/2026 12:31;99191;001;42260681326258000770550010000991911003420432;
23083795;30/06/2026 06:41;TRANSPORTES GRITSCH;90.739.624/0014-32;81.326.258/0007-70;POSTO GALO - SAO JOSE 0007-70 - REDE GALO;SDU9G03;119166;38,418;ABASTECIMENTO;Gasolina Comum;249,33;R$ 6,49;R$ 6,490;2846160;02/07/2026 11:10;1796;002;42260781326258000770550020000017961091290072;
23100796;30/06/2026 14:54;TRANSPORTES GRITSCH;90.739.624/0014-32;81.326.258/0007-70;POSTO GALO - SAO JOSE 0007-70 - REDE GALO;SFI6G56;24785;28,461;ABASTECIMENTO;Gasolina Comum;184,71;R$ 6,49;R$ 6,490;2846160;01/07/2026 12:35;99240;001;42260681326258000770550010000992401003430906;
23174327;02/07/2026 07:36;TRANSPORTES GRITSCH;90.739.624/0014-32;81.326.258/0007-70;POSTO GALO - SAO JOSE 0007-70 - REDE GALO;SEP6E15;154827;39,110;ABASTECIMENTO;Gasolina Comum;253,82;R$ 6,49;R$ 6,490;2846160;03/07/2026 13:05;99331;001;42260781326258000770550010000993311003448767;
23190064;02/07/2026 14:34;TRANSPORTES GRITSCH;90.739.624/0014-32;81.326.258/0007-70;POSTO GALO - SAO JOSE 0007-70 - REDE GALO;TAW3H21;77673;65,365;ABASTECIMENTO;Diesel Aditivado;456,90;R$ 6,99;-;2846160;03/07/2026 13:05;99363;001;42260781326258000770550010000993631003452423;
23190375;02/07/2026 14:46;TRANSPORTES GRITSCH;90.739.624/0014-32;81.326.258/0007-70;POSTO GALO - SAO JOSE 0007-70 - REDE GALO;SDU9G03;119578;34,332;ABASTECIMENTO;Gasolina Comum;222,81;R$ 6,49;R$ 6,490;2846160;03/07/2026 13:05;99365;001;42260781326258000770550010000993651003452517;
23229646;03/07/2026 12:35;TRANSPORTES GRITSCH;90.739.624/0014-32;81.326.258/0007-70;POSTO GALO - SAO JOSE 0007-70 - REDE GALO;SFI4A34;133480;34,197;ABASTECIMENTO;Diesel Aditivado;239,03;R$ 6,99;-;2846160;06/07/2026 12:55;99411;001;42260781326258000770550010000994111003462541;
23230075;03/07/2026 12:44;TRANSPORTES GRITSCH;90.739.624/0014-32;81.326.258/0007-70;POSTO GALO - SAO JOSE 0007-70 - REDE GALO;SEP6E15;155280;14,997;ABASTECIMENTO;Gasolina Comum;97,33;R$ 6,49;R$ 6,490;2846160;06/07/2026 12:55;99412;001;42260781326258000770550010000994121003462638;
23236587;03/07/2026 15:32;TRANSPORTES GRITSCH;90.739.624/0014-32;81.326.258/0007-70;POSTO GALO - SAO JOSE 0007-70 - REDE GALO;SFM3H52;62159;49,788;ABASTECIMENTO;Diesel Aditivado;348,01;R$ 6,99;-;2846160;06/07/2026 12:55;99423;001;42260781326258000770550010000994231003464499;
23237460;03/07/2026 16:08;TRANSPORTES GRITSCH;90.739.624/0014-32;81.326.258/0007-70;POSTO GALO - SAO JOSE 0007-70 - REDE GALO;TAP2C39;60720;54,628;ABASTECIMENTO;Diesel Aditivado;381,84;R$ 6,99;-;2846160;06/07/2026 12:55;99427;001;42260781326258000770550010000994271003465028;
;;;;;;;;;;;TOTAL POSTO: 3070,02;;;;;;;;

1184 - SIM REDE - MARAU 0121-98 - CENTRO RS
Transacao;Data;Cliente;CNPJ Cliente;CNPJ Posto;Estabelecimento;Placa;Hodometro/Horimetro;Litragem;Servico;Combustivel;Valor Total;Preco Litro;Preco Negociado;Lote;Data vinculacao;NF-e;Serie;Chave NF-e;Observacao
23054433;29/06/2026 10:46;TRANSPORTES GRITSCH;90.739.624/0023-23;07.473.735/0121-98;SIM REDE - MARAU 0121-98 - CENTRO RS;SFG3J43;124784;38,890;ABASTECIMENTO;Gasolina Comum;247,34;R$ 6,36;-;2846160;07/07/2026 13:45;13181;008;43260607473735012198550080000131811016892038;
;;;;;;;;;;;TOTAL POSTO: 247,34;;;;;;;;

3357 - REDE ARLEI - AUTO POSTO ARLEI DE PRESIDENTE VENCESLAU
Transacao;Data;Cliente;CNPJ Cliente;CNPJ Posto;Estabelecimento;Placa;Hodometro/Horimetro;Litragem;Servico;Combustivel;Valor Total;Preco Litro;Preco Negociado;Lote;Data vinculacao;NF-e;Serie;Chave NF-e;Observacao
23054922;29/06/2026 11:11;TRANSPORTES GRITSCH;90.739.624/0003-80;29.127.799/0001-63;REDE ARLEI - AUTO POSTO ARLEI DE PRESIDENTE VENCESLAU;TAP3G60;167619;42,421;ABASTECIMENTO;Diesel S10;279,56;R$ 6,59;R$ 6,590;2846160;29/06/2026 12:30;114625;001;35260629127799000163550010001146251000624131;
23093706;30/06/2026 11:49;TRANSPORTES GRITSCH;90.739.624/0003-80;29.127.799/0001-63;REDE ARLEI - AUTO POSTO ARLEI DE PRESIDENTE VENCESLAU;SFD5C35;291207;41,221;ABASTECIMENTO;Diesel S10;271,64;R$ 6,59;R$ 6,590;2846160;30/06/2026 12:40;114693;001;35260629127799000163550010001146931000624476;
23136240;01/07/2026 11:17;TRANSPORTES GRITSCH;90.739.624/0003-80;29.127.799/0001-63;REDE ARLEI - AUTO POSTO ARLEI DE PRESIDENTE VENCESLAU;TAP3G60;169779;37,331;ABASTECIMENTO;Diesel S10;246,01;R$ 6,59;R$ 6,590;2846160;01/07/2026 11:54;114740;001;35260729127799000163550010001147401000624714;
23183309;02/07/2026 11:38;TRANSPORTES GRITSCH;90.739.624/0003-80;29.127.799/0001-63;REDE ARLEI - AUTO POSTO ARLEI DE PRESIDENTE VENCESLAU;SFD5C35;293378;38,910;ABASTECIMENTO;Diesel S10;256,42;R$ 6,59;R$ 6,590;2846160;02/07/2026 16:33;114807;001;35260729127799000163550010001148071000625045;
;;;;;;;;;;;TOTAL POSTO: 1053,63;;;;;;;;

2739 - POSTO MARTELLI - SILOEIRO
Transacao;Data;Cliente;CNPJ Cliente;CNPJ Posto;Estabelecimento;Placa;Hodometro/Horimetro;Litragem;Servico;Combustivel;Valor Total;Preco Litro;Preco Negociado;Lote;Data vinculacao;NF-e;Serie;Chave NF-e;Observacao
23054969;29/06/2026 11:14;TRANSPORTES GRITSCH;90.739.624/0018-66;04.505.289/0001-51;POSTO MARTELLI - SILOEIRO;UBW4H01;10240;29,870;ABASTECIMENTO;Gasolina Comum;204,31;R$ 6,84;R$ 6,840;2846160;30/06/2026 10:31;10678;013;51260604505289000151550130000106781009813009;
23065748;29/06/2026 17:22;TRANSPORTES GRITSCH;90.739.624/0018-66;04.505.289/0001-51;POSTO MARTELLI - SILOEIRO;UBW4H01;10503;25,990;ABASTECIMENTO;Gasolina Comum;177,77;R$ 6,84;R$ 6,840;2846160;30/06/2026 10:32;10688;013;51260604505289000151550130000106881009814753;
23133718;01/07/2026 10:40;TRANSPORTES GRITSCH;90.739.624/0018-66;04.505.289/0001-51;POSTO MARTELLI - SILOEIRO;SFI4A20;178415;27,100;ABASTECIMENTO;Diesel S10;194,85;R$ 7,19;R$ 7,190;2846160;02/07/2026 11:32;10732;013;51260704505289000151550130000107321009823110;
23159923;01/07/2026 21:29;TRANSPORTES GRITSCH;90.739.624/0018-66;04.505.289/0001-51;POSTO MARTELLI - SILOEIRO;UBA9H34;69282;42,460;ABASTECIMENTO;Diesel S10;305,29;R$ 7,19;R$ 7,190;2846160;02/07/2026 11:45;10742;013;51260704505289000151550130000107421009826859;
23227505;03/07/2026 10:52;TRANSPORTES GRITSCH;90.739.624/0018-66;04.505.289/0001-51;POSTO MARTELLI - SILOEIRO;UBA9H32;64378;28,900;ABASTECIMENTO;Diesel S10;207,79;R$ 7,19;R$ 7,190;2846160;04/07/2026 11:01;10788;013;51260704505289000151550130000107881009835237;
23237905;03/07/2026 16:27;TRANSPORTES GRITSCH;90.739.624/0018-66;04.505.289/0001-51;POSTO MARTELLI - SILOEIRO;TBK1J34;146619;18,670;ABASTECIMENTO;Diesel S10;134,24;R$ 7,19;R$ 7,190;2846160;04/07/2026 11:01;10797;013;51260704505289000151550130000107971009837212;
;;;;;;;;;;;TOTAL POSTO: 1224,25;;;;;;;;

17752 - SIM REDE DE POSTOS - 0217-74 - METROPOLITANA / SERRA
Transacao;Data;Cliente;CNPJ Cliente;CNPJ Posto;Estabelecimento;Placa;Hodometro/Horimetro;Litragem;Servico;Combustivel;Valor Total;Preco Litro;Preco Negociado;Lote;Data vinculacao;NF-e;Serie;Chave NF-e;Observacao
23055302;29/06/2026 11:24;TRANSPORTES GRITSCH;90.739.624/0023-23;07.473.735/0217-74;SIM REDE DE POSTOS - 0217-74 - METROPOLITANA / SERRA;TAS4H01;49644;56,099;ABASTECIMENTO;Diesel S10;340,52;R$ 6,07;R$ 6,170;2846160;07/07/2026 13:46;3354;008;43260607473735021774550080000033541009143458;
;;;;;;;;;;;TOTAL POSTO: 340,52;;;;;;;;

8749 - AUTO POSTO ESTRELAO
Transacao;Data;Cliente;CNPJ Cliente;CNPJ Posto;Estabelecimento;Placa;Hodometro/Horimetro;Litragem;Servico;Combustivel;Valor Total;Preco Litro;Preco Negociado;Lote;Data vinculacao;NF-e;Serie;Chave NF-e;Observacao
23055322;29/06/2026 11:26;TRANSPORTES GRITSCH;90.739.624/0018-66;05.773.237/0001-29;AUTO POSTO ESTRELAO;TBE5I65;132093;38,250;ABASTECIMENTO;Gasolina Comum;248,24;R$ 6,49;-;2846160;06/07/2026 12:30;11571;002;51260705773237000129550020000115711422108290;
23334943;29/06/2026 07:09;TRANSPORTES GRITSCH;90.739.624/0018-66;05.773.237/0001-29;AUTO POSTO ESTRELAO;TBE5I65;131749;31,553;ABASTECIMENTO;Gasolina Comum;204,78;R$ 6,49;-;2846160;06/07/2026 08:23;100869;001;51260605773237000129550010001008691410575606;
;;;;;;;;;;;TOTAL POSTO: 453,02;;;;;;;;

13525 - NOSSO POSTAO
Transacao;Data;Cliente;CNPJ Cliente;CNPJ Posto;Estabelecimento;Placa;Hodometro/Horimetro;Litragem;Servico;Combustivel;Valor Total;Preco Litro;Preco Negociado;Lote;Data vinculacao;NF-e;Serie;Chave NF-e;Observacao
23056219;29/06/2026 12:02;TRANSPORTES GRITSCH;90.739.624/0019-47;02.310.460/0001-41;NOSSO POSTAO;TBE5I66;166281;32,100;ABASTECIMENTO;Gasolina Comum;224,38;R$ 6,99;R$ 6,990;2846160;29/06/2026 12:15;52430;001;52260602310460000141550010000524301832689737;
23097952;30/06/2026 13:13;TRANSPORTES GRITSCH;90.739.624/0019-47;02.310.460/0001-41;NOSSO POSTAO;TBE5I62;141935;27,252;ABASTECIMENTO;Gasolina Comum;190,49;R$ 6,99;R$ 6,990;2846160;01/07/2026 08:04;52467;001;52260602310460000141550010000524671128830312;
23138904;01/07/2026 12:47;TRANSPORTES GRITSCH;90.739.624/0019-47;02.310.460/0001-41;NOSSO POSTAO;TBE5I66;167453;39,385;ABASTECIMENTO;Gasolina Comum;275,30;R$ 6,99;R$ 6,990;2846160;02/07/2026 09:20;52572;001;52260702310460000141550010000525721732229199;
23189472;02/07/2026 13:59;TRANSPORTES GRITSCH;90.739.624/0019-47;02.310.460/0001-41;NOSSO POSTAO;TBE5I62;142996;15,085;ABASTECIMENTO;Gasolina Comum;105,44;R$ 6,99;R$ 6,990;2846160;02/07/2026 14:10;52593;001;52260702310460000141550010000525931500501434;
23236455;03/07/2026 15:24;TRANSPORTES GRITSCH;90.739.624/0019-47;02.310.460/0001-41;NOSSO POSTAO;TBE5I66;168113;35,990;ABASTECIMENTO;Gasolina Comum;251,57;R$ 6,99;R$ 6,990;2846160;03/07/2026 15:40;52678;001;52260702310460000141550010000526781066491887;
;;;;;;;;;;;TOTAL POSTO: 1047,18;;;;;;;;

4533 - CHAPECO RODOVIA - FILIAL 38 - REDE TRADICAO
Transacao;Data;Cliente;CNPJ Cliente;CNPJ Posto;Estabelecimento;Placa;Hodometro/Horimetro;Litragem;Servico;Combustivel;Valor Total;Preco Litro;Preco Negociado;Lote;Data vinculacao;NF-e;Serie;Chave NF-e;Observacao
23056716;29/06/2026 12:25;TRANSPORTES GRITSCH;90.739.624/0014-32;37.435.735/0011-20;CHAPECO RODOVIA - FILIAL 38 - REDE TRADICAO;UBY4J20;13507;150,020;ABASTECIMENTO;Diesel S10;940,63;R$ 6,27;R$ 7,990;2846160;29/06/2026 12:31;126811;238;42260637435735001120552380001268111916706841;
23056728;29/06/2026 12:25;TRANSPORTES GRITSCH;90.739.624/0014-32;37.435.735/0011-20;CHAPECO RODOVIA - FILIAL 38 - REDE TRADICAO;UBY4J20;13507;9,310;ABASTECIMENTO;Arla 32;37,15;R$ 3,99;R$ 4,390;2846160;29/06/2026 12:31;126812;238;42260637435735001120552380001268121737801294;
23094439;30/06/2026 12:28;TRANSPORTES GRITSCH;90.739.624/0014-32;37.435.735/0011-20;CHAPECO RODOVIA - FILIAL 38 - REDE TRADICAO;UBY4J20;14007;140,030;ABASTECIMENTO;Diesel S10;877,99;R$ 6,27;R$ 7,990;2846160;30/06/2026 12:31;126932;238;42260637435735001120552380001269321656638294;
23094460;30/06/2026 12:29;TRANSPORTES GRITSCH;90.739.624/0014-32;37.435.735/0011-20;CHAPECO RODOVIA - FILIAL 38 - REDE TRADICAO;UBY4J20;14007;10,400;ABASTECIMENTO;Arla 32;41,50;R$ 3,99;R$ 4,390;2846160;30/06/2026 12:31;126933;238;42260637435735001120552380001269331154480306;
;;;;;;;;;;;TOTAL POSTO: 1897,27;;;;;;;;

5489 - POSTO TIGRAO - PORTO ALEGRE DO NORTE -GRUPO TIGRAO
Transacao;Data;Cliente;CNPJ Cliente;CNPJ Posto;Estabelecimento;Placa;Hodometro/Horimetro;Litragem;Servico;Combustivel;Valor Total;Preco Litro;Preco Negociado;Lote;Data vinculacao;NF-e;Serie;Chave NF-e;Observacao
23057260;29/06/2026 12:45;TRANSPORTES GRITSCH;90.739.624/0018-66;20.499.184/0001-93;POSTO TIGRAO - PORTO ALEGRE DO NORTE -GRUPO TIGRAO;UAV5J69;62996;50,820;ABASTECIMENTO;Gasolina Comum;374,04;R$ 7,36;R$ 7,360;2846160;06/07/2026 09:16;102212;001;51260620499184000193550010001022121005853474;
23139881;01/07/2026 13:00;TRANSPORTES GRITSCH;90.739.624/0018-66;20.499.184/0001-93;POSTO TIGRAO - PORTO ALEGRE DO NORTE -GRUPO TIGRAO;UAV5J69;64030;39,679;ABASTECIMENTO;Gasolina Comum;292,04;R$ 7,36;R$ 7,360;2846160;11/07/2026 09:57;102432;001;51260720499184000193550010001024321005860168;
;;;;;;;;;;;TOTAL POSTO: 666,08;;;;;;;;

4393 - REDE DINO - BANDEIRANTES AUTO POSTO
Transacao;Data;Cliente;CNPJ Cliente;CNPJ Posto;Estabelecimento;Placa;Hodometro/Horimetro;Litragem;Servico;Combustivel;Valor Total;Preco Litro;Preco Negociado;Lote;Data vinculacao;NF-e;Serie;Chave NF-e;Observacao
23057350;29/06/2026 12:48;TRANSPORTES GRITSCH;90.739.624/0018-66;08.603.562/0011-03;REDE DINO - BANDEIRANTES AUTO POSTO;SFD5C38;104749;44,021;ABASTECIMENTO;Alcool Comum;188,85;R$ 4,29;-;2846160;30/06/2026 15:06;1756;008;51260608603562001103550080000017561298032517;
23086717;30/06/2026 09:01;TRANSPORTES GRITSCH;90.739.624/0018-66;08.603.562/0011-03;REDE DINO - BANDEIRANTES AUTO POSTO;SFD5C40;106174;19,590;ABASTECIMENTO;Alcool Comum;84,04;R$ 4,29;-;2846160;30/06/2026 15:12;1757;008;51260608603562001103550080000017571298033120;
23105969;30/06/2026 17:38;TRANSPORTES GRITSCH;90.739.624/0018-66;08.603.562/0011-03;REDE DINO - BANDEIRANTES AUTO POSTO;SFD5C40;106539;43,541;ABASTECIMENTO;Alcool Comum;186,79;R$ 4,29;-;2846160;01/07/2026 14:10;1759;008;51260708603562001103550080000017591298176247;
23152679;01/07/2026 18:08;TRANSPORTES GRITSCH;90.739.624/0018-66;08.603.562/0011-03;REDE DINO - BANDEIRANTES AUTO POSTO;SFD5C40;107058;27,220;ABASTECIMENTO;Alcool Comum;116,77;R$ 4,29;-;2846160;02/07/2026 16:37;1760;008;51260708603562001103550080000017601298352569;
23192934;02/07/2026 16:36;TRANSPORTES GRITSCH;90.739.624/0018-66;08.603.562/0011-03;REDE DINO - BANDEIRANTES AUTO POSTO;SFD5C40;107309;30,420;ABASTECIMENTO;Alcool Comum;130,50;R$ 4,29;-;2846160;06/07/2026 10:14;1761;008;51260708603562001103550080000017611298859938;
23240158;03/07/2026 17:15;TRANSPORTES GRITSCH;90.739.624/0018-66;08.603.562/0011-03;REDE DINO - BANDEIRANTES AUTO POSTO;SFD5C40;107886;27,000;ABASTECIMENTO;Alcool Comum;115,83;R$ 4,29;-;2846160;06/07/2026 10:17;1762;008;51260708603562001103550080000017621298860364;
;;;;;;;;;;;TOTAL POSTO: 822,78;;;;;;;;

25300 - POSTO LAGO AZUL
Transacao;Data;Cliente;CNPJ Cliente;CNPJ Posto;Estabelecimento;Placa;Hodometro/Horimetro;Litragem;Servico;Combustivel;Valor Total;Preco Litro;Preco Negociado;Lote;Data vinculacao;NF-e;Serie;Chave NF-e;Observacao
23057828;29/06/2026 13:03;TRANSPORTES GRITSCH;90.739.624/0001-18;04.985.282/0001-84;POSTO LAGO AZUL;SDR4D98;185539;12,000;ABASTECIMENTO;Gasolina Comum;83,88;R$ 6,99;R$ 6,990;2846160;02/07/2026 10:28;5415;003;17260604985282000184550030000054151717993101;
23059827;29/06/2026 14:07;TRANSPORTES GRITSCH;90.739.624/0001-18;04.985.282/0001-84;POSTO LAGO AZUL;TAR2F19;81609;40,000;ABASTECIMENTO;Gasolina Comum;279,60;R$ 6,99;R$ 6,990;2846160;02/07/2026 10:28;5416;003;17260604985282000184550030000054161082931071;
23066334;29/06/2026 17:46;TRANSPORTES GRITSCH;90.739.624/0001-18;04.985.282/0001-84;POSTO LAGO AZUL;SDR8E58;144240;36,500;ABASTECIMENTO;Gasolina Comum;255,14;R$ 6,99;R$ 6,990;2846160;02/07/2026 10:29;5417;003;17260604985282000184550030000054171448941439;
23135776;01/07/2026 11:06;TRANSPORTES GRITSCH;90.739.624/0001-18;04.985.282/0001-84;POSTO LAGO AZUL;SDR8E58;144860;16,870;ABASTECIMENTO;Gasolina Comum;117,92;R$ 6,99;R$ 6,990;2846160;02/07/2026 10:31;5424;003;17260704985282000184550030000054241590222682;
23142802;01/07/2026 13:40;TRANSPORTES GRITSCH;90.739.624/0001-18;04.985.282/0001-84;POSTO LAGO AZUL;TAR2F19;83268;33,000;ABASTECIMENTO;Gasolina Comum;230,67;R$ 6,99;R$ 6,990;2846160;02/07/2026 10:46;5425;003;17260704985282000184550030000054251760504354;
23143399;01/07/2026 14:05;TRANSPORTES GRITSCH;90.739.624/0001-18;04.985.282/0001-84;POSTO LAGO AZUL;SDR4D98;185947;32,000;ABASTECIMENTO;Gasolina Comum;223,68;R$ 6,99;R$ 6,990;2846160;02/07/2026 10:47;5426;003;17260704985282000184550030000054261930896026;
23181284;02/07/2026 10:11;TRANSPORTES GRITSCH;90.739.624/0001-18;04.985.282/0001-84;POSTO LAGO AZUL;TAR2F19;84082;35,850;ABASTECIMENTO;Gasolina Comum;250,59;R$ 6,99;R$ 6,990;2846160;02/07/2026 10:48;5433;003;17260704985282000184550030000054331108317728;
23189936;02/07/2026 14:27;TRANSPORTES GRITSCH;90.739.624/0001-18;04.985.282/0001-84;POSTO LAGO AZUL;SDR4D98;186387;35,800;ABASTECIMENTO;Gasolina Comum;250,24;R$ 6,99;R$ 6,990;2846160;10/07/2026 10:31;5434;003;17260704985282000184550030000054341210013101;
;;;;;;;;;;;TOTAL POSTO: 1691,72;;;;;;;;

13524 - POSTO CALIFORNIA - PASADENA
Transacao;Data;Cliente;CNPJ Cliente;CNPJ Posto;Estabelecimento;Placa;Hodometro/Horimetro;Litragem;Servico;Combustivel;Valor Total;Preco Litro;Preco Negociado;Lote;Data vinculacao;NF-e;Serie;Chave NF-e;Observacao
23058061;29/06/2026 13:09;TRANSPORTES GRITSCH;90.739.624/0019-47;47.377.960/0001-39;POSTO CALIFORNIA - PASADENA;TBE5I64;125446;30,000;ABASTECIMENTO;Gasolina Comum;200,70;R$ 6,69;R$ 6,690;2846160;06/07/2026 13:20;109113;001;52260647377960000139550010001091131741696685;
23085847;30/06/2026 08:38;TRANSPORTES GRITSCH;90.739.624/0019-47;47.377.960/0001-39;POSTO CALIFORNIA - PASADENA;TBE5I66;166705;39,756;ABASTECIMENTO;Gasolina Comum;265,96;R$ 6,69;R$ 6,690;2846160;06/07/2026 13:20;109184;001;52260647377960000139550010001091841752408033;
23093145;30/06/2026 11:28;TRANSPORTES GRITSCH;90.739.624/0019-47;47.377.960/0001-39;POSTO CALIFORNIA - PASADENA;SEC1E87;243291;19,514;ABASTECIMENTO;Gasolina Comum;130,54;R$ 6,69;R$ 6,690;2846160;06/07/2026 13:21;109202;001;52260647377960000139550010001092021752584362;
23183744;02/07/2026 12:01;TRANSPORTES GRITSCH;90.739.624/0019-47;47.377.960/0001-39;POSTO CALIFORNIA - PASADENA;SEC1E87;244144;18,788;ABASTECIMENTO;Gasolina Comum;125,69;R$ 6,69;R$ 6,690;2846160;07/07/2026 11:20;109390;001;52260747377960000139550010001093901484467449;
;;;;;;;;;;;TOTAL POSTO: 722,89;;;;;;;;

3358 - REDE ARLEI - AUTO POSTO ARLEI DE PRESIDENTE EPITACIO
Transacao;Data;Cliente;CNPJ Cliente;CNPJ Posto;Estabelecimento;Placa;Hodometro/Horimetro;Litragem;Servico;Combustivel;Valor Total;Preco Litro;Preco Negociado;Lote;Data vinculacao;NF-e;Serie;Chave NF-e;Observacao
23058169;29/06/2026 13:11;TRANSPORTES GRITSCH;90.739.624/0003-80;06.068.493/0001-88;REDE ARLEI - AUTO POSTO ARLEI DE PRESIDENTE EPITACIO;SFD5C35;290728;33,630;ABASTECIMENTO;Diesel S10;221,62;R$ 6,59;R$ 6,590;2846160;02/07/2026 09:10;261668;001;35260606068493000188550010002616681001782952;
23058187;29/06/2026 13:12;TRANSPORTES GRITSCH;90.739.624/0003-80;06.068.493/0001-88;REDE ARLEI - AUTO POSTO ARLEI DE PRESIDENTE EPITACIO;SFD5C35;290728;6,690;ABASTECIMENTO;Arla 32;24,69;R$ 3,69;R$ 3,690;2846160;02/07/2026 09:10;261668;001;35260606068493000188550010002616681001782952;
23099039;30/06/2026 13:42;TRANSPORTES GRITSCH;90.739.624/0003-80;06.068.493/0001-88;REDE ARLEI - AUTO POSTO ARLEI DE PRESIDENTE EPITACIO;TAP3G60;169307;34,670;ABASTECIMENTO;Diesel S10;225,01;R$ 6,49;R$ 6,590;2846160;02/07/2026 09:10;261791;001;35260706068493000188550010002617911001783573;
23099048;30/06/2026 13:42;TRANSPORTES GRITSCH;90.739.624/0003-80;06.068.493/0001-88;REDE ARLEI - AUTO POSTO ARLEI DE PRESIDENTE EPITACIO;TAP3G60;169307;9,163;ABASTECIMENTO;Arla 32;33,81;R$ 3,69;R$ 3,690;2846160;02/07/2026 09:10;261791;001;35260706068493000188550010002617911001783573;
23142316;01/07/2026 13:23;TRANSPORTES GRITSCH;90.739.624/0003-80;06.068.493/0001-88;REDE ARLEI - AUTO POSTO ARLEI DE PRESIDENTE EPITACIO;SFD5C35;292899;35,000;ABASTECIMENTO;Diesel S10;230,65;R$ 6,59;R$ 6,590;2846160;02/07/2026 09:10;261792;001;35260706068493000188550010002617921001783570;
23142324;01/07/2026 13:24;TRANSPORTES GRITSCH;90.739.624/0003-80;06.068.493/0001-88;REDE ARLEI - AUTO POSTO ARLEI DE PRESIDENTE EPITACIO;SFD5C35;292899;7,488;ABASTECIMENTO;Arla 32;27,63;R$ 3,69;R$ 3,690;2846160;02/07/2026 09:10;261792;001;35260706068493000188550010002617921001783570;
23188940;02/07/2026 13:36;TRANSPORTES GRITSCH;90.739.624/0003-80;06.068.493/0001-88;REDE ARLEI - AUTO POSTO ARLEI DE PRESIDENTE EPITACIO;TAP3G60;171466;34,000;ABASTECIMENTO;Diesel S10;224,06;R$ 6,59;R$ 6,590;2846160;03/07/2026 09:31;261876;001;35260706068493000188550010002618761001783998;
23188950;02/07/2026 13:37;TRANSPORTES GRITSCH;90.739.624/0003-80;06.068.493/0001-88;REDE ARLEI - AUTO POSTO ARLEI DE PRESIDENTE EPITACIO;TAP3G60;171466;8,024;ABASTECIMENTO;Arla 32;29,61;R$ 3,69;R$ 3,690;2846160;03/07/2026 09:31;261876;001;35260706068493000188550010002618761001783998;
;;;;;;;;;;;TOTAL POSTO: 1017,08;;;;;;;;

2456 - GP POSTOS - POSTO TREVO
Transacao;Data;Cliente;CNPJ Cliente;CNPJ Posto;Estabelecimento;Placa;Hodometro/Horimetro;Litragem;Servico;Combustivel;Valor Total;Preco Litro;Preco Negociado;Lote;Data vinculacao;NF-e;Serie;Chave NF-e;Observacao
23058378;29/06/2026 13:21;TRANSPORTES GRITSCH;09.576.274/0001-06;79.964.177/0001-68;GP POSTOS - POSTO TREVO;SED9B32;136466;20,130;ABASTECIMENTO;Gasolina Comum;126,61;R$ 6,29;R$ 6,290;2846160;29/06/2026 13:25;253427;002;41260679964177000168550020002534271014796820;
23060014;29/06/2026 14:15;TRANSPORTES GRITSCH;09.576.274/0001-06;79.964.177/0001-68;GP POSTOS - POSTO TREVO;SDU9F45;208084;41,440;ABASTECIMENTO;Gasolina Comum;260,65;R$ 6,29;R$ 6,290;2846160;29/06/2026 14:20;253429;002;41260679964177000168550020002534291014797058;
23063010;29/06/2026 15:45;TRANSPORTES GRITSCH;09.576.274/0001-06;79.964.177/0001-68;GP POSTOS - POSTO TREVO;SEL1F32;71298;27,610;ABASTECIMENTO;Diesel S10;184,71;R$ 6,69;R$ 6,690;2846160;29/06/2026 15:50;253432;002;41260679964177000168550020002534321014797215;
23098160;30/06/2026 13:19;TRANSPORTES GRITSCH;09.576.274/0001-06;79.964.177/0001-68;GP POSTOS - POSTO TREVO;SEY5E62;198086;48,130;ABASTECIMENTO;Diesel S10;321,98;R$ 6,69;R$ 6,690;2846160;30/06/2026 13:20;253494;002;41260679964177000168550020002534941014801150;
23098345;30/06/2026 13:20;TRANSPORTES GRITSCH;09.576.274/0001-06;79.964.177/0001-68;GP POSTOS - POSTO TREVO;SEY5E62;198086;1,050;ABASTECIMENTO;Arla 32;3,34;R$ 3,18;R$ 3,190;2846160;30/06/2026 13:25;253495;002;41260679964177000168550020002534951014801166;
23101569;30/06/2026 15:32;TRANSPORTES GRITSCH;09.576.274/0001-06;79.964.177/0001-68;GP POSTOS - POSTO TREVO;SDU9F45;208436;34,250;ABASTECIMENTO;Gasolina Comum;215,43;R$ 6,29;R$ 6,290;2846160;30/06/2026 15:35;253514;002;41260679964177000168550020002535141014801880;
23101776;30/06/2026 15:39;TRANSPORTES GRITSCH;09.576.274/0001-06;79.964.177/0001-68;GP POSTOS - POSTO TREVO;UBK4B57;26245;50,000;ABASTECIMENTO;Diesel S10;334,50;R$ 6,69;R$ 6,690;2846160;30/06/2026 15:45;253515;002;41260679964177000168550020002535151014801950;
23101791;30/06/2026 15:40;TRANSPORTES GRITSCH;09.576.274/0001-06;79.964.177/0001-68;GP POSTOS - POSTO TREVO;UBK4B57;26245;2,130;ABASTECIMENTO;Arla 32;6,79;R$ 3,19;R$ 3,190;2846160;30/06/2026 15:45;253516;002;41260679964177000168550020002535161014801982;
23102287;30/06/2026 15:59;TRANSPORTES GRITSCH;09.576.274/0001-06;79.964.177/0001-68;GP POSTOS - POSTO TREVO;SED9B32;136698;16,460;ABASTECIMENTO;Gasolina Comum;103,53;R$ 6,29;R$ 6,290;2846160;30/06/2026 16:05;253521;002;41260679964177000168550020002535211014802113;
23105804;30/06/2026 17:35;TRANSPORTES GRITSCH;09.576.274/0001-06;79.964.177/0001-68;GP POSTOS - POSTO TREVO;SEL1F32;71756;7,370;ABASTECIMENTO;Arla 32;23,51;R$ 3,19;R$ 3,190;2846160;06/07/2026 11:31;253532;002;41260679964177000168550020002535321014802885;
23105895;30/06/2026 17:37;TRANSPORTES GRITSCH;09.576.274/0001-06;79.964.177/0001-68;GP POSTOS - POSTO TREVO;SEL1F32;71756;38,470;ABASTECIMENTO;Diesel S10;257,36;R$ 6,69;R$ 6,690;2846160;30/06/2026 17:40;253533;002;41260679964177000168550020002535331014802890;
23143971;01/07/2026 14:26;TRANSPORTES GRITSCH;09.576.274/0001-06;79.964.177/0001-68;GP POSTOS - POSTO TREVO;SED9B32;136931;21,700;ABASTECIMENTO;Gasolina Comum;136,49;R$ 6,29;R$ 6,290;2846160;01/07/2026 14:31;253637;002;41260779964177000168550020002536371014808412;
23145215;01/07/2026 15:18;TRANSPORTES GRITSCH;09.576.274/0001-06;79.964.177/0001-68;GP POSTOS - POSTO TREVO;SDU9F45;208800;36,560;ABASTECIMENTO;Gasolina Comum;229,96;R$ 6,29;R$ 6,290;2846160;01/07/2026 15:20;253647;002;41260779964177000168550020002536471014808800;
23145481;01/07/2026 15:29;TRANSPORTES GRITSCH;09.576.274/0001-06;79.964.177/0001-68;GP POSTOS - POSTO TREVO;SFJ5H71;198744;158,240;ABASTECIMENTO;Diesel S10;1058,62;R$ 6,69;R$ 6,690;2846160;01/07/2026 15:31;253650;002;41260779964177000168550020002536501014808910;
23152414;01/07/2026 17:55;TRANSPORTES GRITSCH;09.576.274/0001-06;79.964.177/0001-68;GP POSTOS - POSTO TREVO;SEL1F32;72093;32,000;ABASTECIMENTO;Diesel S10;214,08;R$ 6,69;R$ 6,690;2846160;01/07/2026 18:06;253679;002;41260779964177000168550020002536791014809958;
23191185;02/07/2026 15:22;TRANSPORTES GRITSCH;09.576.274/0001-06;79.964.177/0001-68;GP POSTOS - POSTO TREVO;UBK4B57;26792;54,730;ABASTECIMENTO;Diesel S10;366,14;R$ 6,69;R$ 6,690;2846160;02/07/2026 15:25;253753;002;41260779964177000168550020002537531014814780;
23191422;02/07/2026 15:31;TRANSPORTES GRITSCH;09.576.274/0001-06;79.964.177/0001-68;GP POSTOS - POSTO TREVO;SDT8J51;183432;40,820;ABASTECIMENTO;Gasolina Comum;256,75;R$ 6,29;R$ 6,290;2846160;02/07/2026 15:35;253756;002;41260779964177000168550020002537561014814847;
23192977;02/07/2026 16:38;TRANSPORTES GRITSCH;09.576.274/0001-06;79.964.177/0001-68;GP POSTOS - POSTO TREVO;SEL1F32;72511;31,580;ABASTECIMENTO;Diesel S10;211,27;R$ 6,69;R$ 6,690;2846160;02/07/2026 16:40;253768;002;41260779964177000168550020002537681014815291;
23231004;03/07/2026 12:56;TRANSPORTES GRITSCH;09.576.274/0001-06;79.964.177/0001-68;GP POSTOS - POSTO TREVO;SED9B32;137261;23,560;ABASTECIMENTO;Gasolina Comum;148,19;R$ 6,29;R$ 6,290;2846160;03/07/2026 13:02;253864;002;41260779964177000168550020002538641014819978;
23235252;03/07/2026 14:33;TRANSPORTES GRITSCH;09.576.274/0001-06;79.964.177/0001-68;GP POSTOS - POSTO TREVO;SDT8J51;183808;29,010;ABASTECIMENTO;Gasolina Comum;182,47;R$ 6,29;R$ 6,290;2846160;03/07/2026 14:40;253882;002;41260779964177000168550020002538821014820745;
23236226;03/07/2026 15:15;TRANSPORTES GRITSCH;09.576.274/0001-06;79.964.177/0001-68;GP POSTOS - POSTO TREVO;SEY5E62;198538;45,460;ABASTECIMENTO;Diesel S10;304,12;R$ 6,69;R$ 6,690;2846160;03/07/2026 15:20;253886;002;41260779964177000168550020002538861014821066;
23236247;03/07/2026 15:16;TRANSPORTES GRITSCH;09.576.274/0001-06;79.964.177/0001-68;GP POSTOS - POSTO TREVO;SEY5E62;198538;1,480;ABASTECIMENTO;Arla 32;4,72;R$ 3,19;R$ 3,190;2846160;03/07/2026 15:21;253887;002;41260779964177000168550020002538871014821080;
23240152;03/07/2026 17:15;TRANSPORTES GRITSCH;09.576.274/0001-06;79.964.177/0001-68;GP POSTOS - POSTO TREVO;SEL1F32;72856;28,410;ABASTECIMENTO;Diesel S10;190,06;R$ 6,69;R$ 6,690;2846160;03/07/2026 17:20;253903;002;41260779964177000168550020002539031014821913;
23243795;03/07/2026 18:14;TRANSPORTES GRITSCH;09.576.274/0001-06;79.964.177/0001-68;GP POSTOS - POSTO TREVO;UBK4B57;27040;26,120;ABASTECIMENTO;Diesel S10;174,74;R$ 6,69;R$ 6,690;2846160;03/07/2026 18:20;253917;002;41260779964177000168550020002539171014822435;
;;;;;;;;;;;TOTAL POSTO: 5316,02;;;;;;;;

1230 - SIM REDE - CANELA CANELINHA 0032-88 - METROPOLITANA / SERRA
Transacao;Data;Cliente;CNPJ Cliente;CNPJ Posto;Estabelecimento;Placa;Hodometro/Horimetro;Litragem;Servico;Combustivel;Valor Total;Preco Litro;Preco Negociado;Lote;Data vinculacao;NF-e;Serie;Chave NF-e;Observacao
23058742;29/06/2026 13:32;TRANSPORTES GRITSCH;90.739.624/0023-23;07.473.735/0032-88;SIM REDE - CANELA CANELINHA 0032-88 - METROPOLITANA / SERRA;UBM2C03;12765;43,390;ABASTECIMENTO;Diesel S10;263,37;R$ 6,07;R$ 6,170;2846160;07/07/2026 13:43;14187;008;43260607473735003288550080000141871022780449;
23137686;01/07/2026 12:02;TRANSPORTES GRITSCH;90.739.624/0023-23;07.473.735/0032-88;SIM REDE - CANELA CANELINHA 0032-88 - METROPOLITANA / SERRA;UBM2C03;13263;56,251;ABASTECIMENTO;Diesel S10;341,44;R$ 6,07;R$ 6,170;2846160;07/07/2026 13:46;14209;008;43260707473735003288550080000142091022792717;
;;;;;;;;;;;TOTAL POSTO: 604,81;;;;;;;;

1436 - POSTO MAZOTI
Transacao;Data;Cliente;CNPJ Cliente;CNPJ Posto;Estabelecimento;Placa;Hodometro/Horimetro;Litragem;Servico;Combustivel;Valor Total;Preco Litro;Preco Negociado;Lote;Data vinculacao;NF-e;Serie;Chave NF-e;Observacao
23059965;29/06/2026 14:10;TRANSPORTES GRITSCH;09.576.274/0001-06;02.764.141/0001-06;POSTO MAZOTI;UBR9B24;20166;43,210;ABASTECIMENTO;Diesel S10;277,41;R$ 6,42;R$ 6,420;2846160;01/07/2026 15:47;829582;003;41260702764141000106550030008295821434005928;
23145305;01/07/2026 15:24;TRANSPORTES GRITSCH;09.576.274/0001-06;02.764.141/0001-06;POSTO MAZOTI;SFM3H54;86307;33,580;ABASTECIMENTO;Diesel S10;209,88;R$ 6,25;R$ 6,250;2846160;03/07/2026 11:27;830047;003;41260702764141000106550030008300471772101850;
23233223;03/07/2026 13:17;TRANSPORTES GRITSCH;09.576.274/0001-06;02.764.141/0001-06;POSTO MAZOTI;SFM3H54;87154;32,910;ABASTECIMENTO;Diesel S10;205,69;R$ 6,25;R$ 6,250;2846160;06/07/2026 08:47;830622;003;41260702764141000106550030008306221053174430;
;;;;;;;;;;;TOTAL POSTO: 692,98;;;;;;;;

2563 - POSTO NOVO FOXX - REDE ESTRADA
Transacao;Data;Cliente;CNPJ Cliente;CNPJ Posto;Estabelecimento;Placa;Hodometro/Horimetro;Litragem;Servico;Combustivel;Valor Total;Preco Litro;Preco Negociado;Lote;Data vinculacao;NF-e;Serie;Chave NF-e;Observacao
23060476;29/06/2026 14:30;TRANSPORTES GRITSCH;90.739.624/0031-33;02.763.612/0001-61;POSTO NOVO FOXX - REDE ESTRADA;SDU9F93;172045;52,180;ABASTECIMENTO;Gasolina Comum;324,56;R$ 6,22;R$ 6,220;2846160;02/07/2026 14:15;159971;002;41260702763612000161550020001599711575890006;
23064313;29/06/2026 16:27;TRANSPORTES GRITSCH;90.739.624/0031-33;02.763.612/0001-61;POSTO NOVO FOXX - REDE ESTRADA;SES0D47;143566;32,242;ABASTECIMENTO;Diesel S10;218,28;R$ 6,77;R$ 6,770;2846160;02/07/2026 14:16;159973;002;41260702763612000161550020001599731733350052;
23065305;29/06/2026 17:03;TRANSPORTES GRITSCH;90.739.624/0031-33;02.763.612/0001-61;POSTO NOVO FOXX - REDE ESTRADA;SEP6E33;210617;36,471;ABASTECIMENTO;Gasolina Comum;226,85;R$ 6,22;R$ 6,220;2846160;02/07/2026 14:19;159988;002;41260702763612000161550020001599881778049796;
23065549;29/06/2026 17:14;TRANSPORTES GRITSCH;90.739.624/0031-33;02.763.612/0001-61;POSTO NOVO FOXX - REDE ESTRADA;SFM3H46;77310;42,326;ABASTECIMENTO;Diesel S10;286,54;R$ 6,77;R$ 6,770;2846160;02/07/2026 14:12;159990;002;41260702763612000161550020001599901368967750;
23066911;29/06/2026 18:16;TRANSPORTES GRITSCH;90.739.624/0031-33;02.763.612/0001-61;POSTO NOVO FOXX - REDE ESTRADA;SEL5J86;173630;36,765;ABASTECIMENTO;Diesel S10;248,90;R$ 6,77;R$ 6,770;2846160;02/07/2026 14:16;159978;002;41260702763612000161550020001599781110597936;
23067310;29/06/2026 18:35;TRANSPORTES GRITSCH;90.739.624/0031-33;02.763.612/0001-61;POSTO NOVO FOXX - REDE ESTRADA;SDR4E38;217771;33,747;ABASTECIMENTO;Gasolina Comum;209,91;R$ 6,22;R$ 6,220;2846160;02/07/2026 14:17;159992;002;41260702763612000161550020001599921164355484;
23073175;29/06/2026 21:10;TRANSPORTES GRITSCH;90.739.624/0031-33;02.763.612/0001-61;POSTO NOVO FOXX - REDE ESTRADA;TAW7H31;170342;133,200;ABASTECIMENTO;Diesel S10;901,76;R$ 6,77;R$ 6,770;2846160;02/07/2026 14:17;159976;002;41260702763612000161550020001599761870439669;
23102291;30/06/2026 15:59;TRANSPORTES GRITSCH;90.739.624/0031-33;02.763.612/0001-61;POSTO NOVO FOXX - REDE ESTRADA;TAZ7D65;106717;49,416;ABASTECIMENTO;Diesel S10;334,54;R$ 6,77;R$ 6,770;2846160;02/07/2026 17:57;160036;002;41260702763612000161550020001600361618643158;
23103788;30/06/2026 16:49;TRANSPORTES GRITSCH;90.739.624/0031-33;02.763.612/0001-61;POSTO NOVO FOXX - REDE ESTRADA;SEP6E33;210961;33,312;ABASTECIMENTO;Gasolina Comum;207,20;R$ 6,22;R$ 6,220;2846160;02/07/2026 17:57;160027;002;41260702763612000161550020001600271062389954;
23107334;30/06/2026 18:32;TRANSPORTES GRITSCH;90.739.624/0031-33;02.763.612/0001-61;POSTO NOVO FOXX - REDE ESTRADA;SFM3H46;77767;36,700;ABASTECIMENTO;Diesel S10;248,45;R$ 6,77;R$ 6,770;2846160;02/07/2026 17:59;160034;002;41260702763612000161550020001600341891077077;
23107349;30/06/2026 18:33;TRANSPORTES GRITSCH;90.739.624/0031-33;02.763.612/0001-61;POSTO NOVO FOXX - REDE ESTRADA;SDR4E38;218172;36,449;ABASTECIMENTO;Gasolina Comum;226,72;R$ 6,22;R$ 6,220;2846160;02/07/2026 17:59;160032;002;41260702763612000161550020001600321146372270;
23108467;30/06/2026 19:24;TRANSPORTES GRITSCH;90.739.624/0031-33;02.763.612/0001-61;POSTO NOVO FOXX - REDE ESTRADA;SES0D47;143988;44,063;ABASTECIMENTO;Diesel S10;298,30;R$ 6,77;R$ 6,770;2846160;02/07/2026 17:59;160025;002;41260702763612000161550020001600251312779806;
23108584;30/06/2026 19:25;TRANSPORTES GRITSCH;90.739.624/0031-33;02.763.612/0001-61;POSTO NOVO FOXX - REDE ESTRADA;SES0D47;143988;11,862;ABASTECIMENTO;Arla 32;53,37;R$ 4,50;-;2846160;02/07/2026 18:00;160030;002;41260702763612000161550020001600301591869122;
23109046;30/06/2026 19:46;TRANSPORTES GRITSCH;90.739.624/0031-33;02.763.612/0001-61;POSTO NOVO FOXX - REDE ESTRADA;SEL5J86;173988;26,210;ABASTECIMENTO;Diesel S10;177,44;R$ 6,77;R$ 6,770;2846160;02/07/2026 18:01;160023;002;41260702763612000161550020001600231901754951;
23114355;30/06/2026 21:40;TRANSPORTES GRITSCH;90.739.624/0031-33;02.763.612/0001-61;POSTO NOVO FOXX - REDE ESTRADA;TAX5J72;168401;128,772;ABASTECIMENTO;Diesel S10;871,79;R$ 6,77;R$ 6,770;2846160;02/07/2026 18:01;160038;002;41260702763612000161550020001600381293630553;
23146617;01/07/2026 16:12;TRANSPORTES GRITSCH;90.739.624/0031-33;02.763.612/0001-61;POSTO NOVO FOXX - REDE ESTRADA;TAZ7D65;107149;45,868;ABASTECIMENTO;Diesel S10;305,93;R$ 6,67;R$ 6,770;2846160;03/07/2026 08:29;160069;002;41260702763612000161550020001600691225255161;
23148133;01/07/2026 17:02;TRANSPORTES GRITSCH;90.739.624/0031-33;02.763.612/0001-61;POSTO NOVO FOXX - REDE ESTRADA;SEP6E33;211309;35,055;ABASTECIMENTO;Gasolina Comum;219,79;R$ 6,27;R$ 6,270;2846160;03/07/2026 08:30;160071;002;41260702763612000161550020001600711843788159;
23151976;01/07/2026 17:47;TRANSPORTES GRITSCH;90.739.624/0031-33;02.763.612/0001-61;POSTO NOVO FOXX - REDE ESTRADA;SDU9F93;172220;22,652;ABASTECIMENTO;Gasolina Comum;142,03;R$ 6,27;R$ 6,270;2846160;03/07/2026 08:30;160075;002;41260702763612000161550020001600751622298719;
23190154;02/07/2026 14:37;TRANSPORTES GRITSCH;90.739.624/0031-33;02.763.612/0001-61;POSTO NOVO FOXX - REDE ESTRADA;SFI6G49;57592;28,524;ABASTECIMENTO;Gasolina Comum;178,85;R$ 6,27;R$ 6,270;2846160;03/07/2026 08:36;160076;002;41260702763612000161550020001600761246920436;
23192298;02/07/2026 16:08;TRANSPORTES GRITSCH;90.739.624/0031-33;02.763.612/0001-61;POSTO NOVO FOXX - REDE ESTRADA;TAZ7D65;107513;39,807;ABASTECIMENTO;Diesel S10;265,50;R$ 6,67;R$ 6,670;2846160;03/07/2026 17:12;160136;002;41260702763612000161550020001601361088455541;
23194661;02/07/2026 17:16;TRANSPORTES GRITSCH;90.739.624/0031-33;02.763.612/0001-61;POSTO NOVO FOXX - REDE ESTRADA;SEP6E33;211677;35,059;ABASTECIMENTO;Gasolina Comum;219,82;R$ 6,27;R$ 6,270;2846160;03/07/2026 17:12;160137;002;41260702763612000161550020001601371804685933;
23198803;02/07/2026 18:25;TRANSPORTES GRITSCH;90.739.624/0031-33;02.763.612/0001-61;POSTO NOVO FOXX - REDE ESTRADA;SDR4E38;218546;35,147;ABASTECIMENTO;Gasolina Comum;220,37;R$ 6,27;R$ 6,270;2846160;03/07/2026 17:08;160128;002;41260702763612000161550020001601281997498546;
23198819;02/07/2026 18:26;TRANSPORTES GRITSCH;90.739.624/0031-33;02.763.612/0001-61;POSTO NOVO FOXX - REDE ESTRADA;SDR4E38;218913;30,532;ABASTECIMENTO;Gasolina Comum;191,44;R$ 6,27;R$ 6,270;2846160;03/07/2026 17:07;160129;002;41260702763612000161550020001601291693824700;
23199799;02/07/2026 19:09;TRANSPORTES GRITSCH;90.739.624/0031-33;02.763.612/0001-61;POSTO NOVO FOXX - REDE ESTRADA;RHP7C51;271439;59,083;ABASTECIMENTO;Diesel S10;394,08;R$ 6,67;R$ 6,670;2846160;03/07/2026 17:08;160130;002;41260702763612000161550020001601301869922840;
23199826;02/07/2026 19:11;TRANSPORTES GRITSCH;90.739.624/0031-33;02.763.612/0001-61;POSTO NOVO FOXX - REDE ESTRADA;RHP7C51;271902;40,979;ABASTECIMENTO;Diesel S10;273,33;R$ 6,67;R$ 6,670;2846160;03/07/2026 17:08;160131;002;41260702763612000161550020001601311505189680;
23199893;02/07/2026 19:16;TRANSPORTES GRITSCH;90.739.624/0031-33;02.763.612/0001-61;POSTO NOVO FOXX - REDE ESTRADA;TAZ4A48;114511;39,086;ABASTECIMENTO;Diesel S10;260,71;R$ 6,67;R$ 6,670;2846160;03/07/2026 17:08;160132;002;41260702763612000161550020001601321197250275;
23199906;02/07/2026 19:17;TRANSPORTES GRITSCH;90.739.624/0031-33;02.763.612/0001-61;POSTO NOVO FOXX - REDE ESTRADA;TAZ4A48;114898;35,030;ABASTECIMENTO;Diesel S10;233,65;R$ 6,67;R$ 6,670;2846160;03/07/2026 17:10;160135;002;41260702763612000161550020001601351245041334;
23200417;02/07/2026 19:38;TRANSPORTES GRITSCH;90.739.624/0031-33;02.763.612/0001-61;POSTO NOVO FOXX - REDE ESTRADA;SEL5J86;174364;38,057;ABASTECIMENTO;Diesel S10;253,83;R$ 6,67;R$ 6,670;2846160;03/07/2026 17:17;160140;002;41260702763612000161550020001601401235206772;
23200431;02/07/2026 19:39;TRANSPORTES GRITSCH;90.739.624/0031-33;02.763.612/0001-61;POSTO NOVO FOXX - REDE ESTRADA;SEL5J86;174708;29,273;ABASTECIMENTO;Diesel S10;195,24;R$ 6,67;R$ 6,670;2846160;03/07/2026 17:17;160141;002;41260702763612000161550020001601411171070970;
23206548;02/07/2026 22:36;TRANSPORTES GRITSCH;90.739.624/0031-33;02.763.612/0001-61;POSTO NOVO FOXX - REDE ESTRADA;TAX5J72;169277;110,600;ABASTECIMENTO;Diesel S10;737,70;R$ 6,67;R$ 6,670;2846160;03/07/2026 17:18;160142;002;41260702763612000161550020001601421024217396;
23221811;03/07/2026 08:58;TRANSPORTES GRITSCH;90.739.624/0031-33;02.763.612/0001-61;POSTO NOVO FOXX - REDE ESTRADA;SEP3C30;95570;39,357;ABASTECIMENTO;Gasolina Comum;246,77;R$ 6,27;R$ 6,270;2846160;03/07/2026 17:19;160143;002;41260702763612000161550020001601431421629957;
23237659;03/07/2026 16:15;TRANSPORTES GRITSCH;90.739.624/0031-33;02.763.612/0001-61;POSTO NOVO FOXX - REDE ESTRADA;TAZ7D65;107887;39,954;ABASTECIMENTO;Diesel S10;266,49;R$ 6,67;R$ 6,670;2846160;03/07/2026 17:24;160144;002;41260702763612000161550020001601441511174700;
23237670;03/07/2026 16:16;TRANSPORTES GRITSCH;90.739.624/0031-33;02.763.612/0001-61;POSTO NOVO FOXX - REDE ESTRADA;TAZ7D65;107887;16,131;ABASTECIMENTO;Arla 32;72,58;R$ 4,50;-;2846160;03/07/2026 17:24;160145;002;41260702763612000161550020001601451915210714;
23240191;03/07/2026 17:17;TRANSPORTES GRITSCH;90.739.624/0031-33;02.763.612/0001-61;POSTO NOVO FOXX - REDE ESTRADA;SEP6E33;212161;29,200;ABASTECIMENTO;Gasolina Comum;183,09;R$ 6,27;R$ 6,270;2846160;03/07/2026 17:24;160146;002;41260702763612000161550020001601461346867355;
23243362;03/07/2026 17:57;TRANSPORTES GRITSCH;90.739.624/0031-33;02.763.612/0001-61;POSTO NOVO FOXX - REDE ESTRADA;SFM3H46;78284;46,230;ABASTECIMENTO;Diesel S10;308,35;R$ 6,67;R$ 6,670;2846160;06/07/2026 16:32;160152;002;41260702763612000161550020001601521662189563;
23243513;03/07/2026 18:01;TRANSPORTES GRITSCH;90.739.624/0031-33;02.763.612/0001-61;POSTO NOVO FOXX - REDE ESTRADA;RHP7C51;272333;46,029;ABASTECIMENTO;Diesel S10;307,01;R$ 6,67;R$ 6,670;2846160;06/07/2026 16:33;160153;002;41260702763612000161550020001601531120033261;
23244685;03/07/2026 18:54;TRANSPORTES GRITSCH;90.739.624/0031-33;02.763.612/0001-61;POSTO NOVO FOXX - REDE ESTRADA;SEL5J86;175058;40,038;ABASTECIMENTO;Diesel S10;267,04;R$ 6,67;R$ 6,670;2846160;06/07/2026 16:34;160167;002;41260702763612000161550020001601671018587941;
23250675;03/07/2026 21:12;TRANSPORTES GRITSCH;90.739.624/0031-33;02.763.612/0001-61;POSTO NOVO FOXX - REDE ESTRADA;TAW7H31;172104;126,811;ABASTECIMENTO;Diesel S10;845,82;R$ 6,67;R$ 6,670;2846160;06/07/2026 16:35;160175;002;41260702763612000161550020001601751987191499;
;;;;;;;;;;;TOTAL POSTO: 11424,03;;;;;;;;

3209 - SIM REDE - ESTEIO MEGA 0180-48 - METROPOLITANA / SERRA
Transacao;Data;Cliente;CNPJ Cliente;CNPJ Posto;Estabelecimento;Placa;Hodometro/Horimetro;Litragem;Servico;Combustivel;Valor Total;Preco Litro;Preco Negociado;Lote;Data vinculacao;NF-e;Serie;Chave NF-e;Observacao
23060598;29/06/2026 14:34;TRANSPORTES GRITSCH;90.739.624/0023-23;07.473.735/0180-48;SIM REDE - ESTEIO MEGA 0180-48 - METROPOLITANA / SERRA;BEP1I42;93548;52,536;ABASTECIMENTO;Diesel S10;318,89;R$ 6,07;R$ 6,170;2846160;07/07/2026 13:46;73128;008;43260607473735018048550080000731281008364189;
;;;;;;;;;;;TOTAL POSTO: 318,89;;;;;;;;

1180 - SIM REDE - CAXIAS SAO CIRO 0063-84 - METROPOLITANA / SERRA
Transacao;Data;Cliente;CNPJ Cliente;CNPJ Posto;Estabelecimento;Placa;Hodometro/Horimetro;Litragem;Servico;Combustivel;Valor Total;Preco Litro;Preco Negociado;Lote;Data vinculacao;NF-e;Serie;Chave NF-e;Observacao
23061785;29/06/2026 15:06;TRANSPORTES GRITSCH;90.739.624/0023-23;07.473.735/0063-84;SIM REDE - CAXIAS SAO CIRO 0063-84 - METROPOLITANA / SERRA;UBD6I31;16177;56,600;ABASTECIMENTO;Diesel S10;343,56;R$ 6,07;R$ 6,170;2846160;07/07/2026 13:44;26955;008;43260607473735006384550080000269551029397995;
23100439;19/06/2026 16:24;TRANSPORTES GRITSCH;90.739.624/0023-23;07.473.735/0063-84;SIM REDE - CAXIAS SAO CIRO 0063-84 - METROPOLITANA / SERRA;UBD6I31;15250;38,110;ABASTECIMENTO;Diesel S10;231,32;R$ 6,07;-;2846160;30/06/2026 14:43;26729;008;43260607473735006384550080000267291029309564;
23128659;17/06/2026 15:53;TRANSPORTES GRITSCH;90.739.624/0023-23;07.473.735/0063-84;SIM REDE - CAXIAS SAO CIRO 0063-84 - METROPOLITANA / SERRA;UBD6I31;14977;63,270;ABASTECIMENTO;Diesel S10;384,04;R$ 6,07;-;2846160;01/07/2026 07:55;26652;008;43260607473735006384550080000266521029288560;
;;;;;;;;;;;TOTAL POSTO: 958,92;;;;;;;;

4460 - AUTO POSTO ROSSO
Transacao;Data;Cliente;CNPJ Cliente;CNPJ Posto;Estabelecimento;Placa;Hodometro/Horimetro;Litragem;Servico;Combustivel;Valor Total;Preco Litro;Preco Negociado;Lote;Data vinculacao;NF-e;Serie;Chave NF-e;Observacao
23063670;29/06/2026 16:02;TRANSPORTES GRITSCH;90.739.624/0014-32;83.669.804/0001-05;AUTO POSTO ROSSO;SFI4A34;131881;38,230;ABASTECIMENTO;Diesel S10;249,64;R$ 6,53;R$ 6,530;2846160;29/06/2026 17:16;176611;003;42260683669804000105550030001766111291603584;
;;;;;;;;;;;TOTAL POSTO: 249,64;;;;;;;;

735 - BUFFON 48
Transacao;Data;Cliente;CNPJ Cliente;CNPJ Posto;Estabelecimento;Placa;Hodometro/Horimetro;Litragem;Servico;Combustivel;Valor Total;Preco Litro;Preco Negociado;Lote;Data vinculacao;NF-e;Serie;Chave NF-e;Observacao
23064175;29/06/2026 16:22;TRANSPORTES GRITSCH;90.739.624/0023-23;93.489.243/0048-80;BUFFON 48;SFI6G50;56867;44,074;ABASTECIMENTO;Gasolina Comum;290,44;R$ 6,59;-;2846160;29/06/2026 17:48;7564;004;43260693489243004880550040000075641131701247;
23191642;02/07/2026 15:41;TRANSPORTES GRITSCH;90.739.624/0023-23;93.489.243/0048-80;BUFFON 48;UBR9B09;3378;33,201;ABASTECIMENTO;Diesel S10;204,85;R$ 6,17;R$ 6,170;2846160;02/07/2026 16:58;7575;004;43260793489243004880550040000075751551601331;
;;;;;;;;;;;TOTAL POSTO: 495,29;;;;;;;;

8624 - SIM REDE - LAGOA VERMELHA BR 470 - 0203-79 - CENTRO RS
Transacao;Data;Cliente;CNPJ Cliente;CNPJ Posto;Estabelecimento;Placa;Hodometro/Horimetro;Litragem;Servico;Combustivel;Valor Total;Preco Litro;Preco Negociado;Lote;Data vinculacao;NF-e;Serie;Chave NF-e;Observacao
23064262;29/06/2026 16:23;TRANSPORTES GRITSCH;90.739.624/0023-23;07.473.735/0203-79;SIM REDE - LAGOA VERMELHA BR 470 - 0203-79 - CENTRO RS;BEB5D96;131681;41,513;ABASTECIMENTO;Gasolina Comum;264,02;R$ 6,36;-;2846160;20/07/2026 09:11;2212;077;43260707473735020379550770000022121163182769;
23220466;03/07/2026 08:10;TRANSPORTES GRITSCH;90.739.624/0023-23;07.473.735/0203-79;SIM REDE - LAGOA VERMELHA BR 470 - 0203-79 - CENTRO RS;BEB5D96;131988;23,598;ABASTECIMENTO;Gasolina Comum;150,08;R$ 6,36;-;2846160;;;;;
;;;;;;;;;;;TOTAL POSTO: 414,10;;;;;;;;

25641 - REDE IPE POSTOS DE SERVICOS | URBANO
Transacao;Data;Cliente;CNPJ Cliente;CNPJ Posto;Estabelecimento;Placa;Hodometro/Horimetro;Litragem;Servico;Combustivel;Valor Total;Preco Litro;Preco Negociado;Lote;Data vinculacao;NF-e;Serie;Chave NF-e;Observacao
23064733;29/06/2026 16:36;TRANSPORTES GRITSCH;90.739.624/0011-90;30.432.373/0001-00;REDE IPE POSTOS DE SERVICOS | URBANO;SFD5C31;249498;57,020;ABASTECIMENTO;Diesel S10;415,67;R$ 7,29;R$ 7,890;2846160;30/06/2026 09:37;19781;003;50260630432373000100550030000197811003116167;
23065923;29/06/2026 17:27;TRANSPORTES GRITSCH;90.739.624/0011-90;30.432.373/0001-00;REDE IPE POSTOS DE SERVICOS | URBANO;BEB7C73;146848;37,140;ABASTECIMENTO;Gasolina Comum;245,49;R$ 6,61;R$ 7,290;2846160;30/06/2026 09:38;19782;003;50260630432373000100550030000197821003116326;
23085246;30/06/2026 08:10;TRANSPORTES GRITSCH;90.739.624/0011-90;30.432.373/0001-00;REDE IPE POSTOS DE SERVICOS | URBANO;SFF9H64;51559;45,750;ABASTECIMENTO;Diesel S10;333,51;R$ 7,29;R$ 7,890;2846160;06/07/2026 11:04;19814;003;50260630432373000100550030000198141003117697;
23108460;30/06/2026 19:23;TRANSPORTES GRITSCH;90.739.624/0011-90;30.432.373/0001-00;REDE IPE POSTOS DE SERVICOS | URBANO;SFF9H66;48185;60,170;ABASTECIMENTO;Diesel S10;468,72;R$ 7,79;R$ 7,890;2846160;10/07/2026 13:06;20749;003;50260730432373000100550030000207491003161862;
23139488;01/07/2026 12:55;TRANSPORTES GRITSCH;90.739.624/0011-90;30.432.373/0001-00;REDE IPE POSTOS DE SERVICOS | URBANO;SDR4E25;148606;49,080;ABASTECIMENTO;Gasolina Comum;324,41;R$ 6,61;R$ 7,290;2846160;06/07/2026 11:04;19946;003;50260730432373000100550030000199461003123878;
23154662;01/07/2026 19:36;TRANSPORTES GRITSCH;90.739.624/0011-90;30.432.373/0001-00;REDE IPE POSTOS DE SERVICOS | URBANO;SFG4I63;87271;43,720;ABASTECIMENTO;Gasolina Comum;288,98;R$ 6,61;R$ 7,290;2846160;06/07/2026 11:04;20004;003;50260730432373000100550030000200041003126307;
23176423;02/07/2026 08:54;TRANSPORTES GRITSCH;90.739.624/0011-90;30.432.373/0001-00;REDE IPE POSTOS DE SERVICOS | URBANO;SFF9H68;49739;62,070;ABASTECIMENTO;Diesel S10;452,49;R$ 7,29;R$ 7,890;2846160;06/07/2026 11:04;20030;003;50260730432373000100550030000200301003127680;
23193069;02/07/2026 16:42;TRANSPORTES GRITSCH;90.739.624/0011-90;30.432.373/0001-00;REDE IPE POSTOS DE SERVICOS | URBANO;SFH3I29;42928;120,090;ABASTECIMENTO;Diesel S10;935,50;R$ 7,79;R$ 7,890;2846160;10/07/2026 13:06;20748;003;50260730432373000100550030000207481003161857;
23227669;26/06/2026 12:57;TRANSPORTES GRITSCH;90.739.624/0011-90;30.432.373/0001-00;REDE IPE POSTOS DE SERVICOS | URBANO;SDR4E25;148052;47,230;ABASTECIMENTO;Gasolina Comum;307,46;R$ 6,51;-;2846160;03/07/2026 11:02;19587;003;50260630432373000100550030000195871003105605;
23227683;24/06/2026 14:22;TRANSPORTES GRITSCH;90.739.624/0011-90;30.432.373/0001-00;REDE IPE POSTOS DE SERVICOS | URBANO;SFF9H68;49249;61,580;ABASTECIMENTO;Diesel S10;455,07;R$ 7,39;-;2846160;03/07/2026 11:04;19436;003;50260630432373000100550030000194361003097985;
23235203;03/07/2026 14:28;TRANSPORTES GRITSCH;90.739.624/0011-90;30.432.373/0001-00;REDE IPE POSTOS DE SERVICOS | URBANO;SDV8E51;200959;61,290;ABASTECIMENTO;Diesel S10;446,80;R$ 7,29;R$ 7,890;2846160;06/07/2026 11:04;20160;003;50260730432373000100550030000201601003133847;
23235577;03/07/2026 14:44;TRANSPORTES GRITSCH;90.739.624/0011-90;30.432.373/0001-00;REDE IPE POSTOS DE SERVICOS | URBANO;SFD5C35;294746;40,030;ABASTECIMENTO;Diesel S10;291,81;R$ 7,29;R$ 7,890;2846160;06/07/2026 11:04;20161;003;50260730432373000100550030000201611003133950;
23335990;24/06/2026 11:58;TRANSPORTES GRITSCH;90.739.624/0011-90;30.432.373/0001-00;REDE IPE POSTOS DE SERVICOS | URBANO;SFF9H69;38283;56,070;ABASTECIMENTO;Diesel S10;414,35;R$ 7,39;-;2846160;06/07/2026 08:53;19423;003;50260630432373000100550030000194231003097308;
;;;;;;;;;;;TOTAL POSTO: 5380,26;;;;;;;;

1172 - SIM REDE - POA AV ASSIS BRASIL 0059-06 - 07.473.735/0059-06
Transacao;Data;Cliente;CNPJ Cliente;CNPJ Posto;Estabelecimento;Placa;Hodometro/Horimetro;Litragem;Servico;Combustivel;Valor Total;Preco Litro;Preco Negociado;Lote;Data vinculacao;NF-e;Serie;Chave NF-e;Observacao
23064780;29/06/2026 16:38;TRANSPORTES GRITSCH;90.739.624/0023-23;07.473.735/0059-06;SIM REDE - POA AV ASSIS BRASIL 0059-06 - 07.473.735/0059-06;TAS4H12;164404;46,210;ABASTECIMENTO;Diesel S10;280,49;R$ 6,07;R$ 6,170;2846160;07/07/2026 13:43;70598;008;43260607473735005906550080000705981013875304;
23129221;01/07/2026 08:20;TRANSPORTES GRITSCH;90.739.624/0023-23;07.473.735/0059-06;SIM REDE - POA AV ASSIS BRASIL 0059-06 - 07.473.735/0059-06;SDR4D35;146306;39,360;ABASTECIMENTO;Gasolina Comum;241,67;R$ 6,14;-;2846160;01/07/2026 08:21;70689;008;43260707473735005906550080000706891013900287;
;;;;;;;;;;;TOTAL POSTO: 522,16;;;;;;;;

1201 - SIM REDE - VACARIA GTM 0126-00 - METROPOLITANA / SERRA
Transacao;Data;Cliente;CNPJ Cliente;CNPJ Posto;Estabelecimento;Placa;Hodometro/Horimetro;Litragem;Servico;Combustivel;Valor Total;Preco Litro;Preco Negociado;Lote;Data vinculacao;NF-e;Serie;Chave NF-e;Observacao
23064784;29/06/2026 16:38;TRANSPORTES GRITSCH;90.739.624/0023-23;07.473.735/0126-00;SIM REDE - VACARIA GTM 0126-00 - METROPOLITANA / SERRA;BDU5G86;313660;149,880;ABASTECIMENTO;Diesel S10;909,77;R$ 6,07;R$ 6,170;2846160;07/07/2026 13:45;37467;005;43260607473735012600550050000374671018980173;
;;;;;;;;;;;TOTAL POSTO: 909,77;;;;;;;;

1187 - SIM REDE - ESTRELA 0065-46 - METROPOLITANA / SERRA
Transacao;Data;Cliente;CNPJ Cliente;CNPJ Posto;Estabelecimento;Placa;Hodometro/Horimetro;Litragem;Servico;Combustivel;Valor Total;Preco Litro;Preco Negociado;Lote;Data vinculacao;NF-e;Serie;Chave NF-e;Observacao
23065089;29/06/2026 16:52;TRANSPORTES GRITSCH;90.739.624/0023-23;07.473.735/0065-46;SIM REDE - ESTRELA 0065-46 - METROPOLITANA / SERRA;SFJ5H72;269972;316,790;ABASTECIMENTO;Diesel S10;1922,91;R$ 6,07;R$ 6,170;2846160;07/07/2026 13:45;94795;008;43260607473735006546550080000947951017709985;
23065191;29/06/2026 16:55;TRANSPORTES GRITSCH;90.739.624/0023-23;07.473.735/0065-46;SIM REDE - ESTRELA 0065-46 - METROPOLITANA / SERRA;SFJ5H72;269972;14,452;ABASTECIMENTO;Arla 32;45,37;R$ 3,14;R$ 3,140;2846160;07/07/2026 13:45;94796;008;43260607473735006546550080000947961017710000;
;;;;;;;;;;;TOTAL POSTO: 1968,28;;;;;;;;

4933 - POSTO FIGUEIRA - CAMPO GRANDE
Transacao;Data;Cliente;CNPJ Cliente;CNPJ Posto;Estabelecimento;Placa;Hodometro/Horimetro;Litragem;Servico;Combustivel;Valor Total;Preco Litro;Preco Negociado;Lote;Data vinculacao;NF-e;Serie;Chave NF-e;Observacao
23065939;29/06/2026 17:29;TRANSPORTES GRITSCH;90.739.624/0011-90;02.322.969/0001-04;POSTO FIGUEIRA - CAMPO GRANDE;TAP3G60;168000;43,940;ABASTECIMENTO;Diesel S10;298,35;R$ 6,79;-;2846160;29/06/2026 18:07;13289;002;50260602322969000104550020000132891002879351;
23084491;30/06/2026 07:30;TRANSPORTES GRITSCH;90.739.624/0011-90;02.322.969/0001-04;POSTO FIGUEIRA - CAMPO GRANDE;TAP3G60;168959;49,921;ABASTECIMENTO;Diesel S10;338,96;R$ 6,79;-;2846160;30/06/2026 07:30;13319;002;50260602322969000104550020000133191002884143;
23099926;30/06/2026 14:20;TRANSPORTES GRITSCH;90.739.624/0011-90;02.322.969/0001-04;POSTO FIGUEIRA - CAMPO GRANDE;SDU9F46;117246;44,401;ABASTECIMENTO;Gasolina Comum;288,16;R$ 6,49;-;2846160;30/06/2026 14:21;13362;002;50260602322969000104550020000133621002889987;
23175128;02/07/2026 08:18;TRANSPORTES GRITSCH;90.739.624/0011-90;02.322.969/0001-04;POSTO FIGUEIRA - CAMPO GRANDE;TAP3G60;171119;56,380;ABASTECIMENTO;Diesel S10 Aditivado;382,82;R$ 6,79;R$ 7,090;2846160;02/07/2026 08:32;13485;002;50260702322969000104550020000134851002914950;
;;;;;;;;;;;TOTAL POSTO: 1308,29;;;;;;;;

3148 - GRAAL BARUERI - REDE GRAAL
Transacao;Data;Cliente;CNPJ Cliente;CNPJ Posto;Estabelecimento;Placa;Hodometro/Horimetro;Litragem;Servico;Combustivel;Valor Total;Preco Litro;Preco Negociado;Lote;Data vinculacao;NF-e;Serie;Chave NF-e;Observacao
23066969;29/06/2026 18:20;TRANSPORTES GRITSCH;90.739.624/0003-80;00.718.778/0001-30;GRAAL BARUERI - REDE GRAAL;SEC1E94;47016;38,700;ABASTECIMENTO;Gasolina Comum;251,16;R$ 6,49;R$ 6,490;2846160;30/06/2026 09:46;334774;003;35260600718778000130550030003347741010366426;
;;;;;;;;;;;TOTAL POSTO: 251,16;;;;;;;;

22825 - AUTO POSTO CONFIANCA
Transacao;Data;Cliente;CNPJ Cliente;CNPJ Posto;Estabelecimento;Placa;Hodometro/Horimetro;Litragem;Servico;Combustivel;Valor Total;Preco Litro;Preco Negociado;Lote;Data vinculacao;NF-e;Serie;Chave NF-e;Observacao
23067325;29/06/2026 18:36;TRANSPORTES GRITSCH;09.576.274/0001-06;08.810.726/0001-00;AUTO POSTO CONFIANCA;SFL2F07;88839;81,910;ABASTECIMENTO;Diesel S10;588,93;R$ 7,19;R$ 7,190;2846160;29/06/2026 18:45;5193;002;41260608810726000100550020000051931101403594;
23100004;30/06/2026 14:25;TRANSPORTES GRITSCH;09.576.274/0001-06;08.810.726/0001-00;AUTO POSTO CONFIANCA;SFI6J88;51826;55,000;ABASTECIMENTO;Diesel S10;395,45;R$ 7,19;R$ 7,190;2846160;30/06/2026 14:35;5214;002;41260608810726000100550020000052141997110697;
23131979;01/07/2026 09:53;TRANSPORTES GRITSCH;09.576.274/0001-06;08.810.726/0001-00;AUTO POSTO CONFIANCA;SFD2H31;130998;35,790;ABASTECIMENTO;Gasolina Comum;235,86;R$ 6,59;R$ 6,590;2846160;01/07/2026 10:06;5286;002;41260708810726000100550020000052861166188919;
23137315;01/07/2026 11:48;TRANSPORTES GRITSCH;09.576.274/0001-06;08.810.726/0001-00;AUTO POSTO CONFIANCA;SEK9C81;92937;96,210;ABASTECIMENTO;Diesel S10;691,75;R$ 7,19;R$ 7,190;2846160;01/07/2026 12:02;5290;002;41260708810726000100550020000052901351941094;
23154461;01/07/2026 19:27;TRANSPORTES GRITSCH;09.576.274/0001-06;08.810.726/0001-00;AUTO POSTO CONFIANCA;SFL3H42;88209;91,081;ABASTECIMENTO;Diesel S10;654,87;R$ 7,19;R$ 7,190;2846160;01/07/2026 19:35;5299;002;41260708810726000100550020000052991336426481;
23174665;02/07/2026 07:55;TRANSPORTES GRITSCH;09.576.274/0001-06;08.810.726/0001-00;AUTO POSTO CONFIANCA;SFI6J89;68192;46,590;ABASTECIMENTO;Diesel S10;334,98;R$ 7,19;R$ 7,190;2846160;07/07/2026 15:40;5451;002;41260708810726000100550020000054511310106657;
23181961;02/07/2026 10:44;TRANSPORTES GRITSCH;09.576.274/0001-06;08.810.726/0001-00;AUTO POSTO CONFIANCA;SDR8E01;148956;29,010;ABASTECIMENTO;Gasolina Comum;191,18;R$ 6,59;R$ 6,590;2846160;07/07/2026 15:40;5452;002;41260708810726000100550020000054521039248222;
23192594;02/07/2026 16:23;TRANSPORTES GRITSCH;09.576.274/0001-06;08.810.726/0001-00;AUTO POSTO CONFIANCA;SFL2F07;89386;98,300;ABASTECIMENTO;Diesel S10;696,95;R$ 7,09;R$ 7,090;2846160;02/07/2026 16:40;5338;002;41260708810726000100550020000053381661886780;
23222889;03/07/2026 09:32;TRANSPORTES GRITSCH;09.576.274/0001-06;08.810.726/0001-00;AUTO POSTO CONFIANCA;SDU9F01;165859;46,370;ABASTECIMENTO;Gasolina Comum;305,58;R$ 6,59;R$ 6,590;2846160;03/07/2026 09:45;5362;002;41260708810726000100550020000053621561077443;
;;;;;;;;;;;TOTAL POSTO: 4095,55;;;;;;;;

2462 - GP POSTOS - POSTO GUAIRACA II
Transacao;Data;Cliente;CNPJ Cliente;CNPJ Posto;Estabelecimento;Placa;Hodometro/Horimetro;Litragem;Servico;Combustivel;Valor Total;Preco Litro;Preco Negociado;Lote;Data vinculacao;NF-e;Serie;Chave NF-e;Observacao
23067754;29/06/2026 19:00;TRANSPORTES GRITSCH;09.576.274/0001-06;79.964.177/0009-15;GP POSTOS - POSTO GUAIRACA II;SDU9F71;267457;39,220;ABASTECIMENTO;Gasolina Comum;251,00;R$ 6,40;R$ 6,650;2846160;29/06/2026 19:05;279869;002;41260679964177000915550020002798691018041342;
;;;;;;;;;;;TOTAL POSTO: 251,00;;;;;;;;

1219 - SIM REDE - SAO SEBASTIAO DO CAI RETRO 0130-40 - METROPOLITANA / SERRA
Transacao;Data;Cliente;CNPJ Cliente;CNPJ Posto;Estabelecimento;Placa;Hodometro/Horimetro;Litragem;Servico;Combustivel;Valor Total;Preco Litro;Preco Negociado;Lote;Data vinculacao;NF-e;Serie;Chave NF-e;Observacao
23068208;29/06/2026 19:19;TRANSPORTES GRITSCH;90.739.624/0023-23;07.473.735/0132-40;SIM REDE - SAO SEBASTIAO DO CAI RETRO 0130-40 - METROPOLITANA / SERRA;TAP2C36;117987;57,651;ABASTECIMENTO;Diesel S10;349,94;R$ 6,07;R$ 6,170;2846160;07/07/2026 13:45;35632;008;43260607473735013240550080000356321033467681;
;;;;;;;;;;;TOTAL POSTO: 349,94;;;;;;;;

7397 - REDE MARAJO - POSTO MARAJO RIO VERDE
Transacao;Data;Cliente;CNPJ Cliente;CNPJ Posto;Estabelecimento;Placa;Hodometro/Horimetro;Litragem;Servico;Combustivel;Valor Total;Preco Litro;Preco Negociado;Lote;Data vinculacao;NF-e;Serie;Chave NF-e;Observacao
23069278;29/06/2026 20:16;TRANSPORTES GRITSCH;90.739.624/0019-47;42.874.317/0001-05;REDE MARAJO - POSTO MARAJO RIO VERDE;TAS4H09;92043;27,911;ABASTECIMENTO;Diesel S10;190,91;R$ 6,84;R$ 6,840;2846160;29/06/2026 22:01;102857;054;52260642874317000105550540001028571208714219;
23112957;30/06/2026 21:03;TRANSPORTES GRITSCH;90.739.624/0019-47;42.874.317/0001-05;REDE MARAJO - POSTO MARAJO RIO VERDE;TBK1J24;133519;24,950;ABASTECIMENTO;Diesel S10;170,66;R$ 6,84;R$ 6,840;2846160;30/06/2026 22:02;102931;054;52260642874317000105550540001029311304230498;
23159787;01/07/2026 21:23;TRANSPORTES GRITSCH;90.739.624/0019-47;42.874.317/0001-05;REDE MARAJO - POSTO MARAJO RIO VERDE;UBC1A56;66812;25,579;ABASTECIMENTO;Diesel S10;174,96;R$ 6,84;R$ 6,840;2846160;01/07/2026 22:01;103060;054;52260742874317000105550540001030601945130180;
23206247;02/07/2026 22:11;TRANSPORTES GRITSCH;90.739.624/0019-47;42.874.317/0001-05;REDE MARAJO - POSTO MARAJO RIO VERDE;TAS4H09;94227;27,830;ABASTECIMENTO;Diesel S10;190,36;R$ 6,84;R$ 6,840;2846160;08/07/2026 09:27;103150;054;52260742874317000105550540001031501762572263;
23250806;03/07/2026 21:18;TRANSPORTES GRITSCH;90.739.624/0019-47;42.874.317/0001-05;REDE MARAJO - POSTO MARAJO RIO VERDE;TBK1J24;135763;24,260;ABASTECIMENTO;Diesel S10;165,94;R$ 6,84;R$ 6,840;2846160;03/07/2026 22:01;103224;054;52260742874317000105550540001032241890046837;
;;;;;;;;;;;TOTAL POSTO: 892,83;;;;;;;;

2945 - AUTO POSTO NOVO PAMPA - REDE ESTRADA
Transacao;Data;Cliente;CNPJ Cliente;CNPJ Posto;Estabelecimento;Placa;Hodometro/Horimetro;Litragem;Servico;Combustivel;Valor Total;Preco Litro;Preco Negociado;Lote;Data vinculacao;NF-e;Serie;Chave NF-e;Observacao
23070968;29/06/2026 20:53;TRANSPORTES GRITSCH;90.739.624/0031-33;84.923.127/0001-72;AUTO POSTO NOVO PAMPA - REDE ESTRADA;RHI4F42;380000;207,013;ABASTECIMENTO;Diesel S10;1353,86;R$ 6,54;R$ 6,640;2846160;30/06/2026 11:44;292120;002;41260684923127000172550020002921201175671058;
23152992;01/07/2026 18:17;TRANSPORTES GRITSCH;90.739.624/0031-33;84.923.127/0001-72;AUTO POSTO NOVO PAMPA - REDE ESTRADA;SES0D47;144252;31,287;ABASTECIMENTO;Diesel S10;203,05;R$ 6,49;R$ 6,640;2846160;02/07/2026 11:28;292461;002;41260784923127000172550020002924611681286626;
23153005;01/07/2026 18:18;TRANSPORTES GRITSCH;90.739.624/0031-33;84.923.127/0001-72;AUTO POSTO NOVO PAMPA - REDE ESTRADA;SES0D47;144252;1,700;ABASTECIMENTO;Arla 32;5,85;R$ 3,44;R$ 3,440;2846160;02/07/2026 11:28;292457;002;41260784923127000172550020002924571295043950;
23198217;02/07/2026 18:01;TRANSPORTES GRITSCH;90.739.624/0031-33;84.923.127/0001-72;AUTO POSTO NOVO PAMPA - REDE ESTRADA;RHI4F42;381297;81,182;ABASTECIMENTO;Diesel S10;539,04;R$ 6,64;R$ 6,640;2846160;03/07/2026 10:16;292530;002;41260784923127000172550020002925301771158529;
23198490;02/07/2026 18:10;TRANSPORTES GRITSCH;90.739.624/0031-33;84.923.127/0001-72;AUTO POSTO NOVO PAMPA - REDE ESTRADA;RHI4F42;381297;10,650;ABASTECIMENTO;Arla 32;36,63;R$ 3,44;R$ 3,440;2846160;03/07/2026 10:16;292531;002;41260784923127000172550020002925311215601330;
23251854;03/07/2026 22:31;TRANSPORTES GRITSCH;90.739.624/0031-33;84.923.127/0001-72;AUTO POSTO NOVO PAMPA - REDE ESTRADA;BDD3B67;269112;153,000;ABASTECIMENTO;Diesel S10;992,97;R$ 6,49;R$ 6,640;2846160;06/07/2026 13:27;292699;002;41260784923127000172550020002926991655183147;
23251960;03/07/2026 22:32;TRANSPORTES GRITSCH;90.739.624/0031-33;84.923.127/0001-72;AUTO POSTO NOVO PAMPA - REDE ESTRADA;BDD3B67;269112;9,629;ABASTECIMENTO;Arla 32;33,13;R$ 3,44;R$ 3,440;2846160;06/07/2026 13:28;292700;002;41260784923127000172550020002927001659518464;
;;;;;;;;;;;TOTAL POSTO: 3164,53;;;;;;;;

1135 - POSTO DO TREVO - REDE GRAAL
Transacao;Data;Cliente;CNPJ Cliente;CNPJ Posto;Estabelecimento;Placa;Hodometro/Horimetro;Litragem;Servico;Combustivel;Valor Total;Preco Litro;Preco Negociado;Lote;Data vinculacao;NF-e;Serie;Chave NF-e;Observacao
23073102;29/06/2026 21:06;TRANSPORTES GRITSCH;90.739.624/0003-80;55.973.291/0001-96;POSTO DO TREVO - REDE GRAAL;TBK1J24;132863;27,340;ABASTECIMENTO;Diesel S10;182,90;R$ 6,69;R$ 6,690;2846160;30/06/2026 14:24;1033972;003;35260655973291000196550030010339721017223193;
23074989;30/06/2026 00:08;TRANSPORTES GRITSCH;90.739.624/0003-80;55.973.291/0001-96;POSTO DO TREVO - REDE GRAAL;UBC1A56;65509;44,890;ABASTECIMENTO;Diesel S10;300,31;R$ 6,69;R$ 6,690;2846160;30/06/2026 14:25;1034003;003;35260655973291000196550030010340031017225461;
23114387;30/06/2026 21:48;TRANSPORTES GRITSCH;90.739.624/0003-80;55.973.291/0001-96;POSTO DO TREVO - REDE GRAAL;UBC1A56;66156;25,750;ABASTECIMENTO;Diesel S10;172,26;R$ 6,69;R$ 6,690;2846160;30/06/2026 21:57;1034424;003;35260655973291000196550030010344241017253394;
23160419;01/07/2026 22:06;TRANSPORTES GRITSCH;90.739.624/0003-80;55.973.291/0001-96;POSTO DO TREVO - REDE GRAAL;TAS4H09;93580;48,350;ABASTECIMENTO;Diesel S10;323,46;R$ 6,69;R$ 6,690;2846160;01/07/2026 22:07;1034931;003;35260755973291000196550030010349311017285186;
23205975;02/07/2026 21:52;TRANSPORTES GRITSCH;90.739.624/0003-80;55.973.291/0001-96;POSTO DO TREVO - REDE GRAAL;TBK1J24;135106;25,910;ABASTECIMENTO;Diesel S10;169,71;R$ 6,55;R$ 6,550;2846160;02/07/2026 21:52;1035354;003;35260755973291000196550030010353541017315472;
;;;;;;;;;;;TOTAL POSTO: 1148,64;;;;;;;;

2582 - POSTO SIMON IMBITUBA
Transacao;Data;Cliente;CNPJ Cliente;CNPJ Posto;Estabelecimento;Placa;Hodometro/Horimetro;Litragem;Servico;Combustivel;Valor Total;Preco Litro;Preco Negociado;Lote;Data vinculacao;NF-e;Serie;Chave NF-e;Observacao
23073850;29/06/2026 21:51;TRANSPORTES GRITSCH;90.739.624/0014-32;15.636.643/0001-01;POSTO SIMON IMBITUBA;RHD8A32;404663;450,000;ABASTECIMENTO;Diesel S10;2848,53;R$ 6,33;R$ 6,330;2846160;01/07/2026 15:46;133227;004;42260615636643000101550040001332271292151216;
23105513;30/06/2026 17:29;TRANSPORTES GRITSCH;90.739.624/0014-32;15.636.643/0001-01;POSTO SIMON IMBITUBA;SFI4A34;132451;44,310;ABASTECIMENTO;Diesel S10;280,48;R$ 6,33;R$ 6,330;2846160;01/07/2026 15:46;133329;004;42260615636643000101550040001333291301729424;
23251393;03/07/2026 21:57;TRANSPORTES GRITSCH;90.739.624/0014-32;15.636.643/0001-01;POSTO SIMON IMBITUBA;RHD8A32;406117;429,390;ABASTECIMENTO;Diesel S10;2632,16;R$ 6,13;R$ 6,130;2846160;10/07/2026 09:06;134404;004;42260715636643000101550040001344041091739245;
;;;;;;;;;;;TOTAL POSTO: 5761,17;;;;;;;;

3053 - REDE MONTE CARLO - POSTO SAO JOSE
Transacao;Data;Cliente;CNPJ Cliente;CNPJ Posto;Estabelecimento;Placa;Hodometro/Horimetro;Litragem;Servico;Combustivel;Valor Total;Preco Litro;Preco Negociado;Lote;Data vinculacao;NF-e;Serie;Chave NF-e;Observacao
23074518;29/06/2026 22:51;TRANSPORTES GRITSCH;90.739.624/0003-80;42.733.072/0001-98;REDE MONTE CARLO - POSTO SAO JOSE;UBC1A56;65460;20,000;ABASTECIMENTO;Arla 32;71,80;R$ 3,59;R$ 3,590;2846160;30/06/2026 12:26;5052;008;35260642733072000198550080000050521510052947;
23115362;30/06/2026 22:55;TRANSPORTES GRITSCH;90.739.624/0003-80;42.733.072/0001-98;REDE MONTE CARLO - POSTO SAO JOSE;TAS4H09;92641;37,000;ABASTECIMENTO;Diesel S10;262,33;R$ 7,09;R$ 7,090;2846160;01/07/2026 10:40;5072;008;35260742733072000198550080000050721510328450;
23160997;01/07/2026 22:40;TRANSPORTES GRITSCH;90.739.624/0003-80;42.733.072/0001-98;REDE MONTE CARLO - POSTO SAO JOSE;TBK1J24;134104;38,000;ABASTECIMENTO;Diesel S10;269,42;R$ 7,09;R$ 7,090;2846160;02/07/2026 09:30;5076;008;35260742733072000198550080000050761510564331;
23206555;02/07/2026 22:38;TRANSPORTES GRITSCH;90.739.624/0003-80;42.733.072/0001-98;REDE MONTE CARLO - POSTO SAO JOSE;UBC1A56;67402;43,681;ABASTECIMENTO;Diesel S10;309,69;R$ 7,09;R$ 7,090;2846160;03/07/2026 10:07;5083;008;35260742733072000198550080000050831510836654;
23206564;02/07/2026 22:40;TRANSPORTES GRITSCH;90.739.624/0003-80;42.733.072/0001-98;REDE MONTE CARLO - POSTO SAO JOSE;UBC1A56;67402;6,000;ABASTECIMENTO;Arla 32;21,54;R$ 3,59;R$ 3,590;2846160;03/07/2026 10:07;5083;008;35260742733072000198550080000050831510836654;
23251964;03/07/2026 22:34;TRANSPORTES GRITSCH;90.739.624/0003-80;42.733.072/0001-98;REDE MONTE CARLO - POSTO SAO JOSE;TAS4H09;94793;34,910;ABASTECIMENTO;Diesel S10;247,51;R$ 7,09;R$ 7,090;2846160;06/07/2026 11:02;5086;008;35260742733072000198550080000050861511863371;
;;;;;;;;;;;TOTAL POSTO: 1182,29;;;;;;;;

3908 - REDE ROTA 101 | CAMINHO DO SOL | ROD 101
Transacao;Data;Cliente;CNPJ Cliente;CNPJ Posto;Estabelecimento;Placa;Hodometro/Horimetro;Litragem;Servico;Combustivel;Valor Total;Preco Litro;Preco Negociado;Lote;Data vinculacao;NF-e;Serie;Chave NF-e;Observacao
23074734;29/06/2026 23:17;TRANSPORTES GRITSCH;90.739.624/0023-23;28.583.917/0003-47;REDE ROTA 101 | CAMINHO DO SOL | ROD 101;TBS6E45;106695;305,210;ABASTECIMENTO;Diesel S10;1873,99;R$ 6,14;R$ 6,140;2846160;02/07/2026 11:44;6062;107;43260728583917000347551070000060621124524735;
23074740;29/06/2026 23:19;TRANSPORTES GRITSCH;90.739.624/0023-23;28.583.917/0003-47;REDE ROTA 101 | CAMINHO DO SOL | ROD 101;TBS6E45;106695;26,550;ABASTECIMENTO;Arla 32;90,00;R$ 3,39;R$ 3,390;2846160;02/07/2026 11:44;6063;107;43260728583917000347551070000060631987704368;
;;;;;;;;;;;TOTAL POSTO: 1963,99;;;;;;;;

1236 - SIM REDE - ELDORADO VIADUTO 0035-20 - METROPOLITANA / SERRA
Transacao;Data;Cliente;CNPJ Cliente;CNPJ Posto;Estabelecimento;Placa;Hodometro/Horimetro;Litragem;Servico;Combustivel;Valor Total;Preco Litro;Preco Negociado;Lote;Data vinculacao;NF-e;Serie;Chave NF-e;Observacao
23074914;29/06/2026 23:53;TRANSPORTES GRITSCH;90.739.624/0023-23;07.473.735/0035-20;SIM REDE - ELDORADO VIADUTO 0035-20 - METROPOLITANA / SERRA;UBO0E91;29539;143,680;ABASTECIMENTO;Diesel S10;872,13;R$ 6,07;R$ 6,170;2846160;07/07/2026 13:43;87186;008;43260607473735003520550080000871861014206283;
23115959;30/06/2026 23:31;TRANSPORTES GRITSCH;90.739.624/0023-23;07.473.735/0035-20;SIM REDE - ELDORADO VIADUTO 0035-20 - METROPOLITANA / SERRA;BDU5G86;314754;174,100;ABASTECIMENTO;Diesel S10;1056,78;R$ 6,07;R$ 6,170;2846160;30/06/2026 23:32;87289;008;43260607473735003520550080000872891014222227;
;;;;;;;;;;;TOTAL POSTO: 1928,91;;;;;;;;

563 - POSTO MASUT VIII
Transacao;Data;Cliente;CNPJ Cliente;CNPJ Posto;Estabelecimento;Placa;Hodometro/Horimetro;Litragem;Servico;Combustivel;Valor Total;Preco Litro;Preco Negociado;Lote;Data vinculacao;NF-e;Serie;Chave NF-e;Observacao
23078416;30/06/2026 01:03;TRANSPORTES GRITSCH;90.739.624/0018-66;18.801.421/0001-87;POSTO MASUT VIII;TAP3G60;168507;54,530;ABASTECIMENTO;Diesel S10;371,89;R$ 6,82;R$ 6,820;2846160;30/06/2026 08:19;266725;002;51260618801421000187550020002667251738976140;
23166595;02/07/2026 01:41;TRANSPORTES GRITSCH;90.739.624/0018-66;18.801.421/0001-87;POSTO MASUT VIII;TAP3G60;170667;35,060;ABASTECIMENTO;Diesel S10;239,11;R$ 6,82;R$ 6,820;2846160;03/07/2026 08:08;266954;002;51260718801421000187550020002669541866054586;
;;;;;;;;;;;TOTAL POSTO: 611,00;;;;;;;;

2365 - AUTO POSTO OURO VERDE DE REGISTRO - REDE GRAAL
Transacao;Data;Cliente;CNPJ Cliente;CNPJ Posto;Estabelecimento;Placa;Hodometro/Horimetro;Litragem;Servico;Combustivel;Valor Total;Preco Litro;Preco Negociado;Lote;Data vinculacao;NF-e;Serie;Chave NF-e;Observacao
23078829;30/06/2026 01:32;TRANSPORTES GRITSCH;90.739.624/0003-80;54.052.204/0001-03;AUTO POSTO OURO VERDE DE REGISTRO - REDE GRAAL;UBO8H30;25642;167,240;ABASTECIMENTO;Diesel S10;1068,66;R$ 6,39;R$ 6,390;2846160;30/06/2026 14:20;554062;002;35260654052204000103550020005540621006574473;
;;;;;;;;;;;TOTAL POSTO: 1068,66;;;;;;;;

19607 - POSTO PETROREIS - REDE JUNINHO
Transacao;Data;Cliente;CNPJ Cliente;CNPJ Posto;Estabelecimento;Placa;Hodometro/Horimetro;Litragem;Servico;Combustivel;Valor Total;Preco Litro;Preco Negociado;Lote;Data vinculacao;NF-e;Serie;Chave NF-e;Observacao
23078871;30/06/2026 01:49;TRANSPORTES GRITSCH;09.576.274/0001-06;20.169.844/0001-78;POSTO PETROREIS - REDE JUNINHO;SES2D41;385099;230,000;ABASTECIMENTO;Diesel S10;1442,10;R$ 6,27;R$ 6,270;2846160;02/07/2026 03:21;25044;010;41260620169844000178550100000250441004732700;
;;;;;;;;;;;TOTAL POSTO: 1442,10;;;;;;;;

20678 - POSTO ALDO PRIMAVERA - REDE ALDO
Transacao;Data;Cliente;CNPJ Cliente;CNPJ Posto;Estabelecimento;Placa;Hodometro/Horimetro;Litragem;Servico;Combustivel;Valor Total;Preco Litro;Preco Negociado;Lote;Data vinculacao;NF-e;Serie;Chave NF-e;Observacao
23079332;30/06/2026 03:48;TRANSPORTES GRITSCH;90.739.624/0018-66;09.428.424/0003-98;POSTO ALDO PRIMAVERA - REDE ALDO;UBA9H34;68153;68,550;ABASTECIMENTO;Diesel S10;491,50;R$ 7,17;R$ 7,170;2846160;30/06/2026 08:27;94855;005;51260609428424000398550050000948551778667884;
;;;;;;;;;;;TOTAL POSTO: 491,50;;;;;;;;

24495 - POSTO MARIA PADILHA
Transacao;Data;Cliente;CNPJ Cliente;CNPJ Posto;Estabelecimento;Placa;Hodometro/Horimetro;Litragem;Servico;Combustivel;Valor Total;Preco Litro;Preco Negociado;Lote;Data vinculacao;NF-e;Serie;Chave NF-e;Observacao
23083399;30/06/2026 06:04;TRANSPORTES GRITSCH;90.739.624/0003-80;45.585.890/0001-89;POSTO MARIA PADILHA;TAV9E96;119118;124,354;ABASTECIMENTO;Diesel S10;906,54;R$ 7,29;R$ 7,890;2846160;02/07/2026 14:17;19275;001;35260745585890000189550010000192751000346654;
23128810;01/07/2026 08:06;TRANSPORTES GRITSCH;90.739.624/0003-80;45.585.890/0001-89;POSTO MARIA PADILHA;SFA0J40;131810;107,396;ABASTECIMENTO;Diesel S10;782,91;R$ 7,29;R$ 7,890;2846160;02/07/2026 14:18;19276;001;35260745585890000189550010000192761000346660;
;;;;;;;;;;;TOTAL POSTO: 1689,45;;;;;;;;

1174 - SIM REDE - CAXIAS FATIMA ALTO 0008-58 - METROPOLITANA / SERRA
Transacao;Data;Cliente;CNPJ Cliente;CNPJ Posto;Estabelecimento;Placa;Hodometro/Horimetro;Litragem;Servico;Combustivel;Valor Total;Preco Litro;Preco Negociado;Lote;Data vinculacao;NF-e;Serie;Chave NF-e;Observacao
23083560;30/06/2026 06:21;TRANSPORTES GRITSCH;90.739.624/0023-23;07.473.735/0008-58;SIM REDE - CAXIAS FATIMA ALTO 0008-58 - METROPOLITANA / SERRA;SFK0F56;77763;15,649;ABASTECIMENTO;Gasolina Comum;96,86;R$ 6,19;-;2846160;07/07/2026 13:43;4373;008;43260607473735000858550080000043731021331804;
23104730;30/06/2026 17:08;TRANSPORTES GRITSCH;90.739.624/0023-23;07.473.735/0008-58;SIM REDE - CAXIAS FATIMA ALTO 0008-58 - METROPOLITANA / SERRA;SFK0F56;78208;29,891;ABASTECIMENTO;Gasolina Comum;185,02;R$ 6,19;-;2846160;07/07/2026 13:43;4377;008;43260607473735000858550080000043771021336210;
23219499;03/07/2026 07:17;TRANSPORTES GRITSCH;90.739.624/0023-23;07.473.735/0008-58;SIM REDE - CAXIAS FATIMA ALTO 0008-58 - METROPOLITANA / SERRA;UBM2B99;17758;41,771;ABASTECIMENTO;Diesel S10;253,54;R$ 6,07;R$ 6,070;2846160;22/07/2026 10:52;4423;008;43260707473735000858550080000044231021353988;
;;;;;;;;;;;TOTAL POSTO: 535,42;;;;;;;;

17343 - SIM REDE DE POSTOS - 0223-12 - METROPOLITANA / SERRA
Transacao;Data;Cliente;CNPJ Cliente;CNPJ Posto;Estabelecimento;Placa;Hodometro/Horimetro;Litragem;Servico;Combustivel;Valor Total;Preco Litro;Preco Negociado;Lote;Data vinculacao;NF-e;Serie;Chave NF-e;Observacao
23084413;30/06/2026 07:25;TRANSPORTES GRITSCH;90.739.624/0023-23;07.473.735/0223-12;SIM REDE DE POSTOS - 0223-12 - METROPOLITANA / SERRA;BEP1I43;111241;61,580;ABASTECIMENTO;Diesel S10;373,79;R$ 6,07;R$ 6,170;2846160;07/07/2026 13:46;12528;008;43260607473735022312550080000125281004594219;
23220128;03/07/2026 07:48;TRANSPORTES GRITSCH;90.739.624/0023-23;07.473.735/0223-12;SIM REDE DE POSTOS - 0223-12 - METROPOLITANA / SERRA;BEP1I43;111893;55,300;ABASTECIMENTO;Diesel S10;335,67;R$ 6,07;R$ 6,070;2846160;03/07/2026 07:48;12620;008;43260707473735022312550080000126201004605351;
;;;;;;;;;;;TOTAL POSTO: 709,46;;;;;;;;

789 - CHIMARRAO AUTO POSTO
Transacao;Data;Cliente;CNPJ Cliente;CNPJ Posto;Estabelecimento;Placa;Hodometro/Horimetro;Litragem;Servico;Combustivel;Valor Total;Preco Litro;Preco Negociado;Lote;Data vinculacao;NF-e;Serie;Chave NF-e;Observacao
23084467;30/06/2026 07:26;TRANSPORTES GRITSCH;90.739.624/0018-66;14.948.822/0001-03;CHIMARRAO AUTO POSTO;TBE5I65;132224;13,807;ABASTECIMENTO;Gasolina Comum;100,10;R$ 7,25;-;2846160;01/07/2026 10:55;152684;002;51260614948822000103550020001526841300728354;
23126617;01/07/2026 06:04;TRANSPORTES GRITSCH;90.739.624/0018-66;14.948.822/0001-03;CHIMARRAO AUTO POSTO;TBE5I65;132541;37,204;ABASTECIMENTO;Gasolina Comum;269,73;R$ 7,25;-;2846160;02/07/2026 09:41;152749;002;51260714948822000103550020001527491010607260;
23174295;02/07/2026 07:33;TRANSPORTES GRITSCH;90.739.624/0018-66;14.948.822/0001-03;CHIMARRAO AUTO POSTO;TBE5I65;133160;26,094;ABASTECIMENTO;Gasolina Comum;189,18;R$ 7,25;-;2846160;02/07/2026 16:50;152827;002;51260714948822000103550020001528271020734115;
23218661;03/07/2026 06:12;TRANSPORTES GRITSCH;90.739.624/0018-66;14.948.822/0001-03;CHIMARRAO AUTO POSTO;TBE5I65;133464;34,610;ABASTECIMENTO;Gasolina Comum;250,92;R$ 7,25;-;2846160;03/07/2026 16:40;152886;002;51260714948822000103550020001528861030613222;
23234477;03/07/2026 13:51;TRANSPORTES GRITSCH;90.739.624/0018-66;14.948.822/0001-03;CHIMARRAO AUTO POSTO;TBE5I65;134063;23,592;ABASTECIMENTO;Gasolina Comum;171,04;R$ 7,25;-;2846160;03/07/2026 16:40;152920;002;51260714948822000103550020001529201031351411;
;;;;;;;;;;;TOTAL POSTO: 980,97;;;;;;;;

321 - POSTO TREVAO GUARANTA
Transacao;Data;Cliente;CNPJ Cliente;CNPJ Posto;Estabelecimento;Placa;Hodometro/Horimetro;Litragem;Servico;Combustivel;Valor Total;Preco Litro;Preco Negociado;Lote;Data vinculacao;NF-e;Serie;Chave NF-e;Observacao
23084656;30/06/2026 07:38;TRANSPORTES GRITSCH;90.739.624/0018-66;17.084.739/0001-21;POSTO TREVAO GUARANTA;TAN3H91;102263;39,129;ABASTECIMENTO;Alcool Comum;163,95;R$ 4,19;-;2846160;30/06/2026 07:45;337259;001;51260617084739000121550010003372591007212441;
23104946;30/06/2026 17:13;TRANSPORTES GRITSCH;90.739.624/0018-66;17.084.739/0001-21;POSTO TREVAO GUARANTA;TAN3H91;102613;40,391;ABASTECIMENTO;Alcool Comum;161,16;R$ 3,99;-;2846160;30/06/2026 17:25;337346;001;51260617084739000121550010003373461007214441;
23144594;01/07/2026 14:52;TRANSPORTES GRITSCH;90.739.624/0018-66;17.084.739/0001-21;POSTO TREVAO GUARANTA;TAN3H91;103366;36,000;ABASTECIMENTO;Alcool Comum;143,64;R$ 3,99;-;2846160;01/07/2026 15:04;337459;001;51260717084739000121550010003374591007217073;
;;;;;;;;;;;TOTAL POSTO: 468,75;;;;;;;;

2880 - AUTO POSTO VALE DA SERRA BARRA DO GARCAS TREVO
Transacao;Data;Cliente;CNPJ Cliente;CNPJ Posto;Estabelecimento;Placa;Hodometro/Horimetro;Litragem;Servico;Combustivel;Valor Total;Preco Litro;Preco Negociado;Lote;Data vinculacao;NF-e;Serie;Chave NF-e;Observacao
23085368;30/06/2026 08:18;TRANSPORTES GRITSCH;90.739.624/0018-66;09.380.191/0001-39;AUTO POSTO VALE DA SERRA BARRA DO GARCAS TREVO;SEH4I02;341948;55,886;ABASTECIMENTO;Diesel S10;396,23;R$ 7,09;R$ 7,190;2846160;01/07/2026 09:00;41992;012;51260609380191000139550120000419921750596695;
23085467;30/06/2026 08:21;TRANSPORTES GRITSCH;90.739.624/0018-66;09.380.191/0001-39;AUTO POSTO VALE DA SERRA BARRA DO GARCAS TREVO;SEH4I02;341948;22,184;ABASTECIMENTO;Arla 32;95,17;R$ 4,29;R$ 4,290;2846160;01/07/2026 09:01;41993;012;51260609380191000139550120000419931750608240;
23174911;02/07/2026 08:09;TRANSPORTES GRITSCH;90.739.624/0018-66;09.380.191/0001-39;AUTO POSTO VALE DA SERRA BARRA DO GARCAS TREVO;SEH4I02;342896;56,860;ABASTECIMENTO;Diesel S10;403,14;R$ 7,09;R$ 7,190;2846160;06/07/2026 09:47;42122;012;51260709380191000139550120000421221481894021;
23174995;02/07/2026 08:11;TRANSPORTES GRITSCH;90.739.624/0018-66;09.380.191/0001-39;AUTO POSTO VALE DA SERRA BARRA DO GARCAS TREVO;UBA9H34;69840;64,480;ABASTECIMENTO;Diesel S10;457,16;R$ 7,09;R$ 7,190;2846160;06/07/2026 09:53;42123;012;51260709380191000139550120000421231481908062;
;;;;;;;;;;;TOTAL POSTO: 1351,70;;;;;;;;

1296 - SIM REDE - POA CEARA 0162-66 - METROPOLITANA / SERRA
Transacao;Data;Cliente;CNPJ Cliente;CNPJ Posto;Estabelecimento;Placa;Hodometro/Horimetro;Litragem;Servico;Combustivel;Valor Total;Preco Litro;Preco Negociado;Lote;Data vinculacao;NF-e;Serie;Chave NF-e;Observacao
23085663;30/06/2026 08:27;TRANSPORTES GRITSCH;90.739.624/0023-23;07.473.735/0162-66;SIM REDE - POA CEARA 0162-66 - METROPOLITANA / SERRA;SFI4A36;103428;52,800;ABASTECIMENTO;Diesel S10;320,49;R$ 6,07;R$ 6,170;2846160;07/07/2026 13:45;20297;008;43260607473735016266550080000202971007736169;
23101813;30/06/2026 15:42;TRANSPORTES GRITSCH;90.739.624/0023-23;07.473.735/0162-66;SIM REDE - POA CEARA 0162-66 - METROPOLITANA / SERRA;SDT4A93;171866;40,860;ABASTECIMENTO;Gasolina Comum;251,69;R$ 6,16;-;2846160;07/07/2026 13:45;20313;008;43260607473735016266550080000203131007740560;
23106457;30/06/2026 17:58;TRANSPORTES GRITSCH;90.739.624/0023-23;07.473.735/0162-66;SIM REDE - POA CEARA 0162-66 - METROPOLITANA / SERRA;BEP1I40;116326;56,100;ABASTECIMENTO;Diesel S10;340,52;R$ 6,07;R$ 6,170;2846160;07/07/2026 13:45;20318;008;43260607473735016266550080000203181007742233;
23180634;02/07/2026 09:53;TRANSPORTES GRITSCH;90.739.624/0023-23;07.473.735/0162-66;SIM REDE - POA CEARA 0162-66 - METROPOLITANA / SERRA;UBH2J70;9534;69,460;ABASTECIMENTO;Diesel S10;421,62;R$ 6,07;R$ 6,170;2846160;22/07/2026 10:49;20358;008;43260707473735016266550080000203581007755687;
23220912;03/07/2026 08:26;TRANSPORTES GRITSCH;90.739.624/0023-23;07.473.735/0162-66;SIM REDE - POA CEARA 0162-66 - METROPOLITANA / SERRA;SFI4A36;103956;54,100;ABASTECIMENTO;Diesel S10;328,38;R$ 6,07;R$ 6,070;2846160;05/08/2026 07:53;20397;008;43260707473735016266550080000203971007764471;
;;;;;;;;;;;TOTAL POSTO: 1662,70;;;;;;;;

999 - POSTO PRESIDENTE ANAPOLIS
Transacao;Data;Cliente;CNPJ Cliente;CNPJ Posto;Estabelecimento;Placa;Hodometro/Horimetro;Litragem;Servico;Combustivel;Valor Total;Preco Litro;Preco Negociado;Lote;Data vinculacao;NF-e;Serie;Chave NF-e;Observacao
23085908;30/06/2026 08:38;TRANSPORTES GRITSCH;90.739.624/0019-47;00.148.072/0001-80;POSTO PRESIDENTE ANAPOLIS;SDU9F57;254354;33,580;ABASTECIMENTO;Gasolina Comum;231,03;R$ 6,88;-;2846160;01/07/2026 08:15;124683;001;52260700148072000180550010001246831017177099;
;;;;;;;;;;;TOTAL POSTO: 231,03;;;;;;;;

7453 - POSTO CAMPESTRE
Transacao;Data;Cliente;CNPJ Cliente;CNPJ Posto;Estabelecimento;Placa;Hodometro/Horimetro;Litragem;Servico;Combustivel;Valor Total;Preco Litro;Preco Negociado;Lote;Data vinculacao;NF-e;Serie;Chave NF-e;Observacao
23086781;30/06/2026 09:03;TRANSPORTES GRITSCH;90.739.624/0019-47;02.167.542/0001-89;POSTO CAMPESTRE;SFD2H38;100531;21,775;ABASTECIMENTO;Gasolina Comum;139,58;R$ 6,41;R$ 6,410;2846160;02/07/2026 16:45;197271;001;52260702167542000189550010001972711983277753;
23105160;30/06/2026 17:16;TRANSPORTES GRITSCH;90.739.624/0019-47;02.167.542/0001-89;POSTO CAMPESTRE;SEP6E26;100730;42,922;ABASTECIMENTO;Gasolina Comum;275,13;R$ 6,41;R$ 6,410;2846160;02/07/2026 17:43;197281;001;52260702167542000189550010001972811983370865;
23154115;01/07/2026 19:15;TRANSPORTES GRITSCH;90.739.624/0019-47;02.167.542/0001-89;POSTO CAMPESTRE;SFI4A20;178760;31,653;ABASTECIMENTO;Diesel S10;213,02;R$ 6,73;-;2846160;08/07/2026 16:45;197183;001;52260702167542000189550010001971831972399610;
23198471;02/07/2026 18:09;TRANSPORTES GRITSCH;90.739.624/0019-47;02.167.542/0001-89;POSTO CAMPESTRE;SEP6E26;101483;19,880;ABASTECIMENTO;Gasolina Comum;127,63;R$ 6,42;R$ 6,420;2846160;08/07/2026 16:59;197946;001;52260702167542000189550010001979461040026367;
23234301;03/07/2026 13:44;TRANSPORTES GRITSCH;90.739.624/0019-47;02.167.542/0001-89;POSTO CAMPESTRE;BDF6H45;139013;50,530;ABASTECIMENTO;Gasolina Comum;319,35;R$ 6,32;R$ 6,420;2846160;09/07/2026 15:34;198118;001;52260702167542000189550010001981181051740828;
;;;;;;;;;;;TOTAL POSTO: 1074,71;;;;;;;;

3290 - POSTO ZANDONA 7
Transacao;Data;Cliente;CNPJ Cliente;CNPJ Posto;Estabelecimento;Placa;Hodometro/Horimetro;Litragem;Servico;Combustivel;Valor Total;Preco Litro;Preco Negociado;Lote;Data vinculacao;NF-e;Serie;Chave NF-e;Observacao
23088509;30/06/2026 09:45;TRANSPORTES GRITSCH;90.739.624/0014-32;84.711.084/0001-61;POSTO ZANDONA 7;TAI4J01;133079;24,280;ABASTECIMENTO;Gasolina Comum;147,87;R$ 6,09;-;2846160;30/06/2026 10:15;111339;003;42260684711084000161550030001113391300945488;
23099632;30/06/2026 14:10;TRANSPORTES GRITSCH;90.739.624/0014-32;84.711.084/0001-61;POSTO ZANDONA 7;TAZ7D64;42237;102,020;ABASTECIMENTO;Diesel S10;647,83;R$ 6,35;R$ 6,590;2846160;02/07/2026 15:30;111414;003;42260684711084000161550030001114141301410479;
23105136;30/06/2026 17:16;TRANSPORTES GRITSCH;90.739.624/0014-32;84.711.084/0001-61;POSTO ZANDONA 7;TAI4J01;133172;9,330;ABASTECIMENTO;Gasolina Comum;56,82;R$ 6,09;-;2846160;02/07/2026 15:31;111462;003;42260684711084000161550030001114621301716222;
;;;;;;;;;;;TOTAL POSTO: 852,52;;;;;;;;

24917 - POSTO CPN - BR
Transacao;Data;Cliente;CNPJ Cliente;CNPJ Posto;Estabelecimento;Placa;Hodometro/Horimetro;Litragem;Servico;Combustivel;Valor Total;Preco Litro;Preco Negociado;Lote;Data vinculacao;NF-e;Serie;Chave NF-e;Observacao
23091225;30/06/2026 10:22;TRANSPORTES GRITSCH;90.739.624/0018-66;23.891.404/0001-18;POSTO CPN - BR;SEL0E76;257679;80,320;ABASTECIMENTO;Diesel S10;578,30;R$ 7,20;R$ 7,200;2846160;30/06/2026 10:25;127376;011;51260623891404000118550110001273761962634261;
23113929;30/06/2026 21:17;TRANSPORTES GRITSCH;90.739.624/0018-66;23.891.404/0001-18;POSTO CPN - BR;SFI4A20;178137;33,910;ABASTECIMENTO;Diesel S10;244,15;R$ 7,20;R$ 7,200;2846160;01/07/2026 17:10;6378;101;51260623891404000118551010000063781099347528;
23137962;01/07/2026 12:18;TRANSPORTES GRITSCH;90.739.624/0018-66;23.891.404/0001-18;POSTO CPN - BR;UBW4H01;10818;30,810;ABASTECIMENTO;Gasolina Comum;205,81;R$ 6,68;R$ 6,680;2846160;01/07/2026 17:32;6379;101;51260723891404000118551010000063791836108793;
23182003;02/07/2026 10:47;TRANSPORTES GRITSCH;90.739.624/0018-66;23.891.404/0001-18;POSTO CPN - BR;SEL0E76;258312;67,130;ABASTECIMENTO;Diesel S10;483,34;R$ 7,20;R$ 7,200;2846160;03/07/2026 17:56;127609;011;51260723891404000118550110001276091340004946;
23182029;02/07/2026 10:48;TRANSPORTES GRITSCH;90.739.624/0018-66;23.891.404/0001-18;POSTO CPN - BR;SEL0E76;258312;6,860;ABASTECIMENTO;Arla 32;30,12;R$ 4,39;R$ 4,390;2846160;03/07/2026 17:56;127610;011;51260723891404000118550110001276101336826997;
23207611;02/07/2026 23:54;TRANSPORTES GRITSCH;90.739.624/0018-66;23.891.404/0001-18;POSTO CPN - BR;SFI4A20;179396;36,870;ABASTECIMENTO;Diesel S10;265,46;R$ 7,20;R$ 7,200;2846160;03/07/2026 18:43;6406;101;51260723891404000118551010000064061040208076;
;;;;;;;;;;;TOTAL POSTO: 1807,18;;;;;;;;

2787 - AMAZONIA - 23
Transacao;Data;Cliente;CNPJ Cliente;CNPJ Posto;Estabelecimento;Placa;Hodometro/Horimetro;Litragem;Servico;Combustivel;Valor Total;Preco Litro;Preco Negociado;Lote;Data vinculacao;NF-e;Serie;Chave NF-e;Observacao
23091404;30/06/2026 10:26;TRANSPORTES GRITSCH;90.739.624/0018-66;09.001.879/0028-80;AMAZONIA - 23;UBX4G62;11547;47,030;ABASTECIMENTO;Diesel S10;318,39;R$ 6,77;-;2846160;06/07/2026 09:16;9742;002;51260609001879002880550020000097421004508491;
;;;;;;;;;;;TOTAL POSTO: 318,39;;;;;;;;

17344 - SIM REDE - XANGRILA 0211-89 - SC SUL
Transacao;Data;Cliente;CNPJ Cliente;CNPJ Posto;Estabelecimento;Placa;Hodometro/Horimetro;Litragem;Servico;Combustivel;Valor Total;Preco Litro;Preco Negociado;Lote;Data vinculacao;NF-e;Serie;Chave NF-e;Observacao
23092338;30/06/2026 10:53;TRANSPORTES GRITSCH;90.739.624/0023-23;07.473.735/0211-89;SIM REDE - XANGRILA 0211-89 - SC SUL;SEP6E19;98974;22,618;ABASTECIMENTO;Gasolina Comum;143,85;R$ 6,36;-;2846160;07/07/2026 13:46;7364;008;43260607473735021189550080000073641005598017;
;;;;;;;;;;;TOTAL POSTO: 143,85;;;;;;;;

25927 - BUFFON 114
Transacao;Data;Cliente;CNPJ Cliente;CNPJ Posto;Estabelecimento;Placa;Hodometro/Horimetro;Litragem;Servico;Combustivel;Valor Total;Preco Litro;Preco Negociado;Lote;Data vinculacao;NF-e;Serie;Chave NF-e;Observacao
23092507;30/06/2026 10:59;TRANSPORTES GRITSCH;90.739.624/0023-23;93.489.243/0114-01;BUFFON 114;SEI5B93;108236;35,910;ABASTECIMENTO;Gasolina Comum;236,65;R$ 6,59;-;2846160;30/06/2026 11:55;265;004;43260693489243011401550040000002651461101530;
23148333;01/07/2026 17:08;TRANSPORTES GRITSCH;90.739.624/0023-23;93.489.243/0114-01;BUFFON 114;TAP2C36;118469;52,720;ABASTECIMENTO;Diesel S10;325,28;R$ 6,17;R$ 6,170;2846160;01/07/2026 18:17;268;004;43260793489243011401550040000002681431701542;
;;;;;;;;;;;TOTAL POSTO: 561,93;;;;;;;;

1278 - SIM REDE - SANTA MARIA BR 392 0151-03 - CENTRO RS
Transacao;Data;Cliente;CNPJ Cliente;CNPJ Posto;Estabelecimento;Placa;Hodometro/Horimetro;Litragem;Servico;Combustivel;Valor Total;Preco Litro;Preco Negociado;Lote;Data vinculacao;NF-e;Serie;Chave NF-e;Observacao
23093208;30/06/2026 11:32;TRANSPORTES GRITSCH;90.739.624/0023-23;07.473.735/0151-03;SIM REDE - SANTA MARIA BR 392 0151-03 - CENTRO RS;UCB4H75;1254;96,080;ABASTECIMENTO;Diesel S10;583,20;R$ 6,07;R$ 6,170;2846160;07/07/2026 13:45;107073;008;43260607473735015103550080001070731021623402;
23094260;30/06/2026 12:20;TRANSPORTES GRITSCH;90.739.624/0023-23;07.473.735/0151-03;SIM REDE - SANTA MARIA BR 392 0151-03 - CENTRO RS;TAN9C60;87248;37,740;ABASTECIMENTO;Gasolina Comum;229,83;R$ 6,09;-;2846160;07/07/2026 13:45;107078;008;43260607473735015103550080001070781021623816;
23097667;30/06/2026 13:11;TRANSPORTES GRITSCH;90.739.624/0023-23;07.473.735/0151-03;SIM REDE - SANTA MARIA BR 392 0151-03 - CENTRO RS;UBR9B09;2070;56,540;ABASTECIMENTO;Diesel S10;343,19;R$ 6,07;R$ 6,170;2846160;07/07/2026 13:45;107082;008;43260607473735015103550080001070821021624190;
23128304;01/07/2026 07:40;TRANSPORTES GRITSCH;90.739.624/0023-23;07.473.735/0151-03;SIM REDE - SANTA MARIA BR 392 0151-03 - CENTRO RS;UBR9B22;1477;29,180;ABASTECIMENTO;Diesel S10;177,12;R$ 6,07;R$ 6,170;2846160;01/07/2026 07:41;107158;008;43260707473735015103550080001071581021631076;
23128318;01/07/2026 07:41;TRANSPORTES GRITSCH;90.739.624/0023-23;07.473.735/0151-03;SIM REDE - SANTA MARIA BR 392 0151-03 - CENTRO RS;UBR9B09;2655;42,870;ABASTECIMENTO;Diesel S10;260,22;R$ 6,07;R$ 6,170;2846160;01/07/2026 07:42;107159;008;43260707473735015103550080001071591021631090;
23153848;01/07/2026 18:58;TRANSPORTES GRITSCH;90.739.624/0023-23;07.473.735/0151-03;SIM REDE - SANTA MARIA BR 392 0151-03 - CENTRO RS;UBR9A97;1592;36,351;ABASTECIMENTO;Diesel S10;220,65;R$ 6,07;R$ 6,170;2846160;01/07/2026 18:58;107247;008;43260707473735015103550080001072471021637807;
23173744;02/07/2026 07:13;TRANSPORTES GRITSCH;90.739.624/0023-23;07.473.735/0151-03;SIM REDE - SANTA MARIA BR 392 0151-03 - CENTRO RS;UBR9B09;3021;28,230;ABASTECIMENTO;Diesel S10;171,35;R$ 6,07;R$ 6,170;2846160;02/07/2026 07:13;107277;008;43260707473735015103550080001072771021641056;
23173757;02/07/2026 07:15;TRANSPORTES GRITSCH;90.739.624/0023-23;07.473.735/0151-03;SIM REDE - SANTA MARIA BR 392 0151-03 - CENTRO RS;UBR9B22;1925;29,100;ABASTECIMENTO;Diesel S10;176,63;R$ 6,07;R$ 6,170;2846160;02/07/2026 07:16;107278;008;43260707473735015103550080001072781021641096;
23173771;02/07/2026 07:17;TRANSPORTES GRITSCH;90.739.624/0023-23;07.473.735/0151-03;SIM REDE - SANTA MARIA BR 392 0151-03 - CENTRO RS;UBR9B08;3047;23,700;ABASTECIMENTO;Diesel S10;143,85;R$ 6,07;R$ 6,170;2846160;02/07/2026 07:18;107279;008;43260707473735015103550080001072791021641140;
23189934;02/07/2026 14:27;TRANSPORTES GRITSCH;90.739.624/0023-23;07.473.735/0151-03;SIM REDE - SANTA MARIA BR 392 0151-03 - CENTRO RS;UBR9A97;1985;30,660;ABASTECIMENTO;Diesel S10;186,10;R$ 6,07;R$ 6,170;2846160;02/07/2026 14:27;107325;008;43260707473735015103550080001073251021644852;
23192711;02/07/2026 16:28;TRANSPORTES GRITSCH;90.739.624/0023-23;07.473.735/0151-03;SIM REDE - SANTA MARIA BR 392 0151-03 - CENTRO RS;UBR9B16;1407;25,041;ABASTECIMENTO;Diesel S10;151,99;R$ 6,07;R$ 6,170;2846160;02/07/2026 16:29;107336;008;43260707473735015103550080001073361021645992;
23199444;02/07/2026 18:56;TRANSPORTES GRITSCH;90.739.624/0023-23;07.473.735/0151-03;SIM REDE - SANTA MARIA BR 392 0151-03 - CENTRO RS;UBR9B08;1821;37,870;ABASTECIMENTO;Diesel S10;229,87;R$ 6,07;R$ 6,070;2846160;02/07/2026 18:57;107364;008;43260707473735015103550080001073641021647850;
23219623;03/07/2026 07:20;TRANSPORTES GRITSCH;90.739.624/0023-23;07.473.735/0151-03;SIM REDE - SANTA MARIA BR 392 0151-03 - CENTRO RS;UCB4H75;1851;89,610;ABASTECIMENTO;Diesel S10;543,93;R$ 6,07;R$ 6,070;2846160;03/07/2026 07:20;107399;008;43260707473735015103550080001073991021650929;
23219662;03/07/2026 07:24;TRANSPORTES GRITSCH;90.739.624/0023-23;07.473.735/0151-03;SIM REDE - SANTA MARIA BR 392 0151-03 - CENTRO RS;UBR9B27;1683;45,740;ABASTECIMENTO;Diesel S10;277,64;R$ 6,07;R$ 6,070;2846160;03/07/2026 07:25;107400;008;43260707473735015103550080001074001021650980;
23219947;03/07/2026 07:34;TRANSPORTES GRITSCH;90.739.624/0023-23;07.473.735/0151-03;SIM REDE - SANTA MARIA BR 392 0151-03 - CENTRO RS;UBR9B22;2323;30,900;ABASTECIMENTO;Diesel S10;187,56;R$ 6,07;R$ 6,070;2846160;03/07/2026 07:35;107402;008;43260707473735015103550080001074021021651159;
23229604;03/07/2026 12:31;TRANSPORTES GRITSCH;90.739.624/0023-23;07.473.735/0151-03;SIM REDE - SANTA MARIA BR 392 0151-03 - CENTRO RS;UCB4H75;2005;33,470;ABASTECIMENTO;Diesel S10;203,16;R$ 6,07;R$ 6,070;2846160;03/07/2026 12:32;107430;008;43260707473735015103550080001074301021653466;
23229638;03/07/2026 12:34;TRANSPORTES GRITSCH;90.739.624/0023-23;07.473.735/0151-03;SIM REDE - SANTA MARIA BR 392 0151-03 - CENTRO RS;UCB4H75;2005;20,570;ABASTECIMENTO;Arla 32;64,58;R$ 3,14;R$ 3,140;2846160;03/07/2026 12:35;107431;008;43260707473735015103550080001074311021653498;
23235976;03/07/2026 15:04;TRANSPORTES GRITSCH;90.739.624/0023-23;07.473.735/0151-03;SIM REDE - SANTA MARIA BR 392 0151-03 - CENTRO RS;UBR9B09;3705;26,820;ABASTECIMENTO;Diesel S10;162,79;R$ 6,07;R$ 6,070;2846160;03/07/2026 15:04;107451;008;43260707473735015103550080001074511021654993;
23245298;03/07/2026 19:23;TRANSPORTES GRITSCH;90.739.624/0023-23;07.473.735/0151-03;SIM REDE - SANTA MARIA BR 392 0151-03 - CENTRO RS;SFI6G50;57075;20,330;ABASTECIMENTO;Gasolina Comum;121,77;R$ 5,99;-;2846160;03/07/2026 19:24;107485;008;43260707473735015103550080001074851021657869;
;;;;;;;;;;;TOTAL POSTO: 4435,43;;;;;;;;

13363 - REDE DE POSTOS TOCA DA ONCA - XAMBIOA
Transacao;Data;Cliente;CNPJ Cliente;CNPJ Posto;Estabelecimento;Placa;Hodometro/Horimetro;Litragem;Servico;Combustivel;Valor Total;Preco Litro;Preco Negociado;Lote;Data vinculacao;NF-e;Serie;Chave NF-e;Observacao
23093451;30/06/2026 11:43;TRANSPORTES GRITSCH;90.739.624/0001-18;22.206.336/0001-48;REDE DE POSTOS TOCA DA ONCA - XAMBIOA;SDR8E58;144721;50,080;ABASTECIMENTO;Gasolina Comum;360,08;R$ 7,19;R$ 7,190;2846160;30/06/2026 11:50;4005;004;17260622206336000148550040000040051883530390;
;;;;;;;;;;;TOTAL POSTO: 360,08;;;;;;;;

17650 - AUTO POSTO BRASILIA 2
Transacao;Data;Cliente;CNPJ Cliente;CNPJ Posto;Estabelecimento;Placa;Hodometro/Horimetro;Litragem;Servico;Combustivel;Valor Total;Preco Litro;Preco Negociado;Lote;Data vinculacao;NF-e;Serie;Chave NF-e;Observacao
23093736;30/06/2026 11:52;TRANSPORTES GRITSCH;90.739.624/0019-47;02.162.964/0001-61;AUTO POSTO BRASILIA 2;RHV8B69;344666;29,000;ABASTECIMENTO;Gasolina Comum;196,91;R$ 6,79;R$ 6,790;2846160;01/07/2026 08:48;66734;002;52260602162964000161550020000667341091073452;
23183945;02/07/2026 12:11;TRANSPORTES GRITSCH;90.739.624/0019-47;02.162.964/0001-61;AUTO POSTO BRASILIA 2;UBW4G97;3221;28,451;ABASTECIMENTO;Gasolina Comum;193,18;R$ 6,79;R$ 6,790;2846160;03/07/2026 10:40;66834;002;52260702162964000161550020000668341114973801;
;;;;;;;;;;;TOTAL POSTO: 390,09;;;;;;;;

836 - POSTO TIGRAO - CONFRESA - GRUPO TIGRAO
Transacao;Data;Cliente;CNPJ Cliente;CNPJ Posto;Estabelecimento;Placa;Hodometro/Horimetro;Litragem;Servico;Combustivel;Valor Total;Preco Litro;Preco Negociado;Lote;Data vinculacao;NF-e;Serie;Chave NF-e;Observacao
23093782;30/06/2026 11:55;TRANSPORTES GRITSCH;90.739.624/0018-66;03.623.054/0002-82;POSTO TIGRAO - CONFRESA - GRUPO TIGRAO;UAV5J69;63580;48,320;ABASTECIMENTO;Gasolina Comum;374,96;R$ 7,76;R$ 7,760;2846160;20/07/2026 07:57;3380649, 3380649;001, 001;51260703623054000282550010033806491013313550, 51260703623054000282550010033806491013313550;
23191091;02/07/2026 15:18;TRANSPORTES GRITSCH;90.739.624/0018-66;03.623.054/0002-82;POSTO TIGRAO - CONFRESA - GRUPO TIGRAO;UAV5J69;64538;40,479;ABASTECIMENTO;Gasolina Comum;314,12;R$ 7,76;R$ 7,760;2846160;06/07/2026 13:50;3378981;001;51260703623054000282550010033789811013236586;
23237817;03/07/2026 16:23;TRANSPORTES GRITSCH;90.739.624/0018-66;03.623.054/0002-82;POSTO TIGRAO - CONFRESA - GRUPO TIGRAO;UAV5J69;65021;46,520;ABASTECIMENTO;Gasolina Comum;361,00;R$ 7,76;R$ 7,760;2846160;06/07/2026 13:50;3379104;001;51260703623054000282550010033791041013242286;
;;;;;;;;;;;TOTAL POSTO: 1050,08;;;;;;;;

13251 - AUTO POSTO SERRA DOS PIRINEUS
Transacao;Data;Cliente;CNPJ Cliente;CNPJ Posto;Estabelecimento;Placa;Hodometro/Horimetro;Litragem;Servico;Combustivel;Valor Total;Preco Litro;Preco Negociado;Lote;Data vinculacao;NF-e;Serie;Chave NF-e;Observacao
23093901;30/06/2026 12:05;TRANSPORTES GRITSCH;90.739.624/0019-47;04.283.686/0001-26;AUTO POSTO SERRA DOS PIRINEUS;SDR9E15;97020;20,430;ABASTECIMENTO;Gasolina Comum;136,68;R$ 6,69;R$ 6,690;2846160;06/07/2026 09:25;46092;001;52260704283686000126550010000460921198920690;
23189859;02/07/2026 14:22;TRANSPORTES GRITSCH;90.739.624/0019-47;04.283.686/0001-26;AUTO POSTO SERRA DOS PIRINEUS;SDR9E15;98400;23,050;ABASTECIMENTO;Gasolina Comum;154,20;R$ 6,69;R$ 6,690;2846160;06/07/2026 09:27;46093;001;52260704283686000126550010000460931350797938;
;;;;;;;;;;;TOTAL POSTO: 290,88;;;;;;;;

8919 - SIM REDE DE POSTOS – IGREJINHA - 0212-60 - METROPOLITANA / SERRA
Transacao;Data;Cliente;CNPJ Cliente;CNPJ Posto;Estabelecimento;Placa;Hodometro/Horimetro;Litragem;Servico;Combustivel;Valor Total;Preco Litro;Preco Negociado;Lote;Data vinculacao;NF-e;Serie;Chave NF-e;Observacao
23095156;30/06/2026 12:46;TRANSPORTES GRITSCH;90.739.624/0023-23;07.473.735/0212-60;SIM REDE DE POSTOS – IGREJINHA - 0212-60 - METROPOLITANA / SERRA;UBH2J71;26120;82,460;ABASTECIMENTO;Diesel S10;500,53;R$ 6,07;R$ 6,170;2846160;07/07/2026 13:46;21616;008;43260607473735021260550080000216161009981390;
23229619;03/07/2026 12:33;TRANSPORTES GRITSCH;90.739.624/0023-23;07.473.735/0212-60;SIM REDE DE POSTOS – IGREJINHA - 0212-60 - METROPOLITANA / SERRA;UBH2J71;26971;93,630;ABASTECIMENTO;Diesel S10;568,33;R$ 6,07;R$ 6,070;2846160;03/07/2026 12:33;21824;008;43260707473735021260550080000218241010003140;
;;;;;;;;;;;TOTAL POSTO: 1068,86;;;;;;;;

24131 - POSTO VIADUTO PASSA VINTE 0005-20 - REDE GALO
Transacao;Data;Cliente;CNPJ Cliente;CNPJ Posto;Estabelecimento;Placa;Hodometro/Horimetro;Litragem;Servico;Combustivel;Valor Total;Preco Litro;Preco Negociado;Lote;Data vinculacao;NF-e;Serie;Chave NF-e;Observacao
23095185;30/06/2026 12:48;TRANSPORTES GRITSCH;90.739.624/0014-32;04.308.884/0005-20;POSTO VIADUTO PASSA VINTE 0005-20 - REDE GALO;SFF3C30;336750;360,242;ABASTECIMENTO;Diesel S10;2518,09;R$ 6,99;R$ 7,590;2846160;01/07/2026 12:25;33792;002;42260604308884000520550020000337921002522779;
23095433;30/06/2026 12:52;TRANSPORTES GRITSCH;90.739.624/0014-32;04.308.884/0005-20;POSTO VIADUTO PASSA VINTE 0005-20 - REDE GALO;SFF3C30;336750;37,755;ABASTECIMENTO;Arla 32;124,21;R$ 3,29;R$ 3,290;2846160;01/07/2026 12:25;33793;002;42260604308884000520550020000337931002522814;
23181469;02/07/2026 10:21;TRANSPORTES GRITSCH;90.739.624/0014-32;04.308.884/0005-20;POSTO VIADUTO PASSA VINTE 0005-20 - REDE GALO;SEU3H09;21930;85,296;ABASTECIMENTO;Diesel S10 Aditivado;596,22;R$ 6,99;R$ 6,990;2846160;03/07/2026 12:45;33887;002;42260704308884000520550020000338871002540652;
23187865;02/07/2026 13:09;TRANSPORTES GRITSCH;90.739.624/0014-32;04.308.884/0005-20;POSTO VIADUTO PASSA VINTE 0005-20 - REDE GALO;TAS4H04;72459;47,059;ABASTECIMENTO;Diesel Aditivado;328,94;R$ 6,99;-;2846160;03/07/2026 12:45;33892;002;42260704308884000520550020000338921002541918;
23221087;03/07/2026 08:32;TRANSPORTES GRITSCH;90.739.624/0014-32;04.308.884/0005-20;POSTO VIADUTO PASSA VINTE 0005-20 - REDE GALO;SFF3C30;337968;368,225;ABASTECIMENTO;Diesel S10;2573,89;R$ 6,99;R$ 7,590;2846160;06/07/2026 12:40;33927;002;42260704308884000520550020000339271002549045;
23221227;03/07/2026 08:36;TRANSPORTES GRITSCH;90.739.624/0014-32;04.308.884/0005-20;POSTO VIADUTO PASSA VINTE 0005-20 - REDE GALO;SFF3C30;337968;14,904;ABASTECIMENTO;Arla 32;49,03;R$ 3,29;R$ 3,290;2846160;06/07/2026 12:40;33929;002;42260704308884000520550020000339291002549090;
;;;;;;;;;;;TOTAL POSTO: 6190,38;;;;;;;;

1267 - SIM REDE - BAGE UNIPAMPA 0146-46 - FRONTEIRA
Transacao;Data;Cliente;CNPJ Cliente;CNPJ Posto;Estabelecimento;Placa;Hodometro/Horimetro;Litragem;Servico;Combustivel;Valor Total;Preco Litro;Preco Negociado;Lote;Data vinculacao;NF-e;Serie;Chave NF-e;Observacao
23096978;30/06/2026 13:02;TRANSPORTES GRITSCH;90.739.624/0023-23;07.473.735/0146-46;SIM REDE - BAGE UNIPAMPA 0146-46 - FRONTEIRA;UBK4B56;9252;18,220;ABASTECIMENTO;Diesel S10;110,59;R$ 6,07;R$ 6,170;2846160;07/07/2026 13:45;74757;008;43260607473735014646550080000747571023348974;
23175136;02/07/2026 08:19;TRANSPORTES GRITSCH;90.739.624/0023-23;07.473.735/0146-46;SIM REDE - BAGE UNIPAMPA 0146-46 - FRONTEIRA;TAV9E95;134390;177,050;ABASTECIMENTO;Diesel S10;1074,69;R$ 6,07;R$ 6,170;2846160;02/07/2026 08:19;74853;008;43260707473735014646550080000748531023361164;
23188541;02/07/2026 13:23;TRANSPORTES GRITSCH;90.739.624/0023-23;07.473.735/0146-46;SIM REDE - BAGE UNIPAMPA 0146-46 - FRONTEIRA;UBK4B56;9494;31,450;ABASTECIMENTO;Diesel S10;190,90;R$ 6,07;R$ 6,170;2846160;02/07/2026 13:24;74869;008;43260707473735014646550080000748691023363060;
;;;;;;;;;;;TOTAL POSTO: 1376,18;;;;;;;;

7466 - AUTO POSTO TRACAJA | LBF
Transacao;Data;Cliente;CNPJ Cliente;CNPJ Posto;Estabelecimento;Placa;Hodometro/Horimetro;Litragem;Servico;Combustivel;Valor Total;Preco Litro;Preco Negociado;Lote;Data vinculacao;NF-e;Serie;Chave NF-e;Observacao
23097339;30/06/2026 13:04;TRANSPORTES GRITSCH;90.739.624/0019-47;27.098.262/0001-97;AUTO POSTO TRACAJA | LBF;SEC1E87;243401;8,156;ABASTECIMENTO;Gasolina Comum;56,19;R$ 6,89;R$ 6,890;2846160;30/06/2026 14:43;73442;001;52260627098262000197550010000734421334989991;
;;;;;;;;;;;TOTAL POSTO: 56,19;;;;;;;;

22346 - REDE DE POSTOS TOCA DA ONCA - ARAGUAINA RODOVIA
Transacao;Data;Cliente;CNPJ Cliente;CNPJ Posto;Estabelecimento;Placa;Hodometro/Horimetro;Litragem;Servico;Combustivel;Valor Total;Preco Litro;Preco Negociado;Lote;Data vinculacao;NF-e;Serie;Chave NF-e;Observacao
23098981;30/06/2026 13:37;TRANSPORTES GRITSCH;90.739.624/0001-18;02.772.168/0001-40;REDE DE POSTOS TOCA DA ONCA - ARAGUAINA RODOVIA;TAR2F19;82458;37,790;ABASTECIMENTO;Gasolina Comum;264,15;R$ 6,99;-;2846160;30/06/2026 13:40;17257;003;17260602772168000140550030000172571434601475;
;;;;;;;;;;;TOTAL POSTO: 264,15;;;;;;;;

4615 - POSTO URSAO - REDE URSAO
Transacao;Data;Cliente;CNPJ Cliente;CNPJ Posto;Estabelecimento;Placa;Hodometro/Horimetro;Litragem;Servico;Combustivel;Valor Total;Preco Litro;Preco Negociado;Lote;Data vinculacao;NF-e;Serie;Chave NF-e;Observacao
23099471;30/06/2026 13:57;TRANSPORTES GRITSCH;90.739.624/0018-66;11.806.721/0001-00;POSTO URSAO - REDE URSAO;BEB7C70;170760;24,290;ABASTECIMENTO;Gasolina Comum;156,67;R$ 6,45;R$ 6,450;2846160;01/07/2026 17:06;230931;001;51260611806721000100550010002309311001948704;
23188486;02/07/2026 13:22;TRANSPORTES GRITSCH;90.739.624/0018-66;11.806.721/0001-00;POSTO URSAO - REDE URSAO;SDR4D99;83041;26,040;ABASTECIMENTO;Gasolina Comum;167,96;R$ 6,45;R$ 6,450;2846160;07/07/2026 14:45;231094;001;51260711806721000100550010002310941001955238;
;;;;;;;;;;;TOTAL POSTO: 324,63;;;;;;;;

24118 - POSTO GALO - SERTAO DO MARUIM 0015-80 - REDE GALO
Transacao;Data;Cliente;CNPJ Cliente;CNPJ Posto;Estabelecimento;Placa;Hodometro/Horimetro;Litragem;Servico;Combustivel;Valor Total;Preco Litro;Preco Negociado;Lote;Data vinculacao;NF-e;Serie;Chave NF-e;Observacao
23099497;30/06/2026 14:00;TRANSPORTES GRITSCH;90.739.624/0014-32;81.326.258/0015-80;POSTO GALO - SERTAO DO MARUIM 0015-80 - REDE GALO;SEL1F40;32301;69,218;ABASTECIMENTO;Diesel S10;483,83;R$ 6,99;R$ 7,590;2846160;01/07/2026 12:35;49725;001;42260681326258001580550010000497251001926737;
23103830;30/06/2026 16:52;TRANSPORTES GRITSCH;90.739.624/0014-32;81.326.258/0015-80;POSTO GALO - SERTAO DO MARUIM 0015-80 - REDE GALO;SFM3H52;61644;23,728;ABASTECIMENTO;Diesel S10;165,85;R$ 6,99;R$ 7,590;2846160;01/07/2026 12:35;49735;001;42260681326258001580550010000497351001927845;
23103882;30/06/2026 16:54;TRANSPORTES GRITSCH;90.739.624/0014-32;81.326.258/0015-80;POSTO GALO - SERTAO DO MARUIM 0015-80 - REDE GALO;BEX8E26;230784;37,510;ABASTECIMENTO;Diesel S10;262,19;R$ 6,99;R$ 7,590;2846160;01/07/2026 12:35;49736;001;42260681326258001580550010000497361001927869;
23142794;01/07/2026 13:40;TRANSPORTES GRITSCH;90.739.624/0014-32;81.326.258/0015-80;POSTO GALO - SERTAO DO MARUIM 0015-80 - REDE GALO;SFI7I21;96687;31,641;ABASTECIMENTO;Gasolina Comum;204,71;R$ 6,47;R$ 6,470;2846160;02/07/2026 14:34;49789;001;42260781326258001580550010000497891001934358;
23152549;01/07/2026 17:59;TRANSPORTES GRITSCH;90.739.624/0014-32;81.326.258/0015-80;POSTO GALO - SERTAO DO MARUIM 0015-80 - REDE GALO;BEX8E26;230985;21,875;ABASTECIMENTO;Diesel S10;152,90;R$ 6,99;R$ 7,590;2846160;02/07/2026 14:34;49810;001;42260781326258001580550010000498101001936070;
23191627;02/07/2026 15:40;TRANSPORTES GRITSCH;90.739.624/0014-32;81.326.258/0015-80;POSTO GALO - SERTAO DO MARUIM 0015-80 - REDE GALO;SEP6E15;155095;21,796;ABASTECIMENTO;Gasolina Comum;141,02;R$ 6,47;R$ 6,470;2846160;03/07/2026 13:01;49866;001;42260781326258001580550010000498661001942963;
23236541;03/07/2026 15:28;TRANSPORTES GRITSCH;90.739.624/0014-32;81.326.258/0015-80;POSTO GALO - SERTAO DO MARUIM 0015-80 - REDE GALO;SEL1F40;32390;45,313;ABASTECIMENTO;Diesel S10;316,73;R$ 6,99;R$ 7,590;2846160;06/07/2026 12:50;49930;001;42260781326258001580550010000499301001950934;
23236702;03/07/2026 15:34;TRANSPORTES GRITSCH;90.739.624/0014-32;81.326.258/0015-80;POSTO GALO - SERTAO DO MARUIM 0015-80 - REDE GALO;SEL1F40;32390;18,591;ABASTECIMENTO;Arla 32;61,16;R$ 3,29;R$ 3,290;2846160;06/07/2026 12:50;49932;001;42260781326258001580550010000499321001951013;
;;;;;;;;;;;TOTAL POSTO: 1788,39;;;;;;;;

17897 - POSTO IGUACU - CACERES
Transacao;Data;Cliente;CNPJ Cliente;CNPJ Posto;Estabelecimento;Placa;Hodometro/Horimetro;Litragem;Servico;Combustivel;Valor Total;Preco Litro;Preco Negociado;Lote;Data vinculacao;NF-e;Serie;Chave NF-e;Observacao
23099882;30/06/2026 14:19;TRANSPORTES GRITSCH;90.739.624/0018-66;54.494.203/0001-00;POSTO IGUACU - CACERES;RHZ7G21;211176;38,790;ABASTECIMENTO;Alcool Comum;156,71;R$ 4,04;R$ 4,040;2846160;06/07/2026 13:17;15066;000;51260754494203000100550000000150661002959348;
23101815;30/06/2026 15:42;TRANSPORTES GRITSCH;90.739.624/0018-66;54.494.203/0001-00;POSTO IGUACU - CACERES;SEC5E64;169651;48,180;ABASTECIMENTO;Alcool Comum;185,97;R$ 3,86;R$ 4,040;2846160;06/07/2026 13:17;15063;000;51260754494203000100550000000150631002959281;
23156358;01/07/2026 20:46;TRANSPORTES GRITSCH;90.739.624/0018-66;54.494.203/0001-00;POSTO IGUACU - CACERES;SEC5E64;170325;31,290;ABASTECIMENTO;Alcool Comum;126,41;R$ 4,04;R$ 4,040;2846160;06/07/2026 13:17;15061;000;51260754494203000100550000000150611002959260;
23223437;03/07/2026 09:42;TRANSPORTES GRITSCH;90.739.624/0018-66;54.494.203/0001-00;POSTO IGUACU - CACERES;RHZ7G21;211663;30,360;ABASTECIMENTO;Alcool Comum;122,65;R$ 4,04;R$ 4,040;2846160;06/07/2026 13:17;15059;000;51260754494203000100550000000150591002959246;
23235738;03/07/2026 14:50;TRANSPORTES GRITSCH;90.739.624/0018-66;54.494.203/0001-00;POSTO IGUACU - CACERES;SEC5E64;171230;30,960;ABASTECIMENTO;Alcool Comum;125,08;R$ 4,04;R$ 4,040;2846160;06/07/2026 13:17;15060;000;51260754494203000100550000000150601002959255;
;;;;;;;;;;;TOTAL POSTO: 716,82;;;;;;;;

25353 - REDE MARAJO BOM JARDIM DE GOIAS
Transacao;Data;Cliente;CNPJ Cliente;CNPJ Posto;Estabelecimento;Placa;Hodometro/Horimetro;Litragem;Servico;Combustivel;Valor Total;Preco Litro;Preco Negociado;Lote;Data vinculacao;NF-e;Serie;Chave NF-e;Observacao
23100211;30/06/2026 14:33;TRANSPORTES GRITSCH;90.739.624/0019-47;58.446.194/0001-33;REDE MARAJO BOM JARDIM DE GOIAS;SFI4A20;177805;29,606;ABASTECIMENTO;Diesel S10;192,14;R$ 6,49;R$ 8,090;2846160;30/06/2026 22:02;47504;054;52260658446194000133550540000475041479370906;
23190247;02/07/2026 14:41;TRANSPORTES GRITSCH;90.739.624/0019-47;58.446.194/0001-33;REDE MARAJO BOM JARDIM DE GOIAS;SFI4A20;179066;28,809;ABASTECIMENTO;Diesel S10;182,94;R$ 6,35;R$ 8,090;2846160;02/07/2026 22:02;47823;054;52260758446194000133550540000478231964309097;
;;;;;;;;;;;TOTAL POSTO: 375,08;;;;;;;;

26275 - AUTO POSTO NOVO CEU
Transacao;Data;Cliente;CNPJ Cliente;CNPJ Posto;Estabelecimento;Placa;Hodometro/Horimetro;Litragem;Servico;Combustivel;Valor Total;Preco Litro;Preco Negociado;Lote;Data vinculacao;NF-e;Serie;Chave NF-e;Observacao
23100264;30/06/2026 14:34;TRANSPORTES GRITSCH;90.739.624/0018-66;26.602.128/0001-19;AUTO POSTO NOVO CEU;SFN1H25;130284;38,005;ABASTECIMENTO;Alcool Comum;151,26;R$ 3,98;R$ 3,980;2846160;30/06/2026 14:40;134819;001;51260626602128000119550010001348191001747300;
23191004;02/07/2026 15:17;TRANSPORTES GRITSCH;90.739.624/0018-66;26.602.128/0001-19;AUTO POSTO NOVO CEU;SFN1H25;131223;36,004;ABASTECIMENTO;Alcool Comum;143,30;R$ 3,98;R$ 3,980;2846160;02/07/2026 15:25;134909;001;51260726602128000119550010001349091001748806;
;;;;;;;;;;;TOTAL POSTO: 294,56;;;;;;;;

1208 - SIM REDE - FARROUPILHA FARRAPOS 0070-03 - METROPOLITANA / SERRA
Transacao;Data;Cliente;CNPJ Cliente;CNPJ Posto;Estabelecimento;Placa;Hodometro/Horimetro;Litragem;Servico;Combustivel;Valor Total;Preco Litro;Preco Negociado;Lote;Data vinculacao;NF-e;Serie;Chave NF-e;Observacao
23100970;30/06/2026 15:10;TRANSPORTES GRITSCH;90.739.624/0023-23;07.473.735/0070-03;SIM REDE - FARROUPILHA FARRAPOS 0070-03 - METROPOLITANA / SERRA;UBM2B99;17337;55,300;ABASTECIMENTO;Diesel S10;335,67;R$ 6,07;R$ 6,170;2846160;30/06/2026 15:11;25018;008;43260607473735007003550080000250181026220091;
;;;;;;;;;;;TOTAL POSTO: 335,67;;;;;;;;

1191 - SIM REDE - CAXIAS FESTA DA UVA 0015-87 - METROPOLITANA / SERRA
Transacao;Data;Cliente;CNPJ Cliente;CNPJ Posto;Estabelecimento;Placa;Hodometro/Horimetro;Litragem;Servico;Combustivel;Valor Total;Preco Litro;Preco Negociado;Lote;Data vinculacao;NF-e;Serie;Chave NF-e;Observacao
23102406;30/06/2026 16:07;TRANSPORTES GRITSCH;90.739.624/0023-23;07.473.735/0015-87;SIM REDE - CAXIAS FESTA DA UVA 0015-87 - METROPOLITANA / SERRA;UBM2C02;16446;53,458;ABASTECIMENTO;Diesel S10;324,49;R$ 6,07;R$ 6,170;2846160;07/07/2026 13:43;8101;008;43260607473735001587550080000081011016016691;
23142749;01/07/2026 13:36;TRANSPORTES GRITSCH;90.739.624/0023-23;07.473.735/0015-87;SIM REDE - CAXIAS FESTA DA UVA 0015-87 - METROPOLITANA / SERRA;SDU9F54;191165;14,072;ABASTECIMENTO;Gasolina Comum;85,69;R$ 6,09;-;2846160;07/07/2026 13:46;8118;008;43260707473735001587550080000081181016020983;
23175861;02/07/2026 08:44;TRANSPORTES GRITSCH;90.739.624/0023-23;07.473.735/0015-87;SIM REDE - CAXIAS FESTA DA UVA 0015-87 - METROPOLITANA / SERRA;TAS4H02;72545;47,853;ABASTECIMENTO;Diesel S10;290,46;R$ 6,07;R$ 6,170;2846160;22/07/2026 11:06;8137;008;43260707473735001587550080000081371016024526;
23240162;03/07/2026 17:16;TRANSPORTES GRITSCH;90.739.624/0023-23;07.473.735/0015-87;SIM REDE - CAXIAS FESTA DA UVA 0015-87 - METROPOLITANA / SERRA;UBM2C03;13890;34,703;ABASTECIMENTO;Diesel S10;210,64;R$ 6,07;R$ 6,070;2846160;22/07/2026 11:01;8178;008;43260707473735001587550080000081781016032025;
;;;;;;;;;;;TOTAL POSTO: 911,28;;;;;;;;

13124 - AUTO POSTO PASQUALOTTO | JURUENA
Transacao;Data;Cliente;CNPJ Cliente;CNPJ Posto;Estabelecimento;Placa;Hodometro/Horimetro;Litragem;Servico;Combustivel;Valor Total;Preco Litro;Preco Negociado;Lote;Data vinculacao;NF-e;Serie;Chave NF-e;Observacao
23102875;30/06/2026 16:26;TRANSPORTES GRITSCH;90.739.624/0018-66;08.512.459/0006-90;AUTO POSTO PASQUALOTTO | JURUENA;TAJ6B89;149931;37,070;ABASTECIMENTO;Alcool Comum;171,26;R$ 4,62;R$ 4,620;2846160;01/07/2026 16:52;9202;013;51260608512459000690550130000092021105969809;
23191219;02/07/2026 15:24;TRANSPORTES GRITSCH;90.739.624/0018-66;08.512.459/0006-90;AUTO POSTO PASQUALOTTO | JURUENA;TAI4I92;76981;39,800;ABASTECIMENTO;Alcool Comum;183,88;R$ 4,62;R$ 4,620;2846160;03/07/2026 10:29;9315;013;51260708512459000690550130000093151596849270;
;;;;;;;;;;;TOTAL POSTO: 355,14;;;;;;;;

2402 - AUTO POSTO CHEGADAO
Transacao;Data;Cliente;CNPJ Cliente;CNPJ Posto;Estabelecimento;Placa;Hodometro/Horimetro;Litragem;Servico;Combustivel;Valor Total;Preco Litro;Preco Negociado;Lote;Data vinculacao;NF-e;Serie;Chave NF-e;Observacao
23103473;30/06/2026 16:43;TRANSPORTES GRITSCH;09.576.274/0001-06;03.680.814/0001-02;AUTO POSTO CHEGADAO;SFM3H54;85981;29,170;ABASTECIMENTO;Diesel S10;230,15;R$ 7,89;R$ 7,890;2846160;03/07/2026 12:46;12673;010;41260603680814000102550100000126731540092872;
23191639;02/07/2026 15:41;TRANSPORTES GRITSCH;09.576.274/0001-06;03.680.814/0001-02;AUTO POSTO CHEGADAO;SFM3H54;86804;46,850;ABASTECIMENTO;Diesel S10;369,64;R$ 7,89;R$ 7,890;2846160;03/07/2026 12:46;9169;008;41260703680814000102550080000091691594663115;
;;;;;;;;;;;TOTAL POSTO: 599,79;;;;;;;;

597 - POSTO DUME - XAVANTINA
Transacao;Data;Cliente;CNPJ Cliente;CNPJ Posto;Estabelecimento;Placa;Hodometro/Horimetro;Litragem;Servico;Combustivel;Valor Total;Preco Litro;Preco Negociado;Lote;Data vinculacao;NF-e;Serie;Chave NF-e;Observacao
23106805;30/06/2026 18:10;TRANSPORTES GRITSCH;90.739.624/0018-66;19.770.285/0001-78;POSTO DUME - XAVANTINA;SEH4I02;342462;64,690;ABASTECIMENTO;Diesel S10;469,00;R$ 7,25;-;2846160;08/07/2026 15:40;152439;001;51260719770285000178550010001524391934959109;
23219957;03/07/2026 07:35;TRANSPORTES GRITSCH;90.739.624/0018-66;19.770.285/0001-78;POSTO DUME - XAVANTINA;SEH4I02;343401;64,425;ABASTECIMENTO;Diesel S10;467,08;R$ 7,25;-;2846160;10/07/2026 08:43;152130;001;51260719770285000178550010001521301881867238;
;;;;;;;;;;;TOTAL POSTO: 936,08;;;;;;;;

3122 - POSTO ZANDONA 5
Transacao;Data;Cliente;CNPJ Cliente;CNPJ Posto;Estabelecimento;Placa;Hodometro/Horimetro;Litragem;Servico;Combustivel;Valor Total;Preco Litro;Preco Negociado;Lote;Data vinculacao;NF-e;Serie;Chave NF-e;Observacao
23107275;30/06/2026 18:28;TRANSPORTES GRITSCH;90.739.624/0014-32;03.157.705/0001-05;POSTO ZANDONA 5;SEP6E20;57579;20,920;ABASTECIMENTO;Gasolina Comum;129,49;R$ 6,19;R$ 6,690;2846160;01/07/2026 09:48;182162;003;42260603157705000105550030001821621301828114;
;;;;;;;;;;;TOTAL POSTO: 129,49;;;;;;;;

924 - AUTO POSTO PRA FRENTE BRASIL 1 - CASCAVEL
Transacao;Data;Cliente;CNPJ Cliente;CNPJ Posto;Estabelecimento;Placa;Hodometro/Horimetro;Litragem;Servico;Combustivel;Valor Total;Preco Litro;Preco Negociado;Lote;Data vinculacao;NF-e;Serie;Chave NF-e;Observacao
23107362;30/06/2026 18:33;TRANSPORTES GRITSCH;90.739.624/0031-33;04.868.412/0001-07;AUTO POSTO PRA FRENTE BRASIL 1 - CASCAVEL;TAZ4A48;114103;52,281;ABASTECIMENTO;Diesel S10;354,98;R$ 6,79;R$ 7,290;2846160;07/07/2026 15:29;10488;315;41260704868412000107553150000104881750857978;
23221710;03/07/2026 08:55;TRANSPORTES GRITSCH;90.739.624/0031-33;04.868.412/0001-07;AUTO POSTO PRA FRENTE BRASIL 1 - CASCAVEL;SES0D47;144693;53,170;ABASTECIMENTO;Diesel S10;361,02;R$ 6,79;R$ 7,290;2846160;10/07/2026 09:42;10507;315;41260704868412000107553150000105074417569272;
;;;;;;;;;;;TOTAL POSTO: 716,00;;;;;;;;

2612 - AUTO POSTO AMARANTE
Transacao;Data;Cliente;CNPJ Cliente;CNPJ Posto;Estabelecimento;Placa;Hodometro/Horimetro;Litragem;Servico;Combustivel;Valor Total;Preco Litro;Preco Negociado;Lote;Data vinculacao;NF-e;Serie;Chave NF-e;Observacao
23107468;30/06/2026 18:35;TRANSPORTES GRITSCH;09.576.274/0001-06;05.291.412/0001-41;AUTO POSTO AMARANTE;UBR9B24;20672;62,166;ABASTECIMENTO;Diesel S10;434,54;R$ 6,99;R$ 7,290;2846160;07/08/2026 09:23;20468;002;41260705291412000141550020000204681017853300;
23198234;02/07/2026 18:02;TRANSPORTES GRITSCH;09.576.274/0001-06;05.291.412/0001-41;AUTO POSTO AMARANTE;UBR9B24;21609;48,883;ABASTECIMENTO;Diesel S10;341,69;R$ 6,99;R$ 7,290;2846160;07/07/2026 09:10;19918;009;41260705291412000141550090000199181017821561;
23198265;02/07/2026 18:04;TRANSPORTES GRITSCH;09.576.274/0001-06;05.291.412/0001-41;AUTO POSTO AMARANTE;UBR9B24;21609;16,889;ABASTECIMENTO;Arla 32;60,63;R$ 3,59;-;2846160;07/07/2026 09:09;19919;009;41260705291412000141550090000199191017821577;
;;;;;;;;;;;TOTAL POSTO: 836,86;;;;;;;;

711 - BUFFON 05
Transacao;Data;Cliente;CNPJ Cliente;CNPJ Posto;Estabelecimento;Placa;Hodometro/Horimetro;Litragem;Servico;Combustivel;Valor Total;Preco Litro;Preco Negociado;Lote;Data vinculacao;NF-e;Serie;Chave NF-e;Observacao
23107566;30/06/2026 18:41;TRANSPORTES GRITSCH;90.739.624/0023-23;93.489.243/0005-40;BUFFON 05;SEI5B93;108651;37,945;ABASTECIMENTO;Gasolina Comum;238,64;R$ 6,29;-;2846160;30/06/2026 20:09;4378;004;43260693489243000540550040000043781291901440;
;;;;;;;;;;;TOTAL POSTO: 238,64;;;;;;;;

2431 - POSTO CUPIMZAO - LONDRINA REDE CUPIMZAO
Transacao;Data;Cliente;CNPJ Cliente;CNPJ Posto;Estabelecimento;Placa;Hodometro/Horimetro;Litragem;Servico;Combustivel;Valor Total;Preco Litro;Preco Negociado;Lote;Data vinculacao;NF-e;Serie;Chave NF-e;Observacao
23107764;30/06/2026 18:49;TRANSPORTES GRITSCH;09.576.274/0001-06;10.545.516/0001-75;POSTO CUPIMZAO - LONDRINA REDE CUPIMZAO;SDR9D23;94059;49,390;ABASTECIMENTO;Gasolina Comum;340,30;R$ 6,89;R$ 6,990;2846160;30/06/2026 18:55;22696;003;41260610545516000175550030000226961872486618;
23154748;01/07/2026 19:44;TRANSPORTES GRITSCH;09.576.274/0001-06;10.545.516/0001-75;POSTO CUPIMZAO - LONDRINA REDE CUPIMZAO;SFI5F67;62575;43,440;ABASTECIMENTO;Diesel S10;329,71;R$ 7,59;R$ 7,590;2846160;01/07/2026 19:55;22739;003;41260710545516000175550030000227391898963807;
;;;;;;;;;;;TOTAL POSTO: 670,01;;;;;;;;

2831 - POSTO SAO JUDAS TADEU - REDE Z+Z (RODOVIA)
Transacao;Data;Cliente;CNPJ Cliente;CNPJ Posto;Estabelecimento;Placa;Hodometro/Horimetro;Litragem;Servico;Combustivel;Valor Total;Preco Litro;Preco Negociado;Lote;Data vinculacao;NF-e;Serie;Chave NF-e;Observacao
23108458;30/06/2026 19:23;TRANSPORTES GRITSCH;90.739.624/0019-47;13.759.928/0001-04;POSTO SAO JUDAS TADEU - REDE Z+Z (RODOVIA);TBE5I66;167040;36,070;ABASTECIMENTO;Gasolina Comum;244,19;R$ 6,77;R$ 6,770;2846160;30/06/2026 19:37;26126;004;52260613759928000104550040000261261005023210;
23195163;02/07/2026 17:25;TRANSPORTES GRITSCH;90.739.624/0019-47;13.759.928/0001-04;POSTO SAO JUDAS TADEU - REDE Z+Z (RODOVIA);RHV8B69;345465;29,082;ABASTECIMENTO;Gasolina Comum;198,92;R$ 6,84;R$ 6,840;2846160;02/07/2026 17:35;26201;004;52260713759928000104550040000262011005031425;
;;;;;;;;;;;TOTAL POSTO: 443,11;;;;;;;;

26801 - AUTO POSTO PASOLINI
Transacao;Data;Cliente;CNPJ Cliente;CNPJ Posto;Estabelecimento;Placa;Hodometro/Horimetro;Litragem;Servico;Combustivel;Valor Total;Preco Litro;Preco Negociado;Lote;Data vinculacao;NF-e;Serie;Chave NF-e;Observacao
23109570;30/06/2026 20:14;TRANSPORTES GRITSCH;90.739.624/0011-90;73.648.610/0001-70;AUTO POSTO PASOLINI;SFD5C35;291783;64,990;ABASTECIMENTO;Diesel S10;506,27;R$ 7,79;-;2846160;01/07/2026 17:12;34520;001;50260773648610000170550010000345201016506714;
23154653;01/07/2026 19:35;TRANSPORTES GRITSCH;90.739.624/0011-90;73.648.610/0001-70;AUTO POSTO PASOLINI;TAP3G60;170353;56,451;ABASTECIMENTO;Diesel S10;428,46;R$ 7,59;-;2846160;09/07/2026 11:41;34645;001;50260773648610000170550010000346451016540186;
23200568;02/07/2026 19:42;TRANSPORTES GRITSCH;90.739.624/0011-90;73.648.610/0001-70;AUTO POSTO PASOLINI;SFD5C35;293953;63,590;ABASTECIMENTO;Diesel S10;482,65;R$ 7,59;-;2846160;09/07/2026 18:40;34646;001;50260773648610000170550010000346461016540205;
;;;;;;;;;;;TOTAL POSTO: 1417,38;;;;;;;;

565 - POSTO JK - ESPLANADA | REDE AMERICA
Transacao;Data;Cliente;CNPJ Cliente;CNPJ Posto;Estabelecimento;Placa;Hodometro/Horimetro;Litragem;Servico;Combustivel;Valor Total;Preco Litro;Preco Negociado;Lote;Data vinculacao;NF-e;Serie;Chave NF-e;Observacao
23114340;30/06/2026 21:36;TRANSPORTES GRITSCH;90.739.624/0018-66;22.611.652/0002-86;POSTO JK - ESPLANADA | REDE AMERICA;SFD9G67;288218;43,720;ABASTECIMENTO;Diesel S10;298,17;R$ 6,82;R$ 6,820;2846160;30/06/2026 21:40;318020;001;51260622611652000286550010003180201019085470;
23155809;01/07/2026 20:34;TRANSPORTES GRITSCH;90.739.624/0018-66;22.611.652/0002-86;POSTO JK - ESPLANADA | REDE AMERICA;SFA6I76;158823;56,249;ABASTECIMENTO;Diesel S10;383,62;R$ 6,82;R$ 6,820;2846160;01/07/2026 20:45;318184;001;51260722611652000286550010003181841019113933;
23175320;02/07/2026 08:27;TRANSPORTES GRITSCH;90.739.624/0018-66;22.611.652/0002-86;POSTO JK - ESPLANADA | REDE AMERICA;SDR4D99;82729;36,400;ABASTECIMENTO;Gasolina Comum;243,52;R$ 6,69;R$ 6,690;2846160;02/07/2026 09:02;318230;001;51260722611652000286550010003182301019122570;
23205355;02/07/2026 21:10;TRANSPORTES GRITSCH;90.739.624/0018-66;22.611.652/0002-86;POSTO JK - ESPLANADA | REDE AMERICA;SFA6I77;167082;22,970;ABASTECIMENTO;Diesel S10;156,66;R$ 6,82;R$ 6,820;2846160;02/07/2026 21:25;318372;001;51260722611652000286550010003183721019144081;
23221529;03/07/2026 08:47;TRANSPORTES GRITSCH;90.739.624/0018-66;22.611.652/0002-86;POSTO JK - ESPLANADA | REDE AMERICA;BEB7C70;171158;38,930;ABASTECIMENTO;Gasolina Comum;260,44;R$ 6,69;R$ 6,690;2846160;03/07/2026 09:31;318410;001;51260722611652000286550010003184101019151137;
23243565;03/07/2026 18:05;TRANSPORTES GRITSCH;90.739.624/0018-66;22.611.652/0002-86;POSTO JK - ESPLANADA | REDE AMERICA;SFA6I75;194796;25,330;ABASTECIMENTO;Diesel S10;172,75;R$ 6,82;R$ 6,820;2846160;03/07/2026 18:15;318499;001;51260722611652000286550010003184991019169644;
;;;;;;;;;;;TOTAL POSTO: 1515,16;;;;;;;;

1189 - SIM REDE - PARADOURO 0064-65 - METROPOLITANA / SERRA
Transacao;Data;Cliente;CNPJ Cliente;CNPJ Posto;Estabelecimento;Placa;Hodometro/Horimetro;Litragem;Servico;Combustivel;Valor Total;Preco Litro;Preco Negociado;Lote;Data vinculacao;NF-e;Serie;Chave NF-e;Observacao
23121044;01/07/2026 01:35;TRANSPORTES GRITSCH;90.739.624/0023-23;07.473.735/0064-65;SIM REDE - PARADOURO 0064-65 - METROPOLITANA / SERRA;UBO0E91;30573;137,060;ABASTECIMENTO;Diesel S10;831,95;R$ 6,07;R$ 6,170;2846160;01/07/2026 01:35;209713;008;43260707473735006465550080002097131039576180;
;;;;;;;;;;;TOTAL POSTO: 831,95;;;;;;;;

3438 - POSTO PERDOES - REDE GRAAL
Transacao;Data;Cliente;CNPJ Cliente;CNPJ Posto;Estabelecimento;Placa;Hodometro/Horimetro;Litragem;Servico;Combustivel;Valor Total;Preco Litro;Preco Negociado;Lote;Data vinculacao;NF-e;Serie;Chave NF-e;Observacao
23121647;01/07/2026 02:27;TRANSPORTES GRITSCH;90.739.624/0001-18;02.553.038/0001-17;POSTO PERDOES - REDE GRAAL;UCB6D90;9441;128,093;ABASTECIMENTO;Diesel S10;882,56;R$ 6,89;R$ 6,900;2846160;02/07/2026 09:45;276438;001;31260702553038000117550010002764381019026147;
;;;;;;;;;;;TOTAL POSTO: 882,56;;;;;;;;

1218 - SIM REDE - ESTEIO EXPOINTER 0079-41 - METROPOLITANA / SERRA
Transacao;Data;Cliente;CNPJ Cliente;CNPJ Posto;Estabelecimento;Placa;Hodometro/Horimetro;Litragem;Servico;Combustivel;Valor Total;Preco Litro;Preco Negociado;Lote;Data vinculacao;NF-e;Serie;Chave NF-e;Observacao
23124767;01/07/2026 05:29;TRANSPORTES GRITSCH;90.739.624/0023-23;07.473.735/0079-41;SIM REDE - ESTEIO EXPOINTER 0079-41 - METROPOLITANA / SERRA;BDE1E73;366918;74,760;ABASTECIMENTO;Diesel S10;453,79;R$ 6,07;R$ 6,170;2846160;01/07/2026 05:30;97581;008;43260707473735007941550080000975811034667427;
23183741;02/07/2026 12:01;TRANSPORTES GRITSCH;90.739.624/0023-23;07.473.735/0079-41;SIM REDE - ESTEIO EXPOINTER 0079-41 - METROPOLITANA / SERRA;UBF1G86;16127;92,220;ABASTECIMENTO;Diesel S10;559,77;R$ 6,07;R$ 6,170;2846160;02/07/2026 12:02;97740;008;43260707473735007941550080000977401034680065;
23225590;03/07/2026 10:00;TRANSPORTES GRITSCH;90.739.624/0023-23;07.473.735/0079-41;SIM REDE - ESTEIO EXPOINTER 0079-41 - METROPOLITANA / SERRA;RHT2G09;191845;110,560;ABASTECIMENTO;Diesel S10;671,09;R$ 6,07;R$ 6,070;2846160;03/07/2026 10:00;97832;008;43260707473735007941550080000978321034689325;
;;;;;;;;;;;TOTAL POSTO: 1684,65;;;;;;;;

24101 - POSTO BOCA DA SERRA - PALHOCA 0003-69 - REDE GALO
Transacao;Data;Cliente;CNPJ Cliente;CNPJ Posto;Estabelecimento;Placa;Hodometro/Horimetro;Litragem;Servico;Combustivel;Valor Total;Preco Litro;Preco Negociado;Lote;Data vinculacao;NF-e;Serie;Chave NF-e;Observacao
23128082;01/07/2026 07:27;TRANSPORTES GRITSCH;90.739.624/0014-32;04.308.884/0003-69;POSTO BOCA DA SERRA - PALHOCA 0003-69 - REDE GALO;TAS4H04;71975;21,244;ABASTECIMENTO;Diesel S10 Aditivado;146,37;R$ 6,89;R$ 6,890;2846160;02/07/2026 14:35;49099;004;42260704308884000369550040000490991002924260;
;;;;;;;;;;;TOTAL POSTO: 146,37;;;;;;;;

144 - POSTO TREVO
Transacao;Data;Cliente;CNPJ Cliente;CNPJ Posto;Estabelecimento;Placa;Hodometro/Horimetro;Litragem;Servico;Combustivel;Valor Total;Preco Litro;Preco Negociado;Lote;Data vinculacao;NF-e;Serie;Chave NF-e;Observacao
23128693;01/07/2026 07:57;TRANSPORTES GRITSCH;90.739.624/0001-18;33.210.337/0001-82;POSTO TREVO;SFA8J61;131861;27,893;ABASTECIMENTO;Gasolina Comum;203,34;R$ 7,29;R$ 7,290;2846160;07/07/2026 17:00;80798;006;17260733210337000182550060000807981044158404;
23145943;01/07/2026 15:48;TRANSPORTES GRITSCH;90.739.624/0001-18;33.210.337/0001-82;POSTO TREVO;SFA8J61;132557;42,791;ABASTECIMENTO;Gasolina Comum;311,95;R$ 7,29;R$ 7,290;2846160;10/07/2026 10:34;81237;006;17260733210337000182550060000812371044322761;
;;;;;;;;;;;TOTAL POSTO: 515,29;;;;;;;;

1176 - SIM REDE - CAXIAS FATIMA PANEX 0061-12 - METROPOLITANA / SERRA
Transacao;Data;Cliente;CNPJ Cliente;CNPJ Posto;Estabelecimento;Placa;Hodometro/Horimetro;Litragem;Servico;Combustivel;Valor Total;Preco Litro;Preco Negociado;Lote;Data vinculacao;NF-e;Serie;Chave NF-e;Observacao
23129235;01/07/2026 08:21;TRANSPORTES GRITSCH;90.739.624/0023-23;07.473.735/0061-12;SIM REDE - CAXIAS FATIMA PANEX 0061-12 - METROPOLITANA / SERRA;UBF1G63;22149;90,410;ABASTECIMENTO;Diesel S10;548,78;R$ 6,07;R$ 6,170;2846160;01/07/2026 08:22;20266;008;43260707473735006112550080000202661016357511;
23129266;01/07/2026 08:23;TRANSPORTES GRITSCH;90.739.624/0023-23;07.473.735/0061-12;SIM REDE - CAXIAS FATIMA PANEX 0061-12 - METROPOLITANA / SERRA;UBF1G63;22149;3,050;ABASTECIMENTO;Arla 32;9,57;R$ 3,14;R$ 3,140;2846160;01/07/2026 08:24;20267;008;43260707473735006112550080000202671016357543;
23189898;02/07/2026 14:24;TRANSPORTES GRITSCH;90.739.624/0023-23;07.473.735/0061-12;SIM REDE - CAXIAS FATIMA PANEX 0061-12 - METROPOLITANA / SERRA;UBM2C03;13581;34,600;ABASTECIMENTO;Diesel S10;210,02;R$ 6,07;R$ 6,170;2846160;02/07/2026 14:25;20350;008;43260707473735006112550080000203501016368195;
23189930;02/07/2026 14:27;TRANSPORTES GRITSCH;90.739.624/0023-23;07.473.735/0061-12;SIM REDE - CAXIAS FATIMA PANEX 0061-12 - METROPOLITANA / SERRA;UBM2C03;13581;14,950;ABASTECIMENTO;Arla 32;46,94;R$ 3,14;R$ 3,140;2846160;02/07/2026 14:27;20351;008;43260707473735006112550080000203511016368214;
23237567;03/07/2026 16:09;TRANSPORTES GRITSCH;90.739.624/0023-23;07.473.735/0061-12;SIM REDE - CAXIAS FATIMA PANEX 0061-12 - METROPOLITANA / SERRA;TAS4H02;72859;14,630;ABASTECIMENTO;Arla 32;45,93;R$ 3,14;R$ 3,140;2846160;03/07/2026 16:09;20413;008;43260707473735006112550080000204131016376335;
23237804;03/07/2026 16:23;TRANSPORTES GRITSCH;90.739.624/0023-23;07.473.735/0061-12;SIM REDE - CAXIAS FATIMA PANEX 0061-12 - METROPOLITANA / SERRA;UBF1G85;22817;85,700;ABASTECIMENTO;Diesel S10;520,19;R$ 6,07;R$ 6,070;2846160;03/07/2026 16:24;20416;008;43260707473735006112550080000204161016376507;
;;;;;;;;;;;TOTAL POSTO: 1381,43;;;;;;;;

1120 - POSTO MARKET DUTRA - REDE GRAAL
Transacao;Data;Cliente;CNPJ Cliente;CNPJ Posto;Estabelecimento;Placa;Hodometro/Horimetro;Litragem;Servico;Combustivel;Valor Total;Preco Litro;Preco Negociado;Lote;Data vinculacao;NF-e;Serie;Chave NF-e;Observacao
23129263;01/07/2026 08:23;TRANSPORTES GRITSCH;90.739.624/0003-80;25.449.917/0001-07;POSTO MARKET DUTRA - REDE GRAAL;RHT2C47;212917;115,800;ABASTECIMENTO;Diesel S10;763,12;R$ 6,59;R$ 7,040;2846160;01/07/2026 08:24;84496;001;35260725449917000107550010000844961003615441;
;;;;;;;;;;;TOTAL POSTO: 763,12;;;;;;;;

3749 - POSTO PLANALTO - NOVO PROGRESSO
Transacao;Data;Cliente;CNPJ Cliente;CNPJ Posto;Estabelecimento;Placa;Hodometro/Horimetro;Litragem;Servico;Combustivel;Valor Total;Preco Litro;Preco Negociado;Lote;Data vinculacao;NF-e;Serie;Chave NF-e;Observacao
23131737;01/07/2026 09:47;TRANSPORTES GRITSCH;90.739.624/0001-18;34.453.861/0001-47;POSTO PLANALTO - NOVO PROGRESSO;TAN3H91;102993;38,910;ABASTECIMENTO;Alcool Comum;210,11;R$ 5,40;R$ 5,400;2846160;01/07/2026 09:55;19922;054;15260734453861000147550540000199221008027496;
;;;;;;;;;;;TOTAL POSTO: 210,11;;;;;;;;

3322 - AUTO POSTO 500
Transacao;Data;Cliente;CNPJ Cliente;CNPJ Posto;Estabelecimento;Placa;Hodometro/Horimetro;Litragem;Servico;Combustivel;Valor Total;Preco Litro;Preco Negociado;Lote;Data vinculacao;NF-e;Serie;Chave NF-e;Observacao
23131893;01/07/2026 09:50;TRANSPORTES GRITSCH;90.739.624/0003-80;05.161.810/0001-43;AUTO POSTO 500;TAJ3D96;115148;160,131;ABASTECIMENTO;Diesel S10;1103,30;R$ 6,89;R$ 6,890;2846160;06/07/2026 07:51;17338;004;35260705161810000143550040000173381718297246;
;;;;;;;;;;;TOTAL POSTO: 1103,30;;;;;;;;

3079 - RODOPOSTO TURMALINA - REDE GRAAL
Transacao;Data;Cliente;CNPJ Cliente;CNPJ Posto;Estabelecimento;Placa;Hodometro/Horimetro;Litragem;Servico;Combustivel;Valor Total;Preco Litro;Preco Negociado;Lote;Data vinculacao;NF-e;Serie;Chave NF-e;Observacao
23132020;01/07/2026 09:54;TRANSPORTES GRITSCH;90.739.624/0003-80;05.122.863/0001-55;RODOPOSTO TURMALINA - REDE GRAAL;RHS3G77;62217;52,641;ABASTECIMENTO;Diesel S10;370,59;R$ 7,04;R$ 7,040;2846160;02/07/2026 10:09;171003;002;35260705122863000155550020001710031004198033;
;;;;;;;;;;;TOTAL POSTO: 370,59;;;;;;;;

13293 - POSTO MACIAMBU
Transacao;Data;Cliente;CNPJ Cliente;CNPJ Posto;Estabelecimento;Placa;Hodometro/Horimetro;Litragem;Servico;Combustivel;Valor Total;Preco Litro;Preco Negociado;Lote;Data vinculacao;NF-e;Serie;Chave NF-e;Observacao
23133272;30/06/2026 08:02;TRANSPORTES GRITSCH;90.739.624/0014-32;01.172.040/0001-83;POSTO MACIAMBU;SEP6E15;154405;41,742;ABASTECIMENTO;Gasolina Comum;260,05;R$ 6,23;-;2846160;01/07/2026 10:32;51146;003;42260601172040000183550030000511461009571942;
23189456;02/07/2026 13:57;TRANSPORTES GRITSCH;90.739.624/0014-32;01.172.040/0001-83;POSTO MACIAMBU;SFI4A34;133059;45,332;ABASTECIMENTO;Diesel S10;294,20;R$ 6,49;R$ 6,490;2846160;02/07/2026 14:02;51253;003;42260701172040000183550030000512531009586153;
;;;;;;;;;;;TOTAL POSTO: 554,25;;;;;;;;

26094 - AUTO POSTO CIMATEL
Transacao;Data;Cliente;CNPJ Cliente;CNPJ Posto;Estabelecimento;Placa;Hodometro/Horimetro;Litragem;Servico;Combustivel;Valor Total;Preco Litro;Preco Negociado;Lote;Data vinculacao;NF-e;Serie;Chave NF-e;Observacao
23133940;01/07/2026 10:43;TRANSPORTES GRITSCH;90.739.624/0018-66;00.656.619/0002-30;AUTO POSTO CIMATEL;SFN1H25;130692;35,160;ABASTECIMENTO;Alcool Comum;178,26;R$ 5,07;R$ 5,440;2846160;01/07/2026 10:45;66506;012;51260700656619000230550120000665061258317301;
;;;;;;;;;;;TOTAL POSTO: 178,26;;;;;;;;

1275 - SIM REDE - POA CANOAS 0149-99 - METROPOLITANA / SERRA
Transacao;Data;Cliente;CNPJ Cliente;CNPJ Posto;Estabelecimento;Placa;Hodometro/Horimetro;Litragem;Servico;Combustivel;Valor Total;Preco Litro;Preco Negociado;Lote;Data vinculacao;NF-e;Serie;Chave NF-e;Observacao
23135171;01/07/2026 10:55;TRANSPORTES GRITSCH;90.739.624/0023-23;07.473.735/0149-99;SIM REDE - POA CANOAS 0149-99 - METROPOLITANA / SERRA;RHT2G08;186779;108,591;ABASTECIMENTO;Diesel S10;659,14;R$ 6,07;R$ 6,170;2846160;01/07/2026 10:56;40927;008;43260707473735014999550080000409271048170936;
;;;;;;;;;;;TOTAL POSTO: 659,14;;;;;;;;

5440 - REDE SAO ROQUE | SIMOLANDIA
Transacao;Data;Cliente;CNPJ Cliente;CNPJ Posto;Estabelecimento;Placa;Hodometro/Horimetro;Litragem;Servico;Combustivel;Valor Total;Preco Litro;Preco Negociado;Lote;Data vinculacao;NF-e;Serie;Chave NF-e;Observacao
23135361;01/07/2026 11:01;TRANSPORTES GRITSCH;90.739.624/0019-47;35.257.918/0001-03;REDE SAO ROQUE | SIMOLANDIA;SDR9E15;97603;18,210;ABASTECIMENTO;Gasolina Comum;120,00;R$ 6,59;R$ 6,750;2846160;02/07/2026 15:42;35220;001;52260735257918000103550010000352201154274659;
;;;;;;;;;;;TOTAL POSTO: 120,00;;;;;;;;

364 - AUTO POSTO VALE DA SERRA QUERENCIA
Transacao;Data;Cliente;CNPJ Cliente;CNPJ Posto;Estabelecimento;Placa;Hodometro/Horimetro;Litragem;Servico;Combustivel;Valor Total;Preco Litro;Preco Negociado;Lote;Data vinculacao;NF-e;Serie;Chave NF-e;Observacao
23135859;01/07/2026 11:07;TRANSPORTES GRITSCH;90.739.624/0018-66;33.855.749/0001-70;AUTO POSTO VALE DA SERRA QUERENCIA;TBE5I65;132941;46,149;ABASTECIMENTO;Gasolina Comum;317,97;R$ 6,89;R$ 6,890;2846160;01/07/2026 14:38;19961;013;51260733855749000170550130000199611780296235;
23227490;03/07/2026 10:51;TRANSPORTES GRITSCH;90.739.624/0018-66;33.855.749/0001-70;AUTO POSTO VALE DA SERRA QUERENCIA;TBE5I65;133858;41,450;ABASTECIMENTO;Gasolina Comum;285,59;R$ 6,89;R$ 6,890;2846160;07/07/2026 13:12;20092;013;51260733855749000170550130000200921801603565;
;;;;;;;;;;;TOTAL POSTO: 603,56;;;;;;;;

575 - POSTO JK - COMODORO | REDE AMERICA
Transacao;Data;Cliente;CNPJ Cliente;CNPJ Posto;Estabelecimento;Placa;Hodometro/Horimetro;Litragem;Servico;Combustivel;Valor Total;Preco Litro;Preco Negociado;Lote;Data vinculacao;NF-e;Serie;Chave NF-e;Observacao
23136028;01/07/2026 11:09;TRANSPORTES GRITSCH;90.739.624/0018-66;22.611.652/0001-03;POSTO JK - COMODORO | REDE AMERICA;SFL2F19;98100;46,000;ABASTECIMENTO;Alcool Comum;224,94;R$ 4,89;R$ 4,890;2846160;01/07/2026 11:20;168710;001;51260722611652000103550010001687101019096978;
23154746;01/07/2026 19:44;TRANSPORTES GRITSCH;90.739.624/0018-66;22.611.652/0001-03;POSTO JK - COMODORO | REDE AMERICA;SFL2F19;98404;36,491;ABASTECIMENTO;Alcool Comum;178,44;R$ 4,89;R$ 4,890;2846160;01/07/2026 19:50;168759;001;51260722611652000103550010001687591019112486;
23199838;02/07/2026 19:12;TRANSPORTES GRITSCH;90.739.624/0018-66;22.611.652/0001-03;POSTO JK - COMODORO | REDE AMERICA;SFL2F19;98658;31,689;ABASTECIMENTO;Alcool Comum;154,96;R$ 4,89;R$ 4,890;2846160;02/07/2026 19:20;168838;001;51260722611652000103550010001688381019140493;
23337059;24/06/2026 09:53;TRANSPORTES GRITSCH;90.739.624/0018-66;22.611.652/0001-03;POSTO JK - COMODORO | REDE AMERICA;SFL2F19;98263;29,720;ABASTECIMENTO;Alcool Comum;145,33;R$ 4,89;-;2846160;06/07/2026 09:18;168188;001;51260622611652000103550010001681881018911836;
;;;;;;;;;;;TOTAL POSTO: 703,67;;;;;;;;

738 - BUFFON 74
Transacao;Data;Cliente;CNPJ Cliente;CNPJ Posto;Estabelecimento;Placa;Hodometro/Horimetro;Litragem;Servico;Combustivel;Valor Total;Preco Litro;Preco Negociado;Lote;Data vinculacao;NF-e;Serie;Chave NF-e;Observacao
23137360;01/07/2026 11:50;TRANSPORTES GRITSCH;90.739.624/0023-23;93.489.243/0074-71;BUFFON 74;UBY4J20;14559;165,010;ABASTECIMENTO;Diesel S10;1018,11;R$ 6,17;R$ 6,170;2846160;01/07/2026 13:07;4261;008;43260793489243007471550080000042611561201500;
23155345;01/07/2026 20:09;TRANSPORTES GRITSCH;90.739.624/0023-23;93.489.243/0074-71;BUFFON 74;UBY4J20;14973;121,070;ABASTECIMENTO;Diesel S10;747,00;R$ 6,17;R$ 6,170;2846160;01/07/2026 20:13;51620;005;43260793489243007471550050000516201372090101;
23202871;02/07/2026 20:52;TRANSPORTES GRITSCH;90.739.624/0023-23;93.489.243/0074-71;BUFFON 74;UBY4J20;15474;152,070;ABASTECIMENTO;Diesel S10;938,27;R$ 6,17;R$ 6,170;2846160;02/07/2026 21:53;4267;008;43260793489243007471550080000042671562101367;
23249365;03/07/2026 20:59;TRANSPORTES GRITSCH;90.739.624/0023-23;93.489.243/0074-71;BUFFON 74;UBY4J20;16031;168,920;ABASTECIMENTO;Diesel S10;1042,24;R$ 6,17;R$ 6,170;2846160;03/07/2026 22:13;4270;008;43260793489243007471550080000042701442101578;
;;;;;;;;;;;TOTAL POSTO: 3745,62;;;;;;;;

25837 - AUTO POSTO PARAISO - MT
Transacao;Data;Cliente;CNPJ Cliente;CNPJ Posto;Estabelecimento;Placa;Hodometro/Horimetro;Litragem;Servico;Combustivel;Valor Total;Preco Litro;Preco Negociado;Lote;Data vinculacao;NF-e;Serie;Chave NF-e;Observacao
23141754;01/07/2026 13:13;TRANSPORTES GRITSCH;90.739.624/0018-66;01.300.979/0001-86;AUTO POSTO PARAISO - MT;TAJ6B89;150347;31,490;ABASTECIMENTO;Alcool Comum;136,98;R$ 4,35;R$ 4,350;2846160;01/07/2026 13:31;37313;001;51260701300979000186550010000373131489108883;
23146710;01/07/2026 16:19;TRANSPORTES GRITSCH;90.739.624/0018-66;01.300.979/0001-86;AUTO POSTO PARAISO - MT;TAI4I92;76439;34,070;ABASTECIMENTO;Alcool Comum;148,20;R$ 4,35;R$ 4,350;2846160;01/07/2026 16:31;37314;001;51260701300979000186550010000373141662010107;
23229214;03/07/2026 12:15;TRANSPORTES GRITSCH;90.739.624/0018-66;01.300.979/0001-86;AUTO POSTO PARAISO - MT;TAI4I92;77391;35,680;ABASTECIMENTO;Alcool Comum;155,21;R$ 4,35;R$ 4,350;2846160;03/07/2026 12:31;37327;001;51260701300979000186550010000373271791023106;
23234872;03/07/2026 14:07;TRANSPORTES GRITSCH;90.739.624/0018-66;01.300.979/0001-86;AUTO POSTO PARAISO - MT;TAJ6B89;150888;30,440;ABASTECIMENTO;Alcool Comum;132,41;R$ 4,35;R$ 4,350;2846160;03/07/2026 14:31;37331;001;51260701300979000186550010000373311902877070;
;;;;;;;;;;;TOTAL POSTO: 572,80;;;;;;;;

12366 - AUTO POSTO SANTA FE
Transacao;Data;Cliente;CNPJ Cliente;CNPJ Posto;Estabelecimento;Placa;Hodometro/Horimetro;Litragem;Servico;Combustivel;Valor Total;Preco Litro;Preco Negociado;Lote;Data vinculacao;NF-e;Serie;Chave NF-e;Observacao
23142998;01/07/2026 13:48;TRANSPORTES GRITSCH;90.739.624/0019-47;26.914.325/0001-73;AUTO POSTO SANTA FE;TBE5I64;126550;40,000;ABASTECIMENTO;Gasolina Comum;275,60;R$ 6,89;R$ 6,890;2846160;03/07/2026 13:39;25200;002;52260726914325000173550020000252001309780706;
23234763;03/07/2026 14:06;TRANSPORTES GRITSCH;90.739.624/0019-47;26.914.325/0001-73;AUTO POSTO SANTA FE;TBE5I64;127803;40,000;ABASTECIMENTO;Gasolina Comum;275,60;R$ 6,89;R$ 6,890;2846160;10/07/2026 13:50;42591;001;52260726914325000173550010000425911010088155;
;;;;;;;;;;;TOTAL POSTO: 551,20;;;;;;;;

566 - REDE FURNAS | SOMBRIO | FURNAS - MATRIZ
Transacao;Data;Cliente;CNPJ Cliente;CNPJ Posto;Estabelecimento;Placa;Hodometro/Horimetro;Litragem;Servico;Combustivel;Valor Total;Preco Litro;Preco Negociado;Lote;Data vinculacao;NF-e;Serie;Chave NF-e;Observacao
23143316;01/07/2026 13:57;TRANSPORTES GRITSCH;90.739.624/0014-32;01.387.686/0003-40;REDE FURNAS | SOMBRIO | FURNAS - MATRIZ;SEL0B95;132290;80,930;ABASTECIMENTO;Diesel S10;525,27;R$ 6,49;R$ 6,490;2846160;02/07/2026 09:10;149;103;42260701387686000340551030000001491000618308;
23228766;03/07/2026 11:54;TRANSPORTES GRITSCH;90.739.624/0014-32;01.387.686/0003-40;REDE FURNAS | SOMBRIO | FURNAS - MATRIZ;SEP6E16;145890;37,260;ABASTECIMENTO;Gasolina Comum;236,65;R$ 6,35;-;2846160;03/07/2026 16:31;152;103;42260701387686000340551030000001521948171542;
;;;;;;;;;;;TOTAL POSTO: 761,92;;;;;;;;

17576 - POSTO SAO PEDRO - REDE Z+Z
Transacao;Data;Cliente;CNPJ Cliente;CNPJ Posto;Estabelecimento;Placa;Hodometro/Horimetro;Litragem;Servico;Combustivel;Valor Total;Preco Litro;Preco Negociado;Lote;Data vinculacao;NF-e;Serie;Chave NF-e;Observacao
23144646;01/07/2026 14:54;TRANSPORTES GRITSCH;90.739.624/0019-47;50.780.684/0001-60;POSTO SAO PEDRO - REDE Z+Z;SDU9F51;129698;29,844;ABASTECIMENTO;Gasolina Comum;220,85;R$ 7,40;-;2846160;01/07/2026 16:02;5057;002;52260750780684000160550020000050571945530273;
23236029;03/07/2026 15:07;TRANSPORTES GRITSCH;90.739.624/0019-47;50.780.684/0001-60;POSTO SAO PEDRO - REDE Z+Z;SFD2H38;102368;33,204;ABASTECIMENTO;Gasolina Comum;245,71;R$ 7,40;-;2846160;07/07/2026 17:19;5132;002;52260750780684000160550020000051321948867151;Processo de Estorno em Andamento - NF 10563
;;;;;;;;;;;TOTAL POSTO: 466,56;;;;;;;;

26375 - POSTO TIO HELIO
Transacao;Data;Cliente;CNPJ Cliente;CNPJ Posto;Estabelecimento;Placa;Hodometro/Horimetro;Litragem;Servico;Combustivel;Valor Total;Preco Litro;Preco Negociado;Lote;Data vinculacao;NF-e;Serie;Chave NF-e;Observacao
23144684;01/07/2026 14:56;TRANSPORTES GRITSCH;90.739.624/0018-66;30.476.433/0001-89;POSTO TIO HELIO;SFD5C40;106852;35,200;ABASTECIMENTO;Alcool Comum;140,45;R$ 3,99;R$ 4,490;2846160;09/07/2026 18:21;70935;001;51260730476433000189550010000709351413742345;
23233651;03/07/2026 13:22;TRANSPORTES GRITSCH;90.739.624/0018-66;30.476.433/0001-89;POSTO TIO HELIO;SFD5C40;107677;42,000;ABASTECIMENTO;Alcool Comum;167,58;R$ 3,99;R$ 4,490;2846160;03/07/2026 13:40;71050;001;51260730476433000189550010000710501794374322;
;;;;;;;;;;;TOTAL POSTO: 308,03;;;;;;;;

5622 - REAL ATACADO AUTO POSTO - CAMPO NOVO DO PARECIS 2
Transacao;Data;Cliente;CNPJ Cliente;CNPJ Posto;Estabelecimento;Placa;Hodometro/Horimetro;Litragem;Servico;Combustivel;Valor Total;Preco Litro;Preco Negociado;Lote;Data vinculacao;NF-e;Serie;Chave NF-e;Observacao
23144686;01/07/2026 14:56;TRANSPORTES GRITSCH;90.739.624/0018-66;25.220.634/0003-42;REAL ATACADO AUTO POSTO - CAMPO NOVO DO PARECIS 2;TBQ1G12;77233;64,422;ABASTECIMENTO;Diesel S10;461,26;R$ 7,16;R$ 7,160;2846160;02/07/2026 10:12;161927;001;51260725220634000342550010001619271483254679;
23228098;03/07/2026 11:22;TRANSPORTES GRITSCH;90.739.624/0018-66;25.220.634/0003-42;REAL ATACADO AUTO POSTO - CAMPO NOVO DO PARECIS 2;SFL2F19;98910;31,987;ABASTECIMENTO;Alcool Comum;143,62;R$ 4,49;R$ 4,490;2846160;07/07/2026 08:54;162282;001;51260725220634000342550010001622821663624391;
;;;;;;;;;;;TOTAL POSTO: 604,88;;;;;;;;

1232 - SIM REDE - FLORES PEROLA 0033-69 - METROPOLITANA / SERRA
Transacao;Data;Cliente;CNPJ Cliente;CNPJ Posto;Estabelecimento;Placa;Hodometro/Horimetro;Litragem;Servico;Combustivel;Valor Total;Preco Litro;Preco Negociado;Lote;Data vinculacao;NF-e;Serie;Chave NF-e;Observacao
23144880;01/07/2026 15:08;TRANSPORTES GRITSCH;90.739.624/0023-23;07.473.735/0033-69;SIM REDE - FLORES PEROLA 0033-69 - METROPOLITANA / SERRA;SFK0F56;78648;30,880;ABASTECIMENTO;Gasolina Comum;197,32;R$ 6,39;-;2846160;01/07/2026 15:08;62859;008;43260707473735003369550080000628591022752819;
;;;;;;;;;;;TOTAL POSTO: 197,32;;;;;;;;

1171 - SIM REDE - CAXIAS FORQUETA 0007-77 - METROPOLITANA / SERRA
Transacao;Data;Cliente;CNPJ Cliente;CNPJ Posto;Estabelecimento;Placa;Hodometro/Horimetro;Litragem;Servico;Combustivel;Valor Total;Preco Litro;Preco Negociado;Lote;Data vinculacao;NF-e;Serie;Chave NF-e;Observacao
23145058;01/07/2026 15:13;TRANSPORTES GRITSCH;90.739.624/0023-23;07.473.735/0007-77;SIM REDE - CAXIAS FORQUETA 0007-77 - METROPOLITANA / SERRA;SFJ5H72;270801;245,000;ABASTECIMENTO;Diesel S10;1487,15;R$ 6,07;R$ 6,170;2846160;01/07/2026 15:14;30125;008;43260707473735000777550080000301251016890553;
23145245;01/07/2026 15:20;TRANSPORTES GRITSCH;90.739.624/0023-23;07.473.735/0007-77;SIM REDE - CAXIAS FORQUETA 0007-77 - METROPOLITANA / SERRA;SFJ5H72;270801;11,000;ABASTECIMENTO;Arla 32;34,54;R$ 3,14;R$ 3,140;2846160;01/07/2026 15:20;30126;008;43260707473735000777550080000301261016890623;
23236502;03/07/2026 15:27;TRANSPORTES GRITSCH;90.739.624/0023-23;07.473.735/0007-77;SIM REDE - CAXIAS FORQUETA 0007-77 - METROPOLITANA / SERRA;SFJ5H72;271623;241,031;ABASTECIMENTO;Diesel S10;1463,05;R$ 6,07;R$ 6,070;2846160;03/07/2026 15:28;30270;008;43260707473735000777550080000302701016904040;
23236557;03/07/2026 15:30;TRANSPORTES GRITSCH;90.739.624/0023-23;07.473.735/0007-77;SIM REDE - CAXIAS FORQUETA 0007-77 - METROPOLITANA / SERRA;SFJ5H72;271623;12,000;ABASTECIMENTO;Arla 32;37,68;R$ 3,14;R$ 3,140;2846160;03/07/2026 15:30;30272;008;43260707473735000777550080000302721016904100;
;;;;;;;;;;;TOTAL POSTO: 3022,42;;;;;;;;

17527 - POSTO INTERLAGOS
Transacao;Data;Cliente;CNPJ Cliente;CNPJ Posto;Estabelecimento;Placa;Hodometro/Horimetro;Litragem;Servico;Combustivel;Valor Total;Preco Litro;Preco Negociado;Lote;Data vinculacao;NF-e;Serie;Chave NF-e;Observacao
23145591;01/07/2026 15:37;TRANSPORTES GRITSCH;90.739.624/0001-18;08.318.079/0001-05;POSTO INTERLAGOS;UAV5J75;138180;42,920;ABASTECIMENTO;Gasolina Comum;308,59;R$ 7,19;R$ 7,190;2846160;01/07/2026 15:50;7064;004;17260708318079000105550040000070641349169304;
23226574;03/07/2026 10:15;TRANSPORTES GRITSCH;90.739.624/0001-18;08.318.079/0001-05;POSTO INTERLAGOS;SFA8J72;128452;13,910;ABASTECIMENTO;Gasolina Comum;100,01;R$ 7,19;R$ 7,190;2846160;03/07/2026 10:31;7136;004;17260708318079000105550040000071361082943914;
;;;;;;;;;;;TOTAL POSTO: 408,60;;;;;;;;

17710 - POSTO BARAO MATRIZ|| REDE BARAO
Transacao;Data;Cliente;CNPJ Cliente;CNPJ Posto;Estabelecimento;Placa;Hodometro/Horimetro;Litragem;Servico;Combustivel;Valor Total;Preco Litro;Preco Negociado;Lote;Data vinculacao;NF-e;Serie;Chave NF-e;Observacao
23146408;01/07/2026 16:03;TRANSPORTES GRITSCH;09.576.274/0001-06;75.176.859/0001-55;POSTO BARAO MATRIZ|| REDE BARAO;SFM3H40;57258;16,540;ABASTECIMENTO;Diesel S10;108,17;R$ 6,54;R$ 6,790;2846160;02/07/2026 16:29;65936;003;41260775176859000155550030000659361988781802;
23177798;02/07/2026 09:19;TRANSPORTES GRITSCH;09.576.274/0001-06;75.176.859/0001-55;POSTO BARAO MATRIZ|| REDE BARAO;BCQ7519;249646;33,550;ABASTECIMENTO;Diesel S10;219,41;R$ 6,54;R$ 6,790;2846160;02/07/2026 16:28;377942;002;41260775176859000155550020003779421883487086;
23192445;02/07/2026 16:20;TRANSPORTES GRITSCH;09.576.274/0001-06;75.176.859/0001-55;POSTO BARAO MATRIZ|| REDE BARAO;SFM3H40;57486;21,770;ABASTECIMENTO;Diesel S10;142,38;R$ 6,54;R$ 6,790;2846160;02/07/2026 16:27;378104;002;41260775176859000155550020003781041313566646;
23201329;02/07/2026 20:28;TRANSPORTES GRITSCH;09.576.274/0001-06;75.176.859/0001-55;POSTO BARAO MATRIZ|| REDE BARAO;SEL7G42;250467;51,390;ABASTECIMENTO;Diesel S10;336,09;R$ 6,54;R$ 6,790;2846160;07/07/2026 13:59;378204;002;41260775176859000155550020003782041614768995;
23237448;03/07/2026 16:07;TRANSPORTES GRITSCH;09.576.274/0001-06;75.176.859/0001-55;POSTO BARAO MATRIZ|| REDE BARAO;SFM3H40;57749;22,050;ABASTECIMENTO;Diesel S10;144,21;R$ 6,54;R$ 6,790;2846160;07/07/2026 14:03;65942;003;41260775176859000155550030000659421972319419;
23244181;03/07/2026 18:28;TRANSPORTES GRITSCH;09.576.274/0001-06;75.176.859/0001-55;POSTO BARAO MATRIZ|| REDE BARAO;SFG4I55;77727;32,090;ABASTECIMENTO;Gasolina Comum;208,26;R$ 6,49;R$ 6,690;2846160;07/07/2026 14:04;378508;002;41260775176859000155550020003785081484379230;
;;;;;;;;;;;TOTAL POSTO: 1158,52;;;;;;;;

113 - POSTO TUIUIU
Transacao;Data;Cliente;CNPJ Cliente;CNPJ Posto;Estabelecimento;Placa;Hodometro/Horimetro;Litragem;Servico;Combustivel;Valor Total;Preco Litro;Preco Negociado;Lote;Data vinculacao;NF-e;Serie;Chave NF-e;Observacao
23149265;01/07/2026 17:25;TRANSPORTES GRITSCH;90.739.624/0018-66;32.951.238/0001-99;POSTO TUIUIU;SEC5E64;170064;53,402;ABASTECIMENTO;Alcool Comum;216,28;R$ 4,05;R$ 4,050;2846160;02/07/2026 08:34;65596;002;51260732951238000199550020000655961063611955;
23229393;03/07/2026 12:22;TRANSPORTES GRITSCH;90.739.624/0018-66;32.951.238/0001-99;POSTO TUIUIU;SEC5E64;171000;49,669;ABASTECIMENTO;Alcool Comum;201,16;R$ 4,05;R$ 4,050;2846160;04/07/2026 09:23;593606;001;51260732951238000199550010005936061063625201;
;;;;;;;;;;;TOTAL POSTO: 417,44;;;;;;;;

13529 - POSTO CALIFORNIA - CORONADO
Transacao;Data;Cliente;CNPJ Cliente;CNPJ Posto;Estabelecimento;Placa;Hodometro/Horimetro;Litragem;Servico;Combustivel;Valor Total;Preco Litro;Preco Negociado;Lote;Data vinculacao;NF-e;Serie;Chave NF-e;Observacao
23152669;01/07/2026 18:08;TRANSPORTES GRITSCH;90.739.624/0019-47;53.741.408/0001-80;POSTO CALIFORNIA - CORONADO;SEG5A93;218499;23,127;ABASTECIMENTO;Gasolina Comum;150,09;R$ 6,49;R$ 6,490;2846160;04/07/2026 11:50;8444;001;52260753741408000180550010000084441885001069;
;;;;;;;;;;;TOTAL POSTO: 150,09;;;;;;;;

25603 - POSTOS CATARINA - URBANO
Transacao;Data;Cliente;CNPJ Cliente;CNPJ Posto;Estabelecimento;Placa;Hodometro/Horimetro;Litragem;Servico;Combustivel;Valor Total;Preco Litro;Preco Negociado;Lote;Data vinculacao;NF-e;Serie;Chave NF-e;Observacao
23159760;01/07/2026 21:19;TRANSPORTES GRITSCH;90.739.624/0014-32;19.512.778/0001-08;POSTOS CATARINA - URBANO;RHN8C54;91171;82,480;ABASTECIMENTO;Diesel S10;584,78;R$ 7,09;R$ 7,990;2846160;13/07/2026 14:35;110639;004;42260719512778000108550040001106391945743487;
;;;;;;;;;;;TOTAL POSTO: 584,78;;;;;;;;

1274 - SIM REDE - POA SOUZA REIS 0148-08 - METROPOLITANA / SERRA
Transacao;Data;Cliente;CNPJ Cliente;CNPJ Posto;Estabelecimento;Placa;Hodometro/Horimetro;Litragem;Servico;Combustivel;Valor Total;Preco Litro;Preco Negociado;Lote;Data vinculacao;NF-e;Serie;Chave NF-e;Observacao
23172798;02/07/2026 06:07;TRANSPORTES GRITSCH;90.739.624/0023-23;07.473.735/0148-08;SIM REDE - POA SOUZA REIS 0148-08 - METROPOLITANA / SERRA;SFM3H41;45870;40,281;ABASTECIMENTO;Diesel S10;244,50;R$ 6,07;R$ 6,170;2846160;02/07/2026 06:08;26175;008;43260707473735014808550080000261751012900862;
23234294;03/07/2026 13:43;TRANSPORTES GRITSCH;90.739.624/0023-23;07.473.735/0148-08;SIM REDE - POA SOUZA REIS 0148-08 - METROPOLITANA / SERRA;SDT4A93;172726;43,521;ABASTECIMENTO;Gasolina Comum;263,73;R$ 6,06;-;2846160;03/07/2026 13:44;26221;008;43260707473735014808550080000262211012921643;
;;;;;;;;;;;TOTAL POSTO: 508,23;;;;;;;;

953 - POSTO ATALAIA LEME - REDE LAURINDAO
Transacao;Data;Cliente;CNPJ Cliente;CNPJ Posto;Estabelecimento;Placa;Hodometro/Horimetro;Litragem;Servico;Combustivel;Valor Total;Preco Litro;Preco Negociado;Lote;Data vinculacao;NF-e;Serie;Chave NF-e;Observacao
23173540;02/07/2026 06:55;TRANSPORTES GRITSCH;90.739.624/0003-80;01.705.269/0001-36;POSTO ATALAIA LEME - REDE LAURINDAO;SEC1E94;47591;38,291;ABASTECIMENTO;Gasolina Comum;237,02;R$ 6,19;R$ 6,190;2846160;02/07/2026 11:33;84235;005;35260701705269000136550050000842351744051606;
;;;;;;;;;;;TOTAL POSTO: 237,02;;;;;;;;

1224 - SIM REDE - VALE REAL 0028-00 - METROPOLITANA / SERRA
Transacao;Data;Cliente;CNPJ Cliente;CNPJ Posto;Estabelecimento;Placa;Hodometro/Horimetro;Litragem;Servico;Combustivel;Valor Total;Preco Litro;Preco Negociado;Lote;Data vinculacao;NF-e;Serie;Chave NF-e;Observacao
23175800;02/07/2026 08:41;TRANSPORTES GRITSCH;90.739.624/0023-23;07.473.735/0028-00;SIM REDE - VALE REAL 0028-00 - METROPOLITANA / SERRA;UBF1G87;23008;94,288;ABASTECIMENTO;Diesel S10;572,32;R$ 6,07;R$ 6,170;2846160;02/07/2026 08:42;15380;009;43260707473735002800550090000153801006028411;
23221329;03/07/2026 08:41;TRANSPORTES GRITSCH;90.739.624/0023-23;07.473.735/0028-00;SIM REDE - VALE REAL 0028-00 - METROPOLITANA / SERRA;UBF1G87;23267;13,000;ABASTECIMENTO;Arla 32;40,82;R$ 3,14;R$ 3,140;2846160;03/07/2026 08:42;15437;009;43260707473735002800550090000154371006033762;
;;;;;;;;;;;TOTAL POSTO: 613,14;;;;;;;;

857 - DP POUSO ALEGRE P.A RODOVIA - REDE DOM PEDRO | MGSUL-RODOVIA
Transacao;Data;Cliente;CNPJ Cliente;CNPJ Posto;Estabelecimento;Placa;Hodometro/Horimetro;Litragem;Servico;Combustivel;Valor Total;Preco Litro;Preco Negociado;Lote;Data vinculacao;NF-e;Serie;Chave NF-e;Observacao
23178179;02/07/2026 09:30;TRANSPORTES GRITSCH;90.739.624/0001-18;20.415.295/0013-08;DP POUSO ALEGRE P.A RODOVIA - REDE DOM PEDRO | MGSUL-RODOVIA;UCB6D90;10046;105,201;ABASTECIMENTO;Diesel S10;724,83;R$ 6,89;R$ 6,890;2846160;06/07/2026 09:53;132618;003;31260720415295001308550030001326181029368235;
23178516;02/07/2026 09:32;TRANSPORTES GRITSCH;90.739.624/0001-18;20.415.295/0013-08;DP POUSO ALEGRE P.A RODOVIA - REDE DOM PEDRO | MGSUL-RODOVIA;UCB6D90;10046;19,731;ABASTECIMENTO;Arla 32;62,94;R$ 3,19;R$ 3,190;2846160;06/07/2026 09:53;132619;003;31260720415295001308550030001326191029368267;
;;;;;;;;;;;TOTAL POSTO: 787,77;;;;;;;;

4394 - REDE DINO - POSTO FLOR DA SERRA
Transacao;Data;Cliente;CNPJ Cliente;CNPJ Posto;Estabelecimento;Placa;Hodometro/Horimetro;Litragem;Servico;Combustivel;Valor Total;Preco Litro;Preco Negociado;Lote;Data vinculacao;NF-e;Serie;Chave NF-e;Observacao
23180382;02/07/2026 09:50;TRANSPORTES GRITSCH;90.739.624/0018-66;08.603.562/0012-94;REDE DINO - POSTO FLOR DA SERRA;RHZ7G20;227858;28,030;ABASTECIMENTO;Alcool Comum;108,20;R$ 3,86;R$ 3,860;2846160;02/07/2026 10:06;38252;005;51260708603562001294550050000382521011668880;
;;;;;;;;;;;TOTAL POSTO: 108,20;;;;;;;;

1307 - SIM REDE - CAXIAS DO SUL 0123-50 - METROPOLITANA / SERRA
Transacao;Data;Cliente;CNPJ Cliente;CNPJ Posto;Estabelecimento;Placa;Hodometro/Horimetro;Litragem;Servico;Combustivel;Valor Total;Preco Litro;Preco Negociado;Lote;Data vinculacao;NF-e;Serie;Chave NF-e;Observacao
23180487;02/07/2026 09:51;TRANSPORTES GRITSCH;90.739.624/0023-23;07.473.735/0123-50;SIM REDE - CAXIAS DO SUL 0123-50 - METROPOLITANA / SERRA;UBD6I31;16644;57,490;ABASTECIMENTO;Diesel S10;348,96;R$ 6,07;R$ 6,170;2846160;22/07/2026 09:59;4313;008;43260707473735012350550080000043131005002322;
;;;;;;;;;;;TOTAL POSTO: 348,96;;;;;;;;

94 - POSTO PRATAO MIRANORTE - REDE PRATAO
Transacao;Data;Cliente;CNPJ Cliente;CNPJ Posto;Estabelecimento;Placa;Hodometro/Horimetro;Litragem;Servico;Combustivel;Valor Total;Preco Litro;Preco Negociado;Lote;Data vinculacao;NF-e;Serie;Chave NF-e;Observacao
23180835;02/07/2026 09:55;TRANSPORTES GRITSCH;90.739.624/0001-18;16.823.762/0001-28;POSTO PRATAO MIRANORTE - REDE PRATAO;SFA8J72;127953;9,820;ABASTECIMENTO;Gasolina Comum;69,62;R$ 7,09;R$ 7,090;2846160;06/07/2026 17:03;684437;004;17260716823762000128550040006844371973133760;
23191762;02/07/2026 15:46;TRANSPORTES GRITSCH;90.739.624/0001-18;16.823.762/0001-28;POSTO PRATAO MIRANORTE - REDE PRATAO;SFA8J72;128264;23,360;ABASTECIMENTO;Gasolina Comum;165,62;R$ 7,09;R$ 7,090;2846160;06/07/2026 17:03;684563;004;17260716823762000128550040006845631039489459;
;;;;;;;;;;;TOTAL POSTO: 235,24;;;;;;;;

1196 - SIM REDE - SANTA VITORIA DO PALMAR CENTRO 0124-30 - FRONTEIRA
Transacao;Data;Cliente;CNPJ Cliente;CNPJ Posto;Estabelecimento;Placa;Hodometro/Horimetro;Litragem;Servico;Combustivel;Valor Total;Preco Litro;Preco Negociado;Lote;Data vinculacao;NF-e;Serie;Chave NF-e;Observacao
23181534;02/07/2026 10:26;TRANSPORTES GRITSCH;90.739.624/0023-23;07.473.735/0124-30;SIM REDE - SANTA VITORIA DO PALMAR CENTRO 0124-30 - FRONTEIRA;UBN9E24;15740;47,126;ABASTECIMENTO;Diesel S10;286,05;R$ 6,07;R$ 6,170;2846160;22/07/2026 10:13;35585;008;43260707473735012430550080000355851011459165;
;;;;;;;;;;;TOTAL POSTO: 286,05;;;;;;;;

6096 - POSTO CINQUENTAO – QUIRINOPOLIS
Transacao;Data;Cliente;CNPJ Cliente;CNPJ Posto;Estabelecimento;Placa;Hodometro/Horimetro;Litragem;Servico;Combustivel;Valor Total;Preco Litro;Preco Negociado;Lote;Data vinculacao;NF-e;Serie;Chave NF-e;Observacao
23182469;02/07/2026 11:05;TRANSPORTES GRITSCH;90.739.624/0019-47;04.224.679/0013-97;POSTO CINQUENTAO – QUIRINOPOLIS;SFD2H38;101565;33,606;ABASTECIMENTO;Gasolina Comum;241,63;R$ 7,19;R$ 7,190;2846160;06/07/2026 13:26;10197;001;52260704224679001397550010000101971115879040;
;;;;;;;;;;;TOTAL POSTO: 241,63;;;;;;;;

14939 - SIM REDE DE POSTOS - 0221-50
Transacao;Data;Cliente;CNPJ Cliente;CNPJ Posto;Estabelecimento;Placa;Hodometro/Horimetro;Litragem;Servico;Combustivel;Valor Total;Preco Litro;Preco Negociado;Lote;Data vinculacao;NF-e;Serie;Chave NF-e;Observacao
23183883;02/07/2026 12:06;TRANSPORTES GRITSCH;90.739.624/0023-23;07.473.735/0221-50;SIM REDE DE POSTOS - 0221-50;BEP9C20;93620;66,661;ABASTECIMENTO;Diesel S10;404,63;R$ 6,07;R$ 6,170;2846160;02/07/2026 12:06;3649;008;43260707473735022150550080000036491010495124;
;;;;;;;;;;;TOTAL POSTO: 404,63;;;;;;;;

3228 - POSTO 6 RIANAPOLIS | REDE CARRETEIRO
Transacao;Data;Cliente;CNPJ Cliente;CNPJ Posto;Estabelecimento;Placa;Hodometro/Horimetro;Litragem;Servico;Combustivel;Valor Total;Preco Litro;Preco Negociado;Lote;Data vinculacao;NF-e;Serie;Chave NF-e;Observacao
23186659;02/07/2026 13:01;TRANSPORTES GRITSCH;90.739.624/0019-47;01.272.434/0006-18;POSTO 6 RIANAPOLIS | REDE CARRETEIRO;RHV8B69;345300;15,000;ABASTECIMENTO;Gasolina Comum;98,85;R$ 6,59;R$ 6,590;2846160;02/07/2026 13:05;88003;003;52260701272434000618550030000880031356428289;
;;;;;;;;;;;TOTAL POSTO: 98,85;;;;;;;;

25217 - AUTO POSTO GOIAS
Transacao;Data;Cliente;CNPJ Cliente;CNPJ Posto;Estabelecimento;Placa;Hodometro/Horimetro;Litragem;Servico;Combustivel;Valor Total;Preco Litro;Preco Negociado;Lote;Data vinculacao;NF-e;Serie;Chave NF-e;Observacao
23189007;02/07/2026 13:41;TRANSPORTES GRITSCH;90.739.624/0001-18;38.132.296/0001-77;AUTO POSTO GOIAS;SDR8E58;145199;39,610;ABASTECIMENTO;Gasolina Comum;303,02;R$ 7,65;R$ 7,650;2846160;02/07/2026 16:24;6005;002;17260738132296000177550020000060051021343425;
;;;;;;;;;;;TOTAL POSTO: 303,02;;;;;;;;

62 - AUTO POSTO MANIA
Transacao;Data;Cliente;CNPJ Cliente;CNPJ Posto;Estabelecimento;Placa;Hodometro/Horimetro;Litragem;Servico;Combustivel;Valor Total;Preco Litro;Preco Negociado;Lote;Data vinculacao;NF-e;Serie;Chave NF-e;Observacao
23189505;02/07/2026 14:02;TRANSPORTES GRITSCH;90.739.624/0019-47;09.427.958/0001-38;AUTO POSTO MANIA;SFD2H34;177733;52,205;ABASTECIMENTO;Gasolina Comum;364,91;R$ 6,99;-;2846160;03/07/2026 11:15;96569;001;52260709427958000138550010000965691486257051;
;;;;;;;;;;;TOTAL POSTO: 364,91;;;;;;;;

26663 - SIM REDE - BOM JESUS - 0229-08
Transacao;Data;Cliente;CNPJ Cliente;CNPJ Posto;Estabelecimento;Placa;Hodometro/Horimetro;Litragem;Servico;Combustivel;Valor Total;Preco Litro;Preco Negociado;Lote;Data vinculacao;NF-e;Serie;Chave NF-e;Observacao
23189770;02/07/2026 14:19;TRANSPORTES GRITSCH;90.739.624/0023-23;07.473.735/0229-08;SIM REDE - BOM JESUS - 0229-08;SFK0F56;79034;28,240;ABASTECIMENTO;Gasolina Comum;184,40;R$ 6,53;-;2846160;02/07/2026 14:20;6382;005;43260707473735022908550050000063821002401544;
;;;;;;;;;;;TOTAL POSTO: 184,40;;;;;;;;

584 - POSTO BOLA SETE
Transacao;Data;Cliente;CNPJ Cliente;CNPJ Posto;Estabelecimento;Placa;Hodometro/Horimetro;Litragem;Servico;Combustivel;Valor Total;Preco Litro;Preco Negociado;Lote;Data vinculacao;NF-e;Serie;Chave NF-e;Observacao
23190048;02/07/2026 14:33;TRANSPORTES GRITSCH;90.739.624/0018-66;15.361.488/0001-50;POSTO BOLA SETE;SEC5E64;170611;38,006;ABASTECIMENTO;Alcool Comum;135,68;R$ 3,57;-;2846160;07/07/2026 10:46;66567;002;51260715361488000150550020000665671596247922;
;;;;;;;;;;;TOTAL POSTO: 135,68;;;;;;;;

1297 - SIM REDE - POA SERTORIO 0163-47 - METROPOLITANA / SERRA
Transacao;Data;Cliente;CNPJ Cliente;CNPJ Posto;Estabelecimento;Placa;Hodometro/Horimetro;Litragem;Servico;Combustivel;Valor Total;Preco Litro;Preco Negociado;Lote;Data vinculacao;NF-e;Serie;Chave NF-e;Observacao
23191033;02/07/2026 15:17;TRANSPORTES GRITSCH;90.739.624/0023-23;07.473.735/0163-47;SIM REDE - POA SERTORIO 0163-47 - METROPOLITANA / SERRA;SEP6E19;99469;45,900;ABASTECIMENTO;Gasolina Comum;284,12;R$ 6,19;-;2846160;02/07/2026 15:18;15081;008;43260707473735016347550080000150811007508675;
;;;;;;;;;;;TOTAL POSTO: 284,12;;;;;;;;

1185 - SIM REDE - TORRES 0062-01 - SC SUL
Transacao;Data;Cliente;CNPJ Cliente;CNPJ Posto;Estabelecimento;Placa;Hodometro/Horimetro;Litragem;Servico;Combustivel;Valor Total;Preco Litro;Preco Negociado;Lote;Data vinculacao;NF-e;Serie;Chave NF-e;Observacao
23191401;02/07/2026 15:30;TRANSPORTES GRITSCH;90.739.624/0023-23;07.473.735/0062-01;SIM REDE - TORRES 0062-01 - SC SUL;TAS4H12;164794;38,160;ABASTECIMENTO;Diesel S10;231,63;R$ 6,07;R$ 6,170;2846160;04/08/2026 17:30;11019;008;43260707473735006201550080000110191026146197;
;;;;;;;;;;;TOTAL POSTO: 231,63;;;;;;;;

14851 - SIM REDE DE POSTOS - 0219-36 - METROPOLITANA / SERRA
Transacao;Data;Cliente;CNPJ Cliente;CNPJ Posto;Estabelecimento;Placa;Hodometro/Horimetro;Litragem;Servico;Combustivel;Valor Total;Preco Litro;Preco Negociado;Lote;Data vinculacao;NF-e;Serie;Chave NF-e;Observacao
23194518;02/07/2026 17:14;TRANSPORTES GRITSCH;90.739.624/0023-23;07.473.735/0219-36;SIM REDE DE POSTOS - 0219-36 - METROPOLITANA / SERRA;SFM3H49;35077;56,260;ABASTECIMENTO;Diesel S10;341,49;R$ 6,07;R$ 6,070;2846160;02/07/2026 17:15;5025;008;43260707473735021936550080000050251005393948;
;;;;;;;;;;;TOTAL POSTO: 341,49;;;;;;;;

596 - POSTO MALHADAL
Transacao;Data;Cliente;CNPJ Cliente;CNPJ Posto;Estabelecimento;Placa;Hodometro/Horimetro;Litragem;Servico;Combustivel;Valor Total;Preco Litro;Preco Negociado;Lote;Data vinculacao;NF-e;Serie;Chave NF-e;Observacao
23200437;02/07/2026 19:40;TRANSPORTES GRITSCH;90.739.624/0003-80;30.479.450/0001-70;POSTO MALHADAL;BDE6J88;298453;122,230;ABASTECIMENTO;Diesel S10;854,39;R$ 6,99;R$ 6,990;2846160;06/07/2026 09:20;19912;003;35260730479450000170550030000199121060913356;
23336472;26/06/2026 21:09;TRANSPORTES GRITSCH;90.739.624/0003-80;30.479.450/0001-70;POSTO MALHADAL;BDE6J88;297623;10,280;ABASTECIMENTO;Arla 32;30,73;R$ 2,99;-;2846160;06/07/2026 09:09;19834;003;35260630479450000170550030000198341302024211;
;;;;;;;;;;;TOTAL POSTO: 885,12;;;;;;;;

248 - REDE MARAJO - MARAJO GRANDE GOIANIA HIDROLANDIA
Transacao;Data;Cliente;CNPJ Cliente;CNPJ Posto;Estabelecimento;Placa;Hodometro/Horimetro;Litragem;Servico;Combustivel;Valor Total;Preco Litro;Preco Negociado;Lote;Data vinculacao;NF-e;Serie;Chave NF-e;Observacao
23205725;02/07/2026 21:40;TRANSPORTES GRITSCH;90.739.624/0019-47;20.940.512/0001-45;REDE MARAJO - MARAJO GRANDE GOIANIA HIDROLANDIA;SFD5C36;315951;15,640;ABASTECIMENTO;Arla 32;65,53;R$ 4,19;-;2846160;02/07/2026 22:00;323869;054;52260720940512000145550540003238691796228916;
;;;;;;;;;;;TOTAL POSTO: 65,53;;;;;;;;

960 - POSTOS PAULO PELANDA | ALPINO IV
Transacao;Data;Cliente;CNPJ Cliente;CNPJ Posto;Estabelecimento;Placa;Hodometro/Horimetro;Litragem;Servico;Combustivel;Valor Total;Preco Litro;Preco Negociado;Lote;Data vinculacao;NF-e;Serie;Chave NF-e;Observacao
23213750;03/07/2026 03:55;TRANSPORTES GRITSCH;09.576.274/0001-06;78.901.915/0006-70;POSTOS PAULO PELANDA | ALPINO IV;TAV9E96;120916;50,000;ABASTECIMENTO;Diesel S10;310,50;R$ 6,21;R$ 6,330;2846160;03/07/2026 04:01;220585;054;41260778901915000670550540002205851004037540;
;;;;;;;;;;;TOTAL POSTO: 310,50;;;;;;;;

550 - AUTO POSTO JP
Transacao;Data;Cliente;CNPJ Cliente;CNPJ Posto;Estabelecimento;Placa;Hodometro/Horimetro;Litragem;Servico;Combustivel;Valor Total;Preco Litro;Preco Negociado;Lote;Data vinculacao;NF-e;Serie;Chave NF-e;Observacao
23220714;03/07/2026 08:20;TRANSPORTES GRITSCH;90.739.624/0018-66;08.399.617/0003-03;AUTO POSTO JP;RHZ7G20;228365;22,000;ABASTECIMENTO;Alcool Comum;87,78;R$ 3,99;R$ 3,990;2846160;03/07/2026 09:36;107910;013;51260708399617000303550130001079101916713479;
;;;;;;;;;;;TOTAL POSTO: 87,78;;;;;;;;

562 - POSTO MASUT TREVAO
Transacao;Data;Cliente;CNPJ Cliente;CNPJ Posto;Estabelecimento;Placa;Hodometro/Horimetro;Litragem;Servico;Combustivel;Valor Total;Preco Litro;Preco Negociado;Lote;Data vinculacao;NF-e;Serie;Chave NF-e;Observacao
23225368;03/07/2026 09:57;TRANSPORTES GRITSCH;90.739.624/0018-66;09.663.620/0001-85;POSTO MASUT TREVAO;SDR4D99;83330;23,419;ABASTECIMENTO;Alcool Comum;83,14;R$ 3,55;R$ 3,550;2846160;07/07/2026 09:22;91434;007;51260709663620000185550070000914341506478073;
;;;;;;;;;;;TOTAL POSTO: 83,14;;;;;;;;

3256 - POSTO COLORADO 68 | REDE SAO LEOPOLDO
Transacao;Data;Cliente;CNPJ Cliente;CNPJ Posto;Estabelecimento;Placa;Hodometro/Horimetro;Litragem;Servico;Combustivel;Valor Total;Preco Litro;Preco Negociado;Lote;Data vinculacao;NF-e;Serie;Chave NF-e;Observacao
23226510;03/07/2026 10:13;TRANSPORTES GRITSCH;90.739.624/0003-80;45.587.003/0001-01;POSTO COLORADO 68 | REDE SAO LEOPOLDO;UCC8A40;820;125,480;ABASTECIMENTO;Diesel S10;852,01;R$ 6,79;R$ 6,790;2846160;03/07/2026 10:25;311710;001;35260745587003000101550010003117101004565019;
;;;;;;;;;;;TOTAL POSTO: 852,01;;;;;;;;

1110 - REDE MONTE CARLO - POSTO MONTE CARLO CEDRAL
Transacao;Data;Cliente;CNPJ Cliente;CNPJ Posto;Estabelecimento;Placa;Hodometro/Horimetro;Litragem;Servico;Combustivel;Valor Total;Preco Litro;Preco Negociado;Lote;Data vinculacao;NF-e;Serie;Chave NF-e;Observacao
23227496;03/07/2026 10:51;TRANSPORTES GRITSCH;90.739.624/0003-80;72.934.722/0001-24;REDE MONTE CARLO - POSTO MONTE CARLO CEDRAL;RHS3G81;64519;94,860;ABASTECIMENTO;Diesel S10;682,04;R$ 7,19;R$ 7,190;2846160;06/07/2026 10:52;4847;008;35260772934722000124550080000048471511861182;
;;;;;;;;;;;TOTAL POSTO: 682,04;;;;;;;;

7549 - SIM REDE DE POSTOS - VACARIA 0207-00 - METROPOLITANA / SERRA
Transacao;Data;Cliente;CNPJ Cliente;CNPJ Posto;Estabelecimento;Placa;Hodometro/Horimetro;Litragem;Servico;Combustivel;Valor Total;Preco Litro;Preco Negociado;Lote;Data vinculacao;NF-e;Serie;Chave NF-e;Observacao
23229239;03/07/2026 12:17;TRANSPORTES GRITSCH;90.739.624/0023-23;07.473.735/0207-00;SIM REDE DE POSTOS - VACARIA 0207-00 - METROPOLITANA / SERRA;SFK0F56;79466;34,691;ABASTECIMENTO;Gasolina Comum;221,67;R$ 6,39;-;2846160;03/07/2026 12:18;38002;008;43260707473735020700550080000380021012630139;
;;;;;;;;;;;TOTAL POSTO: 221,67;;;;;;;;

1216 - SIM REDE - CAMAQUA PARADOURO 0071-94 - CENTRO RS
Transacao;Data;Cliente;CNPJ Cliente;CNPJ Posto;Estabelecimento;Placa;Hodometro/Horimetro;Litragem;Servico;Combustivel;Valor Total;Preco Litro;Preco Negociado;Lote;Data vinculacao;NF-e;Serie;Chave NF-e;Observacao
23229610;03/07/2026 12:32;TRANSPORTES GRITSCH;90.739.624/0023-23;07.473.735/0071-94;SIM REDE - CAMAQUA PARADOURO 0071-94 - CENTRO RS;BEX8E19;172500;67,440;ABASTECIMENTO;Diesel S10;409,36;R$ 6,07;R$ 6,070;2846160;03/07/2026 12:32;162099;008;43260707473735007194550080001620991038875150;
;;;;;;;;;;;TOTAL POSTO: 409,36;;;;;;;;

26391 - POSTO Z + Z STELLA MARIS - REDE Z+Z - URBANO
Transacao;Data;Cliente;CNPJ Cliente;CNPJ Posto;Estabelecimento;Placa;Hodometro/Horimetro;Litragem;Servico;Combustivel;Valor Total;Preco Litro;Preco Negociado;Lote;Data vinculacao;NF-e;Serie;Chave NF-e;Observacao
23233980;03/07/2026 13:32;TRANSPORTES GRITSCH;90.739.624/0020-80;26.814.629/0001-69;POSTO Z + Z STELLA MARIS - REDE Z+Z - URBANO;BEX5C16;135604;39,417;ABASTECIMENTO;Gasolina Comum;267,64;R$ 6,79;-;2846160;03/07/2026 13:32;11284;003;29260726814629000169550030000112841009842300;
;;;;;;;;;;;TOTAL POSTO: 267,64;;;;;;;;

179 - POSTO SORRISAO
Transacao;Data;Cliente;CNPJ Cliente;CNPJ Posto;Estabelecimento;Placa;Hodometro/Horimetro;Litragem;Servico;Combustivel;Valor Total;Preco Litro;Preco Negociado;Lote;Data vinculacao;NF-e;Serie;Chave NF-e;Observacao
23236961;03/07/2026 15:54;TRANSPORTES GRITSCH;90.739.624/0018-66;37.457.686/0001-54;POSTO SORRISAO;SFE4B63;116009;45,700;ABASTECIMENTO;Alcool Comum;217,08;R$ 4,75;R$ 4,750;2846160;03/07/2026 16:03;757845;001;51260737457686000154550010007578451413471431;
;;;;;;;;;;;TOTAL POSTO: 217,08;;;;;;;;

8918 - SIM REDE DE POSTOS – TERRA DE AREIA 0214-21 - SC SUL
Transacao;Data;Cliente;CNPJ Cliente;CNPJ Posto;Estabelecimento;Placa;Hodometro/Horimetro;Litragem;Servico;Combustivel;Valor Total;Preco Litro;Preco Negociado;Lote;Data vinculacao;NF-e;Serie;Chave NF-e;Observacao
23238059;03/07/2026 16:33;TRANSPORTES GRITSCH;90.739.624/0023-23;07.473.735/0214-21;SIM REDE DE POSTOS – TERRA DE AREIA 0214-21 - SC SUL;TAS4H12;165270;33,590;ABASTECIMENTO;Diesel S10;203,89;R$ 6,07;R$ 6,070;2846160;03/07/2026 16:33;8390;008;43260707473735021421550080000083901008661093;
;;;;;;;;;;;TOTAL POSTO: 203,89;;;;;;;;

269 - AUTO POSTO INDIARA
Transacao;Data;Cliente;CNPJ Cliente;CNPJ Posto;Estabelecimento;Placa;Hodometro/Horimetro;Litragem;Servico;Combustivel;Valor Total;Preco Litro;Preco Negociado;Lote;Data vinculacao;NF-e;Serie;Chave NF-e;Observacao
23238117;03/07/2026 16:34;TRANSPORTES GRITSCH;90.739.624/0019-47;01.756.915/0001-94;AUTO POSTO INDIARA;SEP6E26;101869;32,270;ABASTECIMENTO;Gasolina Comum;219,11;R$ 6,79;-;2846160;08/07/2026 09:11;4217;002;52260701756915000194550020000042171000091463;
;;;;;;;;;;;TOTAL POSTO: 219,11;;;;;;;;

13322 - SIM REDE – BOM PRINCIPIO 0220-70 - METROPOLITANA / SERRA
Transacao;Data;Cliente;CNPJ Cliente;CNPJ Posto;Estabelecimento;Placa;Hodometro/Horimetro;Litragem;Servico;Combustivel;Valor Total;Preco Litro;Preco Negociado;Lote;Data vinculacao;NF-e;Serie;Chave NF-e;Observacao
23240395;03/07/2026 17:25;TRANSPORTES GRITSCH;90.739.624/0023-23;07.473.735/0220-70;SIM REDE – BOM PRINCIPIO 0220-70 - METROPOLITANA / SERRA;UBF1G84;17404;95,021;ABASTECIMENTO;Diesel S10;576,77;R$ 6,07;R$ 6,070;2846160;03/07/2026 17:26;3691;005;43260707473735022070550050000036911006747690;
;;;;;;;;;;;TOTAL POSTO: 576,77;;;;;;;;

17719 - MARAVILHA - FILIAL 61 - REDE TRADICAO
Transacao;Data;Cliente;CNPJ Cliente;CNPJ Posto;Estabelecimento;Placa;Hodometro/Horimetro;Litragem;Servico;Combustivel;Valor Total;Preco Litro;Preco Negociado;Lote;Data vinculacao;NF-e;Serie;Chave NF-e;Observacao
23240541;03/07/2026 17:28;TRANSPORTES GRITSCH;90.739.624/0014-32;37.435.735/0026-06;MARAVILHA - FILIAL 61 - REDE TRADICAO;TAP2C38;127375;61,280;ABASTECIMENTO;Diesel S10;422,27;R$ 6,89;R$ 7,390;2846160;07/07/2026 13:11;895;162;42260737435735002606551620000008951128473238;
;;;;;;;;;;;TOTAL POSTO: 422,27;;;;;;;;

769 - BUFFON 23 FRONTEIRA
Transacao;Data;Cliente;CNPJ Cliente;CNPJ Posto;Estabelecimento;Placa;Hodometro/Horimetro;Litragem;Servico;Combustivel;Valor Total;Preco Litro;Preco Negociado;Lote;Data vinculacao;NF-e;Serie;Chave NF-e;Observacao
23243090;03/07/2026 17:50;TRANSPORTES GRITSCH;90.739.624/0023-23;93.489.243/0023-21;BUFFON 23 FRONTEIRA;UBR9A92;3009;51,190;ABASTECIMENTO;Diesel S10;347,58;R$ 6,79;R$ 6,170;2846160;03/07/2026 19:16;8152;004;43260793489243002321550040000081521331801554;
;;;;;;;;;;;TOTAL POSTO: 347,58;;;;;;;;

24081 - POSTO HAPPY 77 - REDE 77
Transacao;Data;Cliente;CNPJ Cliente;CNPJ Posto;Estabelecimento;Placa;Hodometro/Horimetro;Litragem;Servico;Combustivel;Valor Total;Preco Litro;Preco Negociado;Lote;Data vinculacao;NF-e;Serie;Chave NF-e;Observacao
23243749;03/07/2026 18:11;TRANSPORTES GRITSCH;90.739.624/0018-66;41.779.350/0001-85;POSTO HAPPY 77 - REDE 77;TAJ6B89;151112;35,273;ABASTECIMENTO;Alcool Comum;149,91;R$ 4,25;R$ 4,250;2846160;13/07/2026 16:26;92241;023;51260741779350000185550230000922411783537493;
;;;;;;;;;;;TOTAL POSTO: 149,91;;;;;;;;

26758 - SIM REDE - 0246-09 - ANCHIETA
Transacao;Data;Cliente;CNPJ Cliente;CNPJ Posto;Estabelecimento;Placa;Hodometro/Horimetro;Litragem;Servico;Combustivel;Valor Total;Preco Litro;Preco Negociado;Lote;Data vinculacao;NF-e;Serie;Chave NF-e;Observacao
23244210;03/07/2026 18:30;TRANSPORTES GRITSCH;90.739.624/0023-23;07.473.735/0246-09;SIM REDE - 0246-09 - ANCHIETA;SEP8G24;65786;94,410;ABASTECIMENTO;Diesel S10;573,06;R$ 6,07;-;2846160;22/07/2026 11:49;2656;005;43260707473735024609550050000026561003980476;
;;;;;;;;;;;TOTAL POSTO: 573,06;;;;;;;;


TOTAL GERAL
;;;;;;;;;;;TOTAL GERAL: 462527,58;;;;;;;;
